,,,,,jersey_number,pos,age,min,Performance,Performance,Performance,Performance,Performance,Performance,Performance,Performance,Performance,Performance,Performance,Performance,Performance,Performance,Performance,Performance,Performance,game_id
,,,,,,,,,Gls,Ast,PK,PKatt,Sh,SoT,CrdY,CrdR,Fls,Fld,Off,Crs,TklW,Int,OG,PKwon,PKcon,
league,season,game,team,player,,,,,,,,,,,,,,,,,,,,,,
INT-World Cup,2026,2026-06-11 Korea Republic-Czechia,Czechia,Adam Hložek,9,"FW,MF",23-321,27,0,0,0,0,2,1,0,0,0,1,0,0,0,0,0,,,beebb792
INT-World Cup,2026,2026-06-11 Korea Republic-Czechia,Czechia,Alexandr Sojka,24,CM,23-070,83,0,0,0,0,0,0,0,0,0,1,0,1,1,2,0,,,beebb792
INT-World Cup,2026,2026-06-11 Korea Republic-Czechia,Czechia,Jaroslav Zelený,20,LM,33-295,90,0,0,0,0,0,0,0,0,0,1,0,3,0,0,0,,,beebb792
INT-World Cup,2026,2026-06-11 Korea Republic-Czechia,Czechia,Ladislav Krejčí,7,CB,27-052,90,1,0,0,0,1,1,0,0,3,1,0,1,2,0,0,,,beebb792
INT-World Cup,2026,2026-06-11 Korea Republic-Czechia,Czechia,Lukáš Provod,17,FW,29-231,63,0,0,0,0,0,0,0,0,1,1,1,1,2,1,0,,,beebb792
INT-World Cup,2026,2026-06-11 Korea Republic-Czechia,Czechia,Matej Kovar,1,GK,26-025,90,0,0,0,0,0,0,0,0,0,0,0,0,0,0,0,,,beebb792
INT-World Cup,2026,2026-06-11 Korea Republic-Czechia,Czechia,Michal Sadílek,18,"DF,FW",27-011,27,0,0,0,0,2,2,0,0,0,0,0,2,0,0,0,,,beebb792
INT-World Cup,2026,2026-06-11 Korea Republic-Czechia,Czechia,Mojmír Chytil,13,FW,27-043,7,0,0,0,0,0,0,0,0,1,0,0,0,0,0,0,,,beebb792
INT-World Cup,2026,2026-06-11 Korea Republic-Czechia,Czechia,Patrik Schick,10,FW,30-138,63,0,0,0,0,0,0,0,0,0,1,0,0,0,0,0,,,beebb792
INT-World Cup,2026,2026-06-11 Korea Republic-Czechia,Czechia,Pavel Šulc,15,FW,25-164,63,0,0,0,0,1,0,0,0,1,1,0,0,2,0,0,,,beebb792
INT-World Cup,2026,2026-06-11 Korea Republic-Czechia,Czechia,Robin Hranáč,4,CB,26-133,90,0,0,0,0,0,0,0,0,3,0,0,0,0,0,0,,,beebb792
INT-World Cup,2026,2026-06-11 Korea Republic-Czechia,Czechia,Tomáš Chorý,19,FW,31-136,27,0,0,0,0,0,0,0,0,2,1,0,0,0,0,0,,,beebb792
INT-World Cup,2026,2026-06-11 Korea Republic-Czechia,Czechia,Tomáš Souček,22,CM,31-104,90,0,0,0,0,1,0,0,0,1,0,1,1,0,1,0,,,beebb792
INT-World Cup,2026,2026-06-11 Korea Republic-Czechia,Czechia,Vladimír Coufal,5,RM,33-293,90,0,1,0,0,0,0,0,0,3,1,0,6,0,1,0,,,beebb792
INT-World Cup,2026,2026-06-11 Korea Republic-Czechia,Czechia,Štěpán Chaloupek,6,CB,23-095,90,0,0,0,0,0,0,0,0,1,0,0,0,0,2,0,,,beebb792
INT-World Cup,2026,2026-06-11 Korea Republic-Czechia,Korea Republic,Eom Ji-sung,25,MF,24-033,22,0,0,0,0,0,0,0,0,0,0,0,1,2,0,0,,,beebb792
INT-World Cup,2026,2026-06-11 Korea Republic-Czechia,Korea Republic,Hwang Hee-chan,11,"FW,MF",30-136,29,0,0,0,0,0,0,0,0,0,1,0,0,0,0,0,,,beebb792
INT-World Cup,2026,2026-06-11 Korea Republic-Czechia,Korea Republic,Hwang In-beom,6,CM,29-264,83,1,1,0,0,3,2,0,0,0,0,0,0,0,2,0,,,beebb792
INT-World Cup,2026,2026-06-11 Korea Republic-Czechia,Korea Republic,Kim Jin-gyu,24,MF,29-107,7,0,0,0,0,1,0,0,0,0,1,0,0,0,0,0,,,beebb792
INT-World Cup,2026,2026-06-11 Korea Republic-Czechia,Korea Republic,Kim Min-jae,4,CB,29-208,90,0,0,0,0,0,0,0,0,2,1,0,0,0,2,0,,,beebb792
INT-World Cup,2026,2026-06-11 Korea Republic-Czechia,Korea Republic,Kim Seung-gyu,1,GK,35-254,90,0,0,0,0,0,0,0,0,0,0,0,0,0,0,0,,,beebb792
INT-World Cup,2026,2026-06-11 Korea Republic-Czechia,Korea Republic,Lee Gi-hyuk,3,CB,25-339,90,0,0,0,0,0,0,1,0,1,1,0,0,0,3,0,,,beebb792
INT-World Cup,2026,2026-06-11 Korea Republic-Czechia,Korea Republic,Lee Han-beom,2,CB,23-359,90,0,0,0,0,1,0,0,0,3,0,0,0,1,1,0,,,beebb792
INT-World Cup,2026,2026-06-11 Korea Republic-Czechia,Korea Republic,Lee Jae-sung,10,FW,33-305,61,0,0,0,0,2,1,0,0,1,2,0,0,0,2,0,,,beebb792
INT-World Cup,2026,2026-06-11 Korea Republic-Czechia,Korea Republic,Lee Kang-in,19,FW,25-112,90,0,1,0,0,1,1,0,0,0,4,0,3,0,0,0,,,beebb792
INT-World Cup,2026,2026-06-11 Korea Republic-Czechia,Korea Republic,Lee Tae-seok,13,LM,23-318,68,0,0,0,0,0,0,0,0,1,1,0,3,1,0,0,,,beebb792
INT-World Cup,2026,2026-06-11 Korea Republic-Czechia,Korea Republic,Oh Hyeon-gyu,18,FW,25-060,22,1,0,0,0,1,1,0,0,0,1,0,0,0,0,0,,,beebb792
INT-World Cup,2026,2026-06-11 Korea Republic-Czechia,Korea Republic,Paik Seung-ho,8,CM,29-086,83,0,0,0,0,0,0,0,0,0,2,0,0,0,0,0,,,beebb792
INT-World Cup,2026,2026-06-11 Korea Republic-Czechia,Korea Republic,Park Jinseob,16,"DF,MF",30-231,7,0,0,0,0,0,0,0,0,0,0,0,0,0,0,0,,,beebb792
INT-World Cup,2026,2026-06-11 Korea Republic-Czechia,Korea Republic,Seol Young-woo,22,RM,27-188,90,0,0,0,0,0,0,0,0,1,0,1,3,0,1,0,,,beebb792
INT-World Cup,2026,2026-06-11 Korea Republic-Czechia,Korea Republic,Son Heung-min,7,FW,33-338,68,0,0,0,0,6,1,0,0,0,2,1,2,0,0,0,,,beebb792
INT-World Cup,2026,2026-06-11 Mexico-South Africa,Mexico,Alexis Vega,10,"FW,MF",28-198,12,0,0,0,0,0,0,0,0,0,0,0,1,0,0,0,,,3c1e3816
INT-World Cup,2026,2026-06-11 Mexico-South Africa,Mexico,Armando González,14,FW,23-052,15,0,0,0,0,0,0,0,0,1,0,0,0,0,0,0,,,3c1e3816
INT-World Cup,2026,2026-06-11 Mexico-South Africa,Mexico,Brian Gutiérrez,26,AM,22-359,65,0,0,0,0,4,0,1,0,2,1,0,2,0,0,0,,,3c1e3816
INT-World Cup,2026,2026-06-11 Mexico-South Africa,Mexico,César Montes,3,CB,29-107,89,0,0,0,0,0,0,0,1,2,1,0,1,0,1,0,,,3c1e3816
INT-World Cup,2026,2026-06-11 Mexico-South Africa,Mexico,Edson Álvarez,4,"DF,MF",28-230,15,0,0,0,0,0,0,0,0,0,1,0,0,1,0,0,,,3c1e3816
INT-World Cup,2026,2026-06-11 Mexico-South Africa,Mexico,Erik Lira,6,DM,26-034,75,0,1,0,0,0,0,0,0,0,2,0,0,2,1,0,,,3c1e3816
INT-World Cup,2026,2026-06-11 Mexico-South Africa,Mexico,Gilberto Mora,19,MF,17-240,25,0,0,0,0,0,0,0,0,1,0,0,0,0,1,0,,,3c1e3816
INT-World Cup,2026,2026-06-11 Mexico-South Africa,Mexico,Israel Reyes,15,RB,26-019,90,0,0,0,0,1,0,0,0,0,0,0,2,0,1,0,,,3c1e3816
INT-World Cup,2026,2026-06-11 Mexico-South Africa,Mexico,Jesús Gallardo,23,LB,31-300,90,0,0,0,0,2,0,0,0,1,0,0,0,0,3,0,,,3c1e3816
INT-World Cup,2026,2026-06-11 Mexico-South Africa,Mexico,Johan Vásquez,5,CB,27-232,90,0,0,0,0,0,0,0,0,0,0,0,0,0,1,0,,,3c1e3816
INT-World Cup,2026,2026-06-11 Mexico-South Africa,Mexico,Julián Quiñones,16,LW,29-079,78,1,0,0,0,5,2,0,0,1,2,0,1,0,0,0,,,3c1e3816
INT-World Cup,2026,2026-06-11 Mexico-South Africa,Mexico,Luis Chávez,24,MF,30-147,25,0,0,0,0,0,0,0,0,1,0,0,1,1,0,0,,,3c1e3816
INT-World Cup,2026,2026-06-11 Mexico-South Africa,Mexico,Raúl Jiménez,9,FW,35-037,75,1,0,0,0,4,2,0,0,1,0,1,0,1,0,0,,,3c1e3816
INT-World Cup,2026,2026-06-11 Mexico-South Africa,Mexico,Raúl Rangel,1,GK,26-106,90,0,0,0,0,0,0,0,0,0,0,0,0,0,0,0,,,3c1e3816
INT-World Cup,2026,2026-06-11 Mexico-South Africa,Mexico,Roberto Alvarado,25,RW,27-277,90,0,1,0,0,0,0,0,0,2,2,0,4,1,0,0,,,3c1e3816
INT-World Cup,2026,2026-06-11 Mexico-South Africa,Mexico,Álvaro Fidalgo,8,AM,29-063,65,0,0,0,0,0,0,0,0,0,2,0,0,0,0,0,,,3c1e3816
INT-World Cup,2026,2026-06-11 Mexico-South Africa,South Africa,Aubrey Modiba,6,LB,30-324,76,0,0,0,0,1,1,0,0,2,2,1,2,1,0,0,,,3c1e3816
INT-World Cup,2026,2026-06-11 Mexico-South Africa,South Africa,Evidence Makgopa,17,FW,26-006,15,0,0,0,0,0,0,0,0,0,0,0,0,0,0,0,,,3c1e3816
INT-World Cup,2026,2026-06-11 Mexico-South Africa,South Africa,Ime Okon,21,CB,22-111,90,0,0,0,0,0,0,0,0,0,0,0,0,1,0,0,,,3c1e3816
INT-World Cup,2026,2026-06-11 Mexico-South Africa,South Africa,Iqraam Rayners,15,FW,30-174,75,0,0,0,0,0,0,0,0,0,0,0,1,0,0,0,,,3c1e3816
INT-World Cup,2026,2026-06-11 Mexico-South Africa,South Africa,Jayden Adams,23,CM,25-037,60,0,0,0,0,0,0,0,0,0,0,0,0,0,0,0,,,3c1e3816
INT-World Cup,2026,2026-06-11 Mexico-South Africa,South Africa,Khuliso Mudau,20,RB,31-046,90,0,0,0,0,0,0,0,0,2,3,0,1,3,1,0,,,3c1e3816
INT-World Cup,2026,2026-06-11 Mexico-South Africa,South Africa,Lyle Foster,9,FW,25-281,55,0,0,0,0,1,0,0,0,0,1,0,0,0,0,0,,,3c1e3816
INT-World Cup,2026,2026-06-11 Mexico-South Africa,South Africa,Mbekezeli Mbokazi,14,CB,20-265,90,0,0,0,0,1,1,0,0,1,3,0,2,1,1,0,,,3c1e3816
INT-World Cup,2026,2026-06-11 Mexico-South Africa,South Africa,Nkosinathi Sibisi,19,CB,30-262,90,0,0,0,0,0,0,1,0,1,0,0,0,0,1,0,,,3c1e3816
INT-World Cup,2026,2026-06-11 Mexico-South Africa,South Africa,Oswin Appollis,7,MF,24-290,14,0,0,0,0,0,0,0,0,0,0,0,0,0,0,0,,,3c1e3816
INT-World Cup,2026,2026-06-11 Mexico-South Africa,South Africa,Ronwen Williams,1,GK,34-141,90,0,0,0,0,0,0,0,0,0,0,0,0,0,1,0,,,3c1e3816
INT-World Cup,2026,2026-06-11 Mexico-South Africa,South Africa,Sphephelo Sithole,13,CM,27-100,49,0,0,0,0,0,0,0,1,3,0,0,0,0,1,0,,,3c1e3816
INT-World Cup,2026,2026-06-11 Mexico-South Africa,South Africa,Teboho Mokoena,4,CM,29-138,90,0,0,0,0,0,0,1,0,1,2,0,2,0,2,0,,,3c1e3816
INT-World Cup,2026,2026-06-11 Mexico-South Africa,South Africa,Thalente Mbatha,5,MF,26-087,35,0,0,0,0,0,0,0,0,0,0,0,0,1,0,0,,,3c1e3816
INT-World Cup,2026,2026-06-11 Mexico-South Africa,South Africa,Themba Zwane,11,"FW,MF",36-312,23,0,0,0,0,0,0,0,1,1,0,0,0,0,0,0,,,3c1e3816
INT-World Cup,2026,2026-06-12 Canada-Bosnia–Herz,Bosnia and Herzegovina,Amar Dedić,7,RB,23-298,90,0,0,0,0,0,0,0,0,1,1,0,0,2,0,0,,,f6d2bd84
INT-World Cup,2026,2026-06-12 Canada-Bosnia–Herz,Bosnia and Herzegovina,Amar Memić,15,LW,25-143,73,0,0,0,0,1,0,0,0,1,1,0,0,0,0,0,,,f6d2bd84
INT-World Cup,2026,2026-06-12 Canada-Bosnia–Herz,Bosnia and Herzegovina,Armin Gigovic,8,MF,24-067,29,0,0,0,0,0,0,0,0,0,1,0,0,1,1,0,,,f6d2bd84
INT-World Cup,2026,2026-06-12 Canada-Bosnia–Herz,Bosnia and Herzegovina,Benjamin Tahirovic,6,CM,23-101,90,0,0,0,0,1,0,0,0,0,1,0,2,1,1,0,,,f6d2bd84
INT-World Cup,2026,2026-06-12 Canada-Bosnia–Herz,Bosnia and Herzegovina,Dženis Burnić,17,MF,28-021,7,0,0,0,0,1,0,0,0,0,0,0,0,0,0,0,,,f6d2bd84
INT-World Cup,2026,2026-06-12 Canada-Bosnia–Herz,Bosnia and Herzegovina,Ermedin Demirović,10,FW,28-079,90,0,0,0,0,1,1,1,0,4,1,0,0,0,0,0,,,f6d2bd84
INT-World Cup,2026,2026-06-12 Canada-Bosnia–Herz,Bosnia and Herzegovina,Esmir Bajraktarevic,20,RW,21-094,73,0,0,0,0,0,0,0,0,1,1,0,0,0,1,0,,,f6d2bd84
INT-World Cup,2026,2026-06-12 Canada-Bosnia–Herz,Bosnia and Herzegovina,Ivan Bašić,13,CM,24-043,61,0,0,0,0,0,0,0,0,2,0,0,5,0,2,0,,,f6d2bd84
INT-World Cup,2026,2026-06-12 Canada-Bosnia–Herz,Bosnia and Herzegovina,Ivan Šunjić,14,MF,29-246,17,0,0,0,0,0,0,0,0,2,0,0,0,0,0,0,,,f6d2bd84
INT-World Cup,2026,2026-06-12 Canada-Bosnia–Herz,Bosnia and Herzegovina,Jovo Lukić,25,FW,27-196,61,1,0,0,0,3,2,1,0,1,0,0,0,1,0,0,,,f6d2bd84
INT-World Cup,2026,2026-06-12 Canada-Bosnia–Herz,Bosnia and Herzegovina,Kerim Alajbegović,19,MF,18-264,17,0,0,0,0,0,0,0,0,1,0,0,1,0,0,0,,,f6d2bd84
INT-World Cup,2026,2026-06-12 Canada-Bosnia–Herz,Bosnia and Herzegovina,Nikola Katić,18,CB,29-245,90,0,0,0,0,0,0,1,0,2,0,0,0,4,3,0,,,f6d2bd84
INT-World Cup,2026,2026-06-12 Canada-Bosnia–Herz,Bosnia and Herzegovina,Nikola Vasilj,1,GK,30-192,90,0,0,0,0,0,0,0,0,0,0,0,0,0,0,0,,,f6d2bd84
INT-World Cup,2026,2026-06-12 Canada-Bosnia–Herz,Bosnia and Herzegovina,Samed Baždar,9,FW,22-132,29,0,0,0,0,0,0,0,0,1,1,0,0,0,0,0,,,f6d2bd84
INT-World Cup,2026,2026-06-12 Canada-Bosnia–Herz,Bosnia and Herzegovina,Sead Kolašinac,5,LB,32-357,83,0,1,0,0,0,0,0,0,3,2,0,2,3,0,0,,,f6d2bd84
INT-World Cup,2026,2026-06-12 Canada-Bosnia–Herz,Bosnia and Herzegovina,Tarik Muharemovic,4,CB,23-104,90,0,0,0,0,1,0,0,0,1,1,0,0,1,2,0,,,f6d2bd84
INT-World Cup,2026,2026-06-12 Canada-Bosnia–Herz,Canada,Ali Ahmed,20,MF,25-245,30,0,0,0,0,0,0,0,0,0,0,0,2,0,0,0,,,f6d2bd84
INT-World Cup,2026,2026-06-12 Canada-Bosnia–Herz,Canada,Alistair Johnston,2,RB,27-247,90,0,0,0,0,1,0,1,0,2,2,0,2,1,0,0,,,f6d2bd84
INT-World Cup,2026,2026-06-12 Canada-Bosnia–Herz,Canada,Cyle Larin,9,"FW,MF",31-056,15,1,0,0,0,2,1,0,0,0,1,0,0,0,0,0,,,f6d2bd84
INT-World Cup,2026,2026-06-12 Canada-Bosnia–Herz,Canada,Derek Cornelius,13,CB,28-199,90,0,0,0,0,1,0,0,0,0,1,0,1,2,1,0,,,f6d2bd84
INT-World Cup,2026,2026-06-12 Canada-Bosnia–Herz,Canada,Ismaël Koné,8,CM,23-361,90,0,0,0,0,1,0,0,0,1,2,0,2,1,2,0,,,f6d2bd84
INT-World Cup,2026,2026-06-12 Canada-Bosnia–Herz,Canada,Jacob Shaffelburg,14,MF,26-198,30,0,0,0,0,0,0,0,0,0,0,0,1,1,0,0,,,f6d2bd84
INT-World Cup,2026,2026-06-12 Canada-Bosnia–Herz,Canada,Jonathan David,10,FW,26-149,60,0,0,0,0,3,1,0,0,0,1,0,0,1,1,0,,,f6d2bd84
INT-World Cup,2026,2026-06-12 Canada-Bosnia–Herz,Canada,Jonathan Osorio,21,MF,34-000,1,0,0,0,0,0,0,0,0,0,0,0,0,0,0,0,,,f6d2bd84
INT-World Cup,2026,2026-06-12 Canada-Bosnia–Herz,Canada,Liam Millar,11,LW,26-258,60,0,0,0,0,0,0,0,0,1,0,0,4,2,0,0,,,f6d2bd84
INT-World Cup,2026,2026-06-12 Canada-Bosnia–Herz,Canada,Luc De Fougerolles,4,CB,20-243,90,0,0,0,0,0,0,1,0,2,4,0,0,2,0,0,,,f6d2bd84
INT-World Cup,2026,2026-06-12 Canada-Bosnia–Herz,Canada,Maxime Crépeau,16,GK,32-032,90,0,0,0,0,0,0,0,0,0,0,0,0,1,0,0,,,f6d2bd84
INT-World Cup,2026,2026-06-12 Canada-Bosnia–Herz,Canada,Promise David,24,FW,24-344,30,0,1,0,0,1,0,0,0,2,1,0,0,0,0,0,,,f6d2bd84
INT-World Cup,2026,2026-06-12 Canada-Bosnia–Herz,Canada,Richie Laryea,22,LB,31-156,90,0,0,0,0,1,1,0,0,0,1,0,0,4,0,0,,,f6d2bd84
INT-World Cup,2026,2026-06-12 Canada-Bosnia–Herz,Canada,Stephen Eustáquio,7,CM,29-173,89,0,0,0,0,1,0,0,0,2,3,0,9,0,0,0,,,f6d2bd84
INT-World Cup,2026,2026-06-12 Canada-Bosnia–Herz,Canada,Tajon Buchanan,17,RW,27-124,60,0,0,0,0,0,0,0,0,0,2,0,3,0,0,0,,,f6d2bd84
INT-World Cup,2026,2026-06-12 Canada-Bosnia–Herz,Canada,Tani Oluwaseyi,12,FW,26-028,75,0,0,0,0,2,1,0,0,0,2,1,0,0,0,0,,,f6d2bd84
INT-World Cup,2026,2026-06-12 USA-Paraguay,Paraguay,Andrés Cubas,14,CM,30-021,90,0,0,0,0,0,0,0,0,5,0,0,0,4,0,0,,,f6c0596c
INT-World Cup,2026,2026-06-12 USA-Paraguay,Paraguay,Antonio Sanabria,9,FW,30-100,61,0,0,0,0,0,0,0,0,1,1,0,0,0,0,0,,,f6c0596c
INT-World Cup,2026,2026-06-12 USA-Paraguay,Paraguay,Damián Bobadilla,16,CM,24-336,45,0,0,0,0,0,0,0,0,0,0,0,0,0,2,1,,,f6c0596c
INT-World Cup,2026,2026-06-12 USA-Paraguay,Paraguay,Diego Gómez,8,RW,23-077,79,0,0,0,0,4,0,1,0,1,0,0,0,1,2,0,,,f6c0596c
INT-World Cup,2026,2026-06-12 USA-Paraguay,Paraguay,Gustavo Gómez,15,CB,33-037,90,0,0,0,0,0,0,0,0,2,0,1,0,0,1,0,,,f6c0596c
INT-World Cup,2026,2026-06-12 USA-Paraguay,Paraguay,Gustavo Velásquez,2,DF,35-056,12,0,0,0,0,0,0,0,0,0,0,0,0,0,0,0,,,f6c0596c
INT-World Cup,2026,2026-06-12 USA-Paraguay,Paraguay,Juan Cáceres,4,RB,26-011,78,0,0,0,0,0,0,1,0,3,2,0,3,3,0,0,,,f6c0596c
INT-World Cup,2026,2026-06-12 USA-Paraguay,Paraguay,Julio Enciso,19,FW,22-140,90,0,1,0,0,2,0,0,0,0,4,0,1,2,0,0,,,f6c0596c
INT-World Cup,2026,2026-06-12 USA-Paraguay,Paraguay,Júnior Alonso,6,LB,33-123,90,0,0,0,0,0,0,1,0,1,1,0,1,2,2,0,,,f6c0596c
INT-World Cup,2026,2026-06-12 USA-Paraguay,Paraguay,Kaku,17,MF,31-152,11,0,0,0,0,0,0,0,0,1,1,0,0,0,0,0,,,f6c0596c
INT-World Cup,2026,2026-06-12 USA-Paraguay,Paraguay,Mauricio,11,MF,25-021,45,1,0,0,0,1,1,0,0,0,1,0,0,2,0,0,,,f6c0596c
INT-World Cup,2026,2026-06-12 USA-Paraguay,Paraguay,Miguel Almirón,10,LW,32-122,78,0,0,0,0,2,0,1,0,1,1,0,0,1,1,0,,,f6c0596c
INT-World Cup,2026,2026-06-12 USA-Paraguay,Paraguay,Omar Alderete,3,CB,29-168,90,0,0,0,0,0,0,0,0,1,1,0,0,0,1,0,,,f6c0596c
INT-World Cup,2026,2026-06-12 USA-Paraguay,Paraguay,Orlando Gill,12,GK,26-001,90,0,0,0,0,0,0,0,0,0,0,0,0,0,0,0,,,f6c0596c
INT-World Cup,2026,2026-06-12 USA-Paraguay,Paraguay,Ramón Sosa,7,"FW,MF",26-285,12,0,0,0,0,0,0,0,0,0,1,0,0,0,0,0,,,f6c0596c
INT-World Cup,2026,2026-06-12 USA-Paraguay,Paraguay,Álex Arce,18,FW,30-361,29,0,0,0,0,0,0,1,0,1,0,0,0,1,0,0,,,f6c0596c
INT-World Cup,2026,2026-06-12 USA-Paraguay,United States,Alex Freeman,16,RB,21-307,90,0,1,0,0,0,0,0,0,1,0,0,1,1,2,0,,,f6c0596c
INT-World Cup,2026,2026-06-12 USA-Paraguay,United States,Antonee Robinson,5,LB,28-308,90,0,0,0,0,0,0,0,0,1,0,0,7,0,0,0,,,f6c0596c
INT-World Cup,2026,2026-06-12 USA-Paraguay,United States,Chris Richards,3,CB,26-076,90,0,0,0,0,1,0,0,0,3,1,0,0,1,1,0,,,f6c0596c
INT-World Cup,2026,2026-06-12 USA-Paraguay,United States,Christian Pulisic,10,AM,27-267,45,0,1,0,0,0,0,0,0,1,1,0,2,1,0,0,,,f6c0596c
INT-World Cup,2026,2026-06-12 USA-Paraguay,United States,Folarin Balogun,20,FW,24-344,71,2,0,0,0,5,3,0,0,0,4,2,0,0,0,0,,,f6c0596c
INT-World Cup,2026,2026-06-12 USA-Paraguay,United States,Gio Reyna,7,MF,23-211,9,1,0,0,0,1,1,0,0,1,2,0,0,0,0,0,,,f6c0596c
INT-World Cup,2026,2026-06-12 USA-Paraguay,United States,Malik Tillman,17,DM,24-015,81,0,1,0,0,5,2,0,0,1,4,0,1,0,1,0,,,f6c0596c
INT-World Cup,2026,2026-06-12 USA-Paraguay,United States,Matt Freese,24,GK,27-283,90,0,0,0,0,0,0,0,0,0,0,0,0,0,0,0,,,f6c0596c
INT-World Cup,2026,2026-06-12 USA-Paraguay,United States,Ricardo Pepi,9,FW,23-154,19,0,0,0,0,1,0,0,0,1,0,0,0,0,0,0,,,f6c0596c
INT-World Cup,2026,2026-06-12 USA-Paraguay,United States,Sebastian Berhalter,14,MF,25-033,45,0,0,0,0,1,0,0,0,0,1,0,1,0,1,0,,,f6c0596c
INT-World Cup,2026,2026-06-12 USA-Paraguay,United States,Sergiño Dest,2,AM,25-221,71,0,0,0,0,0,0,0,0,0,0,0,2,0,2,0,,,f6c0596c
INT-World Cup,2026,2026-06-12 USA-Paraguay,United States,Tim Ream,13,CB,38-250,90,0,0,0,0,0,0,0,0,0,0,0,0,1,1,0,,,f6c0596c
INT-World Cup,2026,2026-06-12 USA-Paraguay,United States,Timothy Weah,21,"DF,FW",26-110,19,0,0,0,0,2,0,0,0,2,0,0,0,0,0,0,,,f6c0596c
INT-World Cup,2026,2026-06-12 USA-Paraguay,United States,Tyler Adams,4,DM,27-118,90,0,0,0,0,0,0,1,0,2,3,0,0,2,3,0,,,f6c0596c
INT-World Cup,2026,2026-06-12 USA-Paraguay,United States,Weston McKennie,8,AM,27-288,90,0,0,0,0,0,0,0,0,0,0,0,3,0,0,0,,,f6c0596c
INT-World Cup,2026,2026-06-13 Australia-Türkiye,Australia,Aiden O'Neill,13,CM,27-344,90,0,0,0,0,0,0,0,0,1,1,0,3,0,0,0,,,4ff2342a
INT-World Cup,2026,2026-06-13 Australia-Türkiye,Australia,Alessandro Circati,3,CB,22-246,90,0,0,0,0,1,0,0,0,1,0,0,0,0,1,0,,,4ff2342a
INT-World Cup,2026,2026-06-13 Australia-Türkiye,Australia,Aziz Behich,16,"DF,MF",35-179,7,0,0,0,0,0,0,0,0,1,0,0,0,0,0,0,,,4ff2342a
INT-World Cup,2026,2026-06-13 Australia-Türkiye,Australia,Cameron Burgess,21,CB,30-235,90,0,0,0,0,0,0,0,0,0,0,0,0,1,0,0,,,4ff2342a
INT-World Cup,2026,2026-06-13 Australia-Türkiye,Australia,Connor Metcalfe,8,RM,26-220,90,1,0,0,0,1,1,0,0,0,0,0,5,0,0,0,,,4ff2342a
INT-World Cup,2026,2026-06-13 Australia-Türkiye,Australia,Harry Souttar,19,CB,27-234,90,0,0,0,0,1,1,0,0,1,0,0,0,0,0,0,,,4ff2342a
INT-World Cup,2026,2026-06-13 Australia-Türkiye,Australia,Jackson Irvine,22,"DF,MF",33-098,7,0,0,0,0,0,0,0,0,1,0,0,0,0,0,0,,,4ff2342a
INT-World Cup,2026,2026-06-13 Australia-Türkiye,Australia,Jacob Italiano,4,RB,24-318,73,0,0,0,0,1,0,0,0,0,0,0,2,1,1,0,,,4ff2342a
INT-World Cup,2026,2026-06-13 Australia-Türkiye,Australia,Jason Geria,6,DF,33-034,17,0,0,0,0,0,0,0,0,0,0,0,0,0,1,0,,,4ff2342a
INT-World Cup,2026,2026-06-13 Australia-Türkiye,Australia,Jordy Bos,5,LB,23-227,83,0,0,0,0,2,0,0,0,0,1,0,2,0,0,0,,,4ff2342a
INT-World Cup,2026,2026-06-13 Australia-Türkiye,Australia,Mo Touré,9,FW,22-079,73,0,0,0,0,1,0,0,0,2,1,1,0,0,0,0,,,4ff2342a
INT-World Cup,2026,2026-06-13 Australia-Türkiye,Australia,Nestory Irankunda,17,LM,20-124,60,1,0,0,0,2,2,0,0,1,1,0,0,0,0,0,,,4ff2342a
INT-World Cup,2026,2026-06-13 Australia-Türkiye,Australia,Nishan Velupillay,23,MF,25-037,30,0,0,0,0,0,0,0,0,0,0,0,0,0,0,0,,,4ff2342a
INT-World Cup,2026,2026-06-13 Australia-Türkiye,Australia,Patrick Beach,18,GK,22-311,90,0,0,0,0,0,0,0,0,0,0,0,0,0,0,0,,,4ff2342a
INT-World Cup,2026,2026-06-13 Australia-Türkiye,Australia,Paul Okon-Engstler,24,CM,21-140,83,0,1,0,0,0,0,0,0,1,0,0,1,1,3,0,,,4ff2342a
INT-World Cup,2026,2026-06-13 Australia-Türkiye,Australia,Tete Yengi,26,FW,25-197,17,0,0,0,0,0,0,0,0,3,0,0,1,2,0,0,,,4ff2342a
INT-World Cup,2026,2026-06-13 Australia-Türkiye,Türkiye,Abdülkerim Bardakcı,14,CB,31-279,90,0,0,0,0,1,1,0,0,0,2,0,1,1,1,0,,,4ff2342a
INT-World Cup,2026,2026-06-13 Australia-Türkiye,Türkiye,Arda Güler,8,AM,21-108,90,0,0,0,0,8,3,0,0,0,2,0,5,1,1,0,,,4ff2342a
INT-World Cup,2026,2026-06-13 Australia-Türkiye,Türkiye,Barış Alper Yılmaz,21,AM,26-021,45,0,0,0,0,0,0,0,0,0,0,1,7,0,0,0,,,4ff2342a
INT-World Cup,2026,2026-06-13 Australia-Türkiye,Türkiye,Deniz Gül,9,FW,21-346,6,0,0,0,0,0,0,0,0,0,0,0,0,0,0,0,,,4ff2342a
INT-World Cup,2026,2026-06-13 Australia-Türkiye,Türkiye,Ferdi Kadioglu,20,LB,26-249,90,0,0,0,0,1,0,0,0,0,0,0,3,0,0,0,,,4ff2342a
INT-World Cup,2026,2026-06-13 Australia-Türkiye,Türkiye,Hakan Çalhanoğlu,10,DM,32-125,90,0,0,0,0,5,2,0,0,1,1,0,4,0,1,0,,,4ff2342a
INT-World Cup,2026,2026-06-13 Australia-Türkiye,Türkiye,Kenan Yıldız,11,"FW,MF",21-040,45,0,0,0,0,6,0,0,0,0,0,0,2,0,1,0,,,4ff2342a
INT-World Cup,2026,2026-06-13 Australia-Türkiye,Türkiye,Kerem Aktürkoğlu,7,FW,27-235,84,0,0,0,0,3,1,0,0,0,2,0,0,1,0,0,,,4ff2342a
INT-World Cup,2026,2026-06-13 Australia-Türkiye,Türkiye,Merih Demiral,3,CB,28-100,90,0,0,0,0,1,0,0,0,0,1,2,0,1,0,0,,,4ff2342a
INT-World Cup,2026,2026-06-13 Australia-Türkiye,Türkiye,Mert Müldür,18,DF,27-071,10,0,0,0,0,0,0,0,0,0,0,0,0,0,0,0,,,4ff2342a
INT-World Cup,2026,2026-06-13 Australia-Türkiye,Türkiye,Orkun Kökçü,6,AM,25-166,61,0,0,0,0,1,0,0,0,0,3,0,4,0,0,0,,,4ff2342a
INT-World Cup,2026,2026-06-13 Australia-Türkiye,Türkiye,Salih Özcan,5,MF,28-153,10,0,0,0,0,0,0,0,0,0,1,0,0,0,0,0,,,4ff2342a
INT-World Cup,2026,2026-06-13 Australia-Türkiye,Türkiye,Uğurcan Çakır,23,GK,30-069,90,0,0,0,0,0,0,0,0,0,0,0,0,0,0,0,,,4ff2342a
INT-World Cup,2026,2026-06-13 Australia-Türkiye,Türkiye,Yunus Akgün,19,MF,25-341,29,0,0,0,0,0,0,1,0,1,0,0,0,0,0,0,,,4ff2342a
INT-World Cup,2026,2026-06-13 Australia-Türkiye,Türkiye,Zeki Çelik,2,RB,29-116,80,0,0,0,0,1,1,0,0,1,0,0,0,0,0,0,,,4ff2342a
INT-World Cup,2026,2026-06-13 Australia-Türkiye,Türkiye,İsmail Yüksek,16,DM,27-138,80,0,0,0,0,3,0,0,0,1,0,0,0,3,0,0,,,4ff2342a
INT-World Cup,2026,2026-06-13 Brazil-Morocco,Brazil,Alisson,1,GK,33-254,90,0,0,0,0,0,0,0,0,0,0,0,0,0,0,0,,,72d993fd
INT-World Cup,2026,2026-06-13 Brazil-Morocco,Brazil,Bruno Guimarães,8,CM,28-209,79,0,1,0,0,1,0,0,0,1,2,0,3,1,0,0,,,72d993fd
INT-World Cup,2026,2026-06-13 Brazil-Morocco,Brazil,Casemiro,5,CM,34-110,45,0,0,0,0,0,0,1,0,1,1,0,1,0,1,0,,,72d993fd
INT-World Cup,2026,2026-06-13 Brazil-Morocco,Brazil,Danilo,13,"DF,MF",34-333,45,0,0,0,0,0,0,0,0,0,0,0,1,0,1,0,,,72d993fd
INT-World Cup,2026,2026-06-13 Brazil-Morocco,Brazil,Danilo Santos,18,MF,25-045,11,0,0,0,0,2,1,0,0,0,0,0,0,0,0,0,,,72d993fd
INT-World Cup,2026,2026-06-13 Brazil-Morocco,Brazil,Douglas Santos,16,LB,32-083,90,0,0,0,0,0,0,0,0,1,0,0,1,5,1,0,,,72d993fd
INT-World Cup,2026,2026-06-13 Brazil-Morocco,Brazil,Fabinho,17,"DF,MF",32-233,45,0,0,0,0,0,0,0,0,3,0,0,0,1,0,0,,,72d993fd
INT-World Cup,2026,2026-06-13 Brazil-Morocco,Brazil,Gabriel Magalhães,3,CB,28-176,90,0,0,0,0,0,0,0,0,1,1,0,0,0,0,0,,,72d993fd
INT-World Cup,2026,2026-06-13 Brazil-Morocco,Brazil,Igor Thiago,25,FW,24-352,61,0,0,0,0,2,1,0,0,2,0,0,0,1,0,0,,,72d993fd
INT-World Cup,2026,2026-06-13 Brazil-Morocco,Brazil,Lucas Paquetá,20,RW,28-290,60,0,0,0,0,2,1,0,0,2,3,0,1,0,1,0,,,72d993fd
INT-World Cup,2026,2026-06-13 Brazil-Morocco,Brazil,Luiz Henrique,21,"FW,MF",25-162,29,0,0,0,0,0,0,0,0,0,1,0,0,0,0,0,,,72d993fd
INT-World Cup,2026,2026-06-13 Brazil-Morocco,Brazil,Marquinhos,4,CB,32-030,90,0,0,0,0,2,0,0,0,0,0,0,0,0,0,0,,,72d993fd
INT-World Cup,2026,2026-06-13 Brazil-Morocco,Brazil,Matheus Cunha,9,"FW,MF",27-017,30,0,0,0,0,0,0,0,0,0,1,0,2,2,0,0,,,72d993fd
INT-World Cup,2026,2026-06-13 Brazil-Morocco,Brazil,Raphinha,11,LW,29-181,90,0,0,0,0,2,1,0,0,0,2,0,4,0,0,0,,,72d993fd
INT-World Cup,2026,2026-06-13 Brazil-Morocco,Brazil,Roger Ibanez,24,RB,27-202,45,0,0,0,0,0,0,1,0,2,1,0,0,2,1,0,,,72d993fd
INT-World Cup,2026,2026-06-13 Brazil-Morocco,Brazil,Vinicius Júnior,7,FW,25-336,90,1,0,0,0,1,1,0,0,3,2,0,3,0,0,0,,,72d993fd
INT-World Cup,2026,2026-06-13 Brazil-Morocco,Morocco,Achraf Hakimi,2,RB,27-221,90,0,0,0,0,3,0,0,0,3,5,0,4,6,0,0,,,72d993fd
INT-World Cup,2026,2026-06-13 Brazil-Morocco,Morocco,Anass Salah-Eddine,26,DF,24-146,11,0,0,0,0,0,0,0,0,0,0,0,1,0,0,0,,,72d993fd
INT-World Cup,2026,2026-06-13 Brazil-Morocco,Morocco,Ayoube Amaimouni,21,MF,21-195,11,0,0,0,0,1,1,0,0,0,0,0,1,1,0,0,,,72d993fd
INT-World Cup,2026,2026-06-13 Brazil-Morocco,Morocco,Ayyoub Bouaddi,6,DM,18-254,90,0,0,0,0,0,0,0,0,1,2,0,0,1,0,0,,,72d993fd
INT-World Cup,2026,2026-06-13 Brazil-Morocco,Morocco,Azzedine Ounahi,8,AM,26-055,64,0,0,0,0,0,0,0,0,0,0,0,1,0,0,0,,,72d993fd
INT-World Cup,2026,2026-06-13 Brazil-Morocco,Morocco,Bilal El Khannouss,23,AM,22-034,79,0,0,0,0,1,0,0,0,2,1,0,1,3,0,0,,,72d993fd
INT-World Cup,2026,2026-06-13 Brazil-Morocco,Morocco,Brahim Díaz,10,AM,26-314,64,0,1,0,0,3,1,0,0,0,3,0,1,0,0,0,,,72d993fd
INT-World Cup,2026,2026-06-13 Brazil-Morocco,Morocco,Chadi Riad,18,CB,22-361,90,0,0,0,0,0,0,0,0,0,0,0,0,0,2,0,,,72d993fd
INT-World Cup,2026,2026-06-13 Brazil-Morocco,Morocco,Chemsdine Talbi,7,MF,21-035,26,0,0,0,0,0,0,0,0,0,0,0,3,0,0,0,,,72d993fd
INT-World Cup,2026,2026-06-13 Brazil-Morocco,Morocco,Ismael Saibari,11,FW,25-136,88,1,0,0,0,3,1,0,0,2,1,1,0,0,0,0,,,72d993fd
INT-World Cup,2026,2026-06-13 Brazil-Morocco,Morocco,Issa Diop,14,CB,29-155,90,0,0,0,0,0,0,0,0,0,0,0,0,0,1,0,,,72d993fd
INT-World Cup,2026,2026-06-13 Brazil-Morocco,Morocco,Neil El Aynaoui,24,DM,24-346,90,0,0,0,0,3,0,0,0,4,3,0,0,3,1,0,,,72d993fd
INT-World Cup,2026,2026-06-13 Brazil-Morocco,Morocco,Noussair Mazraoui,3,LB,28-211,79,0,0,0,0,0,0,0,0,2,0,0,1,3,0,0,,,72d993fd
INT-World Cup,2026,2026-06-13 Brazil-Morocco,Morocco,Samir El Mourabet,15,MF,20-250,26,0,0,0,0,0,0,0,0,0,1,0,1,0,0,0,,,72d993fd
INT-World Cup,2026,2026-06-13 Brazil-Morocco,Morocco,Soufiane Rahimi,9,FW,30-011,2,0,0,0,0,0,0,0,0,0,0,0,1,1,0,0,,,72d993fd
INT-World Cup,2026,2026-06-13 Brazil-Morocco,Morocco,Yassine Bounou,1,GK,35-069,90,0,0,0,0,0,0,0,0,0,0,0,0,0,0,0,,,72d993fd
INT-World Cup,2026,2026-06-13 Haiti-Scotland,Haiti,Carlens Arcus,2,RB,29-350,90,0,0,0,0,0,0,0,0,3,2,0,2,0,2,0,,,58c3106f
INT-World Cup,2026,2026-06-13 Haiti-Scotland,Haiti,Danley Jean-Jacques,17,CM,26-024,90,0,0,0,0,0,0,0,0,3,3,0,1,3,1,0,,,58c3106f
INT-World Cup,2026,2026-06-13 Haiti-Scotland,Haiti,Frantzdy Pierrot,20,FW,31-076,90,0,0,0,0,3,1,0,0,4,2,2,0,0,0,0,,,58c3106f
INT-World Cup,2026,2026-06-13 Haiti-Scotland,Haiti,Hannes Delcroix,5,CB,27-105,90,0,0,0,0,0,0,0,0,0,1,0,0,2,1,0,,,58c3106f
INT-World Cup,2026,2026-06-13 Haiti-Scotland,Haiti,Jean-Ricner Bellegarde,10,CM,27-351,90,0,0,0,0,3,0,1,0,1,2,0,6,1,1,0,,,58c3106f
INT-World Cup,2026,2026-06-13 Haiti-Scotland,Haiti,Johny Placide,1,GK,38-135,90,0,0,0,0,0,0,0,0,0,0,0,0,0,0,0,,,58c3106f
INT-World Cup,2026,2026-06-13 Haiti-Scotland,Haiti,Josué Casimir,21,"FW,MF",24-262,30,0,0,0,0,1,0,0,0,1,2,0,2,0,0,0,,,58c3106f
INT-World Cup,2026,2026-06-13 Haiti-Scotland,Haiti,Lenny Joseph,16,"FW,MF",25-244,15,0,0,0,0,0,0,0,0,1,0,0,0,0,0,0,,,58c3106f
INT-World Cup,2026,2026-06-13 Haiti-Scotland,Haiti,Louicius Deedson,11,RW,25-122,60,0,0,0,0,1,0,0,0,2,1,0,3,0,0,0,,,58c3106f
INT-World Cup,2026,2026-06-13 Haiti-Scotland,Haiti,Martin Expérience,8,LB,27-096,90,0,0,0,0,1,0,0,0,2,2,0,5,1,0,0,,,58c3106f
INT-World Cup,2026,2026-06-13 Haiti-Scotland,Haiti,Ricardo Adé,4,CB,36-023,90,0,0,0,0,1,0,0,0,1,3,0,1,0,1,0,,,58c3106f
INT-World Cup,2026,2026-06-13 Haiti-Scotland,Haiti,Ruben Providence,15,LW,24-341,84,0,0,0,0,3,1,0,0,2,2,0,3,0,0,0,,,58c3106f
INT-World Cup,2026,2026-06-13 Haiti-Scotland,Haiti,Wilson Isidor,18,FW,25-290,75,0,0,0,0,2,0,0,0,3,0,1,0,0,0,0,,,58c3106f
INT-World Cup,2026,2026-06-13 Haiti-Scotland,Haiti,Yassin Fortuné,19,"FW,MF",27-134,6,0,0,0,0,0,0,0,0,0,1,0,0,0,0,0,,,58c3106f
INT-World Cup,2026,2026-06-13 Haiti-Scotland,Scotland,Aaron Hickey,2,RB,24-003,74,0,0,0,0,0,0,1,0,2,4,0,1,0,1,0,,,58c3106f
INT-World Cup,2026,2026-06-13 Haiti-Scotland,Scotland,Andy Robertson,3,LB,32-094,90,0,0,0,0,0,0,0,0,2,1,0,5,0,1,0,,,58c3106f
INT-World Cup,2026,2026-06-13 Haiti-Scotland,Scotland,Angus Gunn,1,GK,30-142,90,0,0,0,0,0,0,0,0,0,0,0,0,0,0,0,,,58c3106f
INT-World Cup,2026,2026-06-13 Haiti-Scotland,Scotland,Ben Gannon-Doak,17,RW,20-214,74,0,0,0,0,2,0,0,0,0,1,0,2,0,0,0,,,58c3106f
INT-World Cup,2026,2026-06-13 Haiti-Scotland,Scotland,Ché Adams,10,FW,29-335,74,0,0,0,0,1,1,0,0,4,1,0,0,0,0,0,,,58c3106f
INT-World Cup,2026,2026-06-13 Haiti-Scotland,Scotland,Findlay Curtis,25,MF,19-255,8,0,0,0,0,0,0,1,0,1,0,0,1,0,0,0,,,58c3106f
INT-World Cup,2026,2026-06-13 Haiti-Scotland,Scotland,Grant Hanley,5,CB,34-205,90,0,0,0,0,0,0,0,0,1,0,0,0,2,1,0,,,58c3106f
INT-World Cup,2026,2026-06-13 Haiti-Scotland,Scotland,Jack Hendry,13,CB,31-037,90,0,0,0,0,0,0,0,0,0,2,0,0,0,0,0,,,58c3106f
INT-World Cup,2026,2026-06-13 Haiti-Scotland,Scotland,John McGinn,7,LW,31-238,82,1,0,0,0,2,1,0,0,0,5,0,3,0,0,0,,,58c3106f
INT-World Cup,2026,2026-06-13 Haiti-Scotland,Scotland,Kenny McLean,23,"DF,MF",34-156,8,0,0,0,0,0,0,1,0,1,0,0,1,0,1,0,,,58c3106f
INT-World Cup,2026,2026-06-13 Haiti-Scotland,Scotland,Lawrence Shankland,20,FW,30-307,82,0,0,0,0,2,0,0,0,4,2,1,0,1,0,0,,,58c3106f
INT-World Cup,2026,2026-06-13 Haiti-Scotland,Scotland,Lewis Ferguson,19,CM,26-293,90,0,0,0,0,0,0,0,0,1,6,0,1,1,2,0,,,58c3106f
INT-World Cup,2026,2026-06-13 Haiti-Scotland,Scotland,Lyndon Dykes,9,"FW,MF",30-249,16,0,0,0,0,0,0,0,0,2,0,0,0,0,0,0,,,58c3106f
INT-World Cup,2026,2026-06-13 Haiti-Scotland,Scotland,Nathan Patterson,22,DF,24-240,16,0,0,0,0,0,0,0,0,1,0,0,0,0,0,0,,,58c3106f
INT-World Cup,2026,2026-06-13 Haiti-Scotland,Scotland,Ryan Christie,11,"FW,MF",31-111,16,0,0,0,0,0,0,0,0,1,0,0,0,2,0,0,,,58c3106f
INT-World Cup,2026,2026-06-13 Haiti-Scotland,Scotland,Scott McTominay,4,CM,29-187,90,0,0,0,0,2,0,0,0,1,0,0,0,0,0,0,,,58c3106f
INT-World Cup,2026,2026-06-13 Qatar-Switzerland,Qatar,Ahmed Alaaeldin,7,FW,33-133,31,0,0,0,0,1,1,0,0,0,0,0,0,1,0,0,,,58580af9
INT-World Cup,2026,2026-06-13 Qatar-Switzerland,Qatar,Ahmed Fathy,20,MF,33-139,31,0,0,0,0,0,0,0,0,0,0,0,0,2,1,0,,,58580af9
INT-World Cup,2026,2026-06-13 Qatar-Switzerland,Qatar,Akram Afif,11,FW,29-207,90,0,0,0,0,0,0,0,0,0,2,0,4,1,0,0,,,58580af9
INT-World Cup,2026,2026-06-13 Qatar-Switzerland,Qatar,Assim Madibo,23,DM,29-234,78,0,0,0,0,0,0,0,0,1,1,0,0,0,3,0,,,58580af9
INT-World Cup,2026,2026-06-13 Qatar-Switzerland,Qatar,Ayoub Al-Oui,13,RB,21-094,59,0,0,0,0,0,0,0,0,1,0,0,0,0,0,0,,,58580af9
INT-World Cup,2026,2026-06-13 Qatar-Switzerland,Qatar,Boualem Khoukhi,16,CB,35-339,90,1,0,0,0,1,1,0,0,2,0,0,0,1,2,0,,,58580af9
INT-World Cup,2026,2026-06-13 Qatar-Switzerland,Qatar,Edmilson Junior,8,FW,31-298,87,0,0,0,0,2,2,0,0,3,1,0,2,0,0,0,,,58580af9
INT-World Cup,2026,2026-06-13 Qatar-Switzerland,Qatar,Hassan Al-Haydos,10,"FW,MF",35-184,3,0,0,0,0,0,0,0,0,0,0,0,0,0,0,0,,,58580af9
INT-World Cup,2026,2026-06-13 Qatar-Switzerland,Qatar,Homam Ahmed,14,LB,26-292,90,0,1,0,0,1,0,0,0,1,0,0,2,1,1,0,,,58580af9
INT-World Cup,2026,2026-06-13 Qatar-Switzerland,Qatar,Issa Laye,4,CM,28-173,90,0,0,0,0,1,0,0,0,0,0,0,0,0,1,0,,,58580af9
INT-World Cup,2026,2026-06-13 Qatar-Switzerland,Qatar,Jassem Gaber,5,CM,24-113,59,0,0,0,0,0,0,1,0,2,0,0,0,1,0,0,,,58580af9
INT-World Cup,2026,2026-06-13 Qatar-Switzerland,Qatar,Karim Boudiaf,12,"DF,MF",35-270,31,0,0,0,0,1,0,0,0,0,1,0,0,0,0,0,,,58580af9
INT-World Cup,2026,2026-06-13 Qatar-Switzerland,Qatar,Mahmoud Abunada,1,GK,26-128,90,0,0,0,0,0,0,1,0,1,1,0,0,0,0,0,,,58580af9
INT-World Cup,2026,2026-06-13 Qatar-Switzerland,Qatar,Mohamed Manai,26,DF,23-231,12,0,0,0,0,0,0,0,0,0,0,0,0,0,1,0,,,58580af9
INT-World Cup,2026,2026-06-13 Qatar-Switzerland,Qatar,Ró-Ró,2,CB,35-311,90,0,0,0,0,0,0,0,0,1,3,0,0,1,1,0,,,58580af9
INT-World Cup,2026,2026-06-13 Qatar-Switzerland,Qatar,Yusuf Abdurisag,15,FW,26-311,59,0,0,0,0,0,0,0,0,0,2,0,0,1,0,0,,,58580af9
INT-World Cup,2026,2026-06-13 Qatar-Switzerland,Switzerland,Ardon Jashari,14,MF,23-318,2,0,0,0,0,1,0,0,0,0,0,0,0,0,0,0,,,58580af9
INT-World Cup,2026,2026-06-13 Qatar-Switzerland,Switzerland,Breel Embolo,7,FW,29-119,90,1,0,1,1,4,1,0,0,2,0,0,0,0,0,0,,,58580af9
INT-World Cup,2026,2026-06-13 Qatar-Switzerland,Switzerland,Dan Ndoye,11,AM,25-231,65,0,0,0,0,6,2,0,0,0,4,0,1,0,0,0,,,58580af9
INT-World Cup,2026,2026-06-13 Qatar-Switzerland,Switzerland,Denis Zakaria,6,RB,29-205,90,0,0,0,0,2,1,1,0,1,0,0,7,2,2,0,,,58580af9
INT-World Cup,2026,2026-06-13 Qatar-Switzerland,Switzerland,Fabian Rieder,22,"FW,MF",24-117,25,0,0,0,0,1,0,0,0,0,0,0,3,0,0,0,,,58580af9
INT-World Cup,2026,2026-06-13 Qatar-Switzerland,Switzerland,Granit Xhaka,10,DM,33-259,90,0,0,0,0,2,0,0,0,0,0,0,0,0,1,0,,,58580af9
INT-World Cup,2026,2026-06-13 Qatar-Switzerland,Switzerland,Gregor Kobel,1,GK,28-189,90,0,0,0,0,0,0,0,0,0,0,0,0,0,0,0,,,58580af9
INT-World Cup,2026,2026-06-13 Qatar-Switzerland,Switzerland,Johan Manzambi,9,MF,20-242,25,0,0,0,0,2,0,0,0,1,0,0,1,0,0,0,,,58580af9
INT-World Cup,2026,2026-06-13 Qatar-Switzerland,Switzerland,Manuel Akanji,5,CB,30-329,90,0,0,0,0,1,1,0,0,0,0,0,0,1,0,0,,,58580af9
INT-World Cup,2026,2026-06-13 Qatar-Switzerland,Switzerland,Michel Aebischer,20,AM,29-158,65,0,0,0,0,1,1,0,0,0,1,0,2,0,0,0,,,58580af9
INT-World Cup,2026,2026-06-13 Qatar-Switzerland,Switzerland,Miro Muheim,2,"DF,MF",28-081,2,0,0,0,0,0,0,0,0,0,0,0,0,0,0,0,,,58580af9
INT-World Cup,2026,2026-06-13 Qatar-Switzerland,Switzerland,Nico Elvedi,4,CB,29-256,90,0,0,0,0,2,0,0,0,2,0,0,0,0,2,0,,,58580af9
INT-World Cup,2026,2026-06-13 Qatar-Switzerland,Switzerland,Remo Freuler,8,DM,34-059,88,0,0,0,0,0,0,0,0,2,1,1,2,1,0,0,,,58580af9
INT-World Cup,2026,2026-06-13 Qatar-Switzerland,Switzerland,Ricardo Rodríguez,13,LB,33-292,88,0,0,0,0,0,0,0,0,2,0,0,8,0,2,0,,,58580af9
INT-World Cup,2026,2026-06-13 Qatar-Switzerland,Switzerland,Ruben Vargas,17,AM,27-312,78,0,0,0,0,3,1,0,0,1,4,0,11,1,0,0,,,58580af9
INT-World Cup,2026,2026-06-13 Qatar-Switzerland,Switzerland,Zeki Amdouni,23,"FW,MF",25-191,12,0,0,0,0,1,0,0,0,0,2,0,0,1,0,0,,,58580af9
INT-World Cup,2026,2026-06-14 Côte d'Ivoire-Ecuador,Côte d'Ivoire,Amad Diallo,15,"FW,MF",23-338,35,1,0,0,0,2,2,0,0,0,0,0,0,0,0,0,,,f8ee7eef
INT-World Cup,2026,2026-06-14 Côte d'Ivoire-Ecuador,Côte d'Ivoire,Ange-Yoan Bonny,9,FW,22-232,35,0,0,0,0,0,0,0,0,0,2,0,0,0,0,0,,,f8ee7eef
INT-World Cup,2026,2026-06-14 Côte d'Ivoire-Ecuador,Côte d'Ivoire,Bazoumana Touré,24,LW,20-104,55,0,0,0,0,0,0,0,0,0,1,0,0,0,0,0,,,f8ee7eef
INT-World Cup,2026,2026-06-14 Côte d'Ivoire-Ecuador,Côte d'Ivoire,Christ Inao Oulaï,26,MF,20-069,14,0,0,0,0,1,0,0,0,1,2,0,0,0,1,0,,,f8ee7eef
INT-World Cup,2026,2026-06-14 Côte d'Ivoire-Ecuador,Côte d'Ivoire,Elye Wahi,12,FW,23-163,55,0,0,0,0,2,1,0,0,0,0,0,0,1,0,0,,,f8ee7eef
INT-World Cup,2026,2026-06-14 Côte d'Ivoire-Ecuador,Côte d'Ivoire,Emmanuel Agbadou,20,CB,28-362,90,0,0,0,0,0,0,0,0,0,0,0,0,3,2,0,,,f8ee7eef
INT-World Cup,2026,2026-06-14 Côte d'Ivoire-Ecuador,Côte d'Ivoire,Franck Kessié,8,CM,29-177,90,0,0,0,0,0,0,1,0,3,2,0,0,2,0,0,,,f8ee7eef
INT-World Cup,2026,2026-06-14 Côte d'Ivoire-Ecuador,Côte d'Ivoire,Ghislain Konan,3,LB,30-169,90,0,0,0,0,1,0,0,0,0,0,0,0,0,0,0,,,f8ee7eef
INT-World Cup,2026,2026-06-14 Côte d'Ivoire-Ecuador,Côte d'Ivoire,Guéla Doué,17,RB,23-240,88,0,0,0,0,0,0,1,0,3,2,0,2,1,1,0,,,f8ee7eef
INT-World Cup,2026,2026-06-14 Côte d'Ivoire-Ecuador,Côte d'Ivoire,Ibrahim Sangaré,18,MF,28-194,14,0,0,0,0,0,0,0,0,0,1,0,0,0,0,0,,,f8ee7eef
INT-World Cup,2026,2026-06-14 Côte d'Ivoire-Ecuador,Côte d'Ivoire,Nicolas Pépé,19,FW,31-016,76,0,0,0,0,2,0,0,0,0,0,0,2,0,0,0,,,f8ee7eef
INT-World Cup,2026,2026-06-14 Côte d'Ivoire-Ecuador,Côte d'Ivoire,Odilon Kossounou,7,DF,25-161,2,0,0,0,0,0,0,0,0,0,0,0,0,0,0,0,,,f8ee7eef
INT-World Cup,2026,2026-06-14 Côte d'Ivoire-Ecuador,Côte d'Ivoire,Seko Fofana,6,CM,31-038,76,0,0,0,0,4,1,1,0,1,0,0,0,0,2,0,,,f8ee7eef
INT-World Cup,2026,2026-06-14 Côte d'Ivoire-Ecuador,Côte d'Ivoire,Wilfried Singo,5,CB,25-171,90,0,1,0,0,1,0,0,0,2,1,0,0,0,3,0,,,f8ee7eef
INT-World Cup,2026,2026-06-14 Côte d'Ivoire-Ecuador,Côte d'Ivoire,Yahia Fofana,1,GK,25-297,90,0,0,0,0,0,0,0,0,0,0,0,0,0,0,0,,,f8ee7eef
INT-World Cup,2026,2026-06-14 Côte d'Ivoire-Ecuador,Côte d'Ivoire,Yan Diomandé,11,RW,19-212,90,0,0,0,0,2,0,0,0,0,2,0,3,2,2,0,,,f8ee7eef
INT-World Cup,2026,2026-06-14 Côte d'Ivoire-Ecuador,Ecuador,Alan Franco,21,RB,27-297,61,0,0,0,0,0,0,0,0,3,0,0,0,2,2,0,,,f8ee7eef
INT-World Cup,2026,2026-06-14 Côte d'Ivoire-Ecuador,Ecuador,Alan Minda,14,LW,23-031,55,0,0,0,0,2,0,0,0,0,1,0,2,0,1,0,,,f8ee7eef
INT-World Cup,2026,2026-06-14 Côte d'Ivoire-Ecuador,Ecuador,Enner Valencia,13,FW,36-222,76,0,0,0,0,1,0,0,0,2,4,0,0,1,0,0,,,f8ee7eef
INT-World Cup,2026,2026-06-14 Côte d'Ivoire-Ecuador,Ecuador,Gonzalo Plata,19,FW,25-225,90,0,0,0,0,1,1,0,0,1,0,0,2,3,0,0,,,f8ee7eef
INT-World Cup,2026,2026-06-14 Côte d'Ivoire-Ecuador,Ecuador,Hernán Galíndez,1,GK,39-076,90,0,0,0,0,0,0,0,0,0,0,0,0,0,0,0,,,f8ee7eef
INT-World Cup,2026,2026-06-14 Côte d'Ivoire-Ecuador,Ecuador,Jackson Porozo,25,DF,25-314,29,0,0,0,0,0,0,1,0,2,0,0,0,0,0,0,,,f8ee7eef
INT-World Cup,2026,2026-06-14 Côte d'Ivoire-Ecuador,Ecuador,Joel Ordóñez,4,CB,22-054,90,0,0,0,0,2,0,0,0,0,0,0,0,2,1,0,,,f8ee7eef
INT-World Cup,2026,2026-06-14 Côte d'Ivoire-Ecuador,Ecuador,John Yeboah,9,RW,25-356,61,0,0,0,0,3,0,0,0,0,0,0,0,1,1,0,,,f8ee7eef
INT-World Cup,2026,2026-06-14 Côte d'Ivoire-Ecuador,Ecuador,Kevin Rodríguez,11,FW,26-102,14,0,0,0,0,0,0,0,0,0,0,0,0,0,0,0,,,f8ee7eef
INT-World Cup,2026,2026-06-14 Côte d'Ivoire-Ecuador,Ecuador,Moisés Caicedo,23,CM,24-224,90,0,0,0,0,1,0,0,0,3,2,0,4,1,2,0,,,f8ee7eef
INT-World Cup,2026,2026-06-14 Côte d'Ivoire-Ecuador,Ecuador,Nilson Angulo,20,"FW,MF",22-360,35,0,0,0,0,0,0,0,0,1,1,0,1,0,0,0,,,f8ee7eef
INT-World Cup,2026,2026-06-14 Côte d'Ivoire-Ecuador,Ecuador,Pedro Vite,15,CM,24-097,90,0,0,0,0,1,0,0,0,0,0,0,0,3,3,0,,,f8ee7eef
INT-World Cup,2026,2026-06-14 Côte d'Ivoire-Ecuador,Ecuador,Piero Hincapié,3,LB,24-156,90,0,0,0,0,1,0,0,0,0,1,0,2,1,1,0,,,f8ee7eef
INT-World Cup,2026,2026-06-14 Côte d'Ivoire-Ecuador,Ecuador,Willian Pacho,6,CB,24-241,90,0,0,0,0,0,0,0,0,1,0,0,0,0,2,0,,,f8ee7eef
INT-World Cup,2026,2026-06-14 Côte d'Ivoire-Ecuador,Ecuador,Ángelo Preciado,17,"DF,MF",28-116,29,0,0,0,0,0,0,0,0,0,0,0,3,0,0,0,,,f8ee7eef
INT-World Cup,2026,2026-06-14 Germany-Curaçao,Curaçao,Armando Obispo,18,CB,27-101,90,0,0,0,0,0,0,0,0,0,0,1,0,1,3,0,,,a2c54ed9
INT-World Cup,2026,2026-06-14 Germany-Curaçao,Curaçao,Deveron Fonville,24,LB,23-029,90,0,0,0,0,0,0,0,0,1,2,0,0,0,2,0,,,a2c54ed9
INT-World Cup,2026,2026-06-14 Germany-Curaçao,Curaçao,Eloy Room,1,GK,37-128,90,0,0,0,0,0,0,0,0,0,0,0,0,0,0,0,,,a2c54ed9
INT-World Cup,2026,2026-06-14 Germany-Curaçao,Curaçao,Gervane Kastaneer,19,"FW,MF",30-005,8,0,0,0,0,0,0,0,0,1,0,0,0,0,0,0,,,a2c54ed9
INT-World Cup,2026,2026-06-14 Germany-Curaçao,Curaçao,Jearl Margaritha,16,"FW,MF",26-065,26,0,0,0,0,1,0,0,0,0,0,0,0,0,0,0,,,a2c54ed9
INT-World Cup,2026,2026-06-14 Germany-Curaçao,Curaçao,Jeremy Antonisse,11,"FW,MF",24-077,45,0,0,0,0,0,0,0,0,0,0,0,3,0,0,0,,,a2c54ed9
INT-World Cup,2026,2026-06-14 Germany-Curaçao,Curaçao,Juninho Bacuna,7,DM,28-311,90,0,0,0,0,1,0,0,0,2,2,0,1,2,5,0,,,a2c54ed9
INT-World Cup,2026,2026-06-14 Germany-Curaçao,Curaçao,Jürgen Locadia,9,FW,32-219,64,0,0,0,0,0,0,0,0,1,3,0,0,0,0,0,,,a2c54ed9
INT-World Cup,2026,2026-06-14 Germany-Curaçao,Curaçao,Leandro Bacuna,10,DM,34-297,90,0,0,0,0,2,0,0,0,1,2,0,2,1,0,0,,,a2c54ed9
INT-World Cup,2026,2026-06-14 Germany-Curaçao,Curaçao,Livano Comenencia,8,DM,22-131,90,1,0,0,0,2,1,0,0,1,1,0,1,0,4,0,,,a2c54ed9
INT-World Cup,2026,2026-06-14 Germany-Curaçao,Curaçao,Riechedly Bazoer,23,CB,29-245,90,0,0,0,0,0,0,0,0,2,0,0,0,1,1,0,,,a2c54ed9
INT-World Cup,2026,2026-06-14 Germany-Curaçao,Curaçao,Sherel Floranus,5,RB,27-295,90,0,0,0,0,0,0,0,0,1,0,0,0,2,1,0,,,a2c54ed9
INT-World Cup,2026,2026-06-14 Germany-Curaçao,Curaçao,Sontje Hansen,12,FW,24-027,45,0,0,0,0,1,1,0,0,0,0,0,0,0,0,0,,,a2c54ed9
INT-World Cup,2026,2026-06-14 Germany-Curaçao,Curaçao,Tahith Chong,21,AM,26-192,82,0,0,0,0,1,0,0,0,1,8,0,0,0,0,0,,,a2c54ed9
INT-World Cup,2026,2026-06-14 Germany-Curaçao,Germany,Aleksandar Pavlovic,5,DM,22-042,90,0,0,0,0,3,1,0,0,6,1,0,0,3,0,0,,,a2c54ed9
INT-World Cup,2026,2026-06-14 Germany-Curaçao,Germany,Antonio Rüdiger,2,DF,33-103,18,0,0,0,0,0,0,0,0,0,0,0,0,0,0,0,,,a2c54ed9
INT-World Cup,2026,2026-06-14 Germany-Curaçao,Germany,David Raum,22,"DF,MF",28-053,18,0,0,0,0,1,1,0,0,0,0,0,2,0,1,0,,,a2c54ed9
INT-World Cup,2026,2026-06-14 Germany-Curaçao,Germany,Deniz Undav,26,"FW,MF",29-330,27,1,2,0,0,1,1,0,0,1,0,0,0,0,0,0,,,a2c54ed9
INT-World Cup,2026,2026-06-14 Germany-Curaçao,Germany,Felix Nmecha,23,DM,25-247,72,1,0,0,0,4,3,0,0,1,1,0,0,2,0,0,,,a2c54ed9
INT-World Cup,2026,2026-06-14 Germany-Curaçao,Germany,Florian Wirtz,17,AM,23-042,90,0,1,0,0,3,0,0,0,0,0,0,1,2,1,0,,,a2c54ed9
INT-World Cup,2026,2026-06-14 Germany-Curaçao,Germany,Jamal Musiala,10,AM,23-108,63,1,0,0,0,3,1,0,0,2,2,0,0,2,0,0,,,a2c54ed9
INT-World Cup,2026,2026-06-14 Germany-Curaçao,Germany,Jonathan Tah,4,CB,30-123,72,0,0,0,0,0,0,0,0,2,0,0,0,0,0,0,,,a2c54ed9
INT-World Cup,2026,2026-06-14 Germany-Curaçao,Germany,Joshua Kimmich,6,RB,31-126,82,0,2,0,0,0,0,0,0,0,2,0,4,0,1,0,,,a2c54ed9
INT-World Cup,2026,2026-06-14 Germany-Curaçao,Germany,Kai Havertz,7,FW,27-003,90,2,0,1,1,4,2,0,0,1,1,0,0,0,1,0,,,a2c54ed9
INT-World Cup,2026,2026-06-14 Germany-Curaçao,Germany,Leon Goretzka,8,MF,31-128,18,0,0,0,0,0,0,0,0,0,0,0,0,0,1,0,,,a2c54ed9
INT-World Cup,2026,2026-06-14 Germany-Curaçao,Germany,Leroy Sané,19,AM,30-154,90,0,0,0,0,3,0,0,0,1,1,0,0,1,0,0,,,a2c54ed9
INT-World Cup,2026,2026-06-14 Germany-Curaçao,Germany,Manuel Neuer,1,GK,40-079,90,0,0,0,0,0,0,0,0,0,1,0,0,0,0,0,,,a2c54ed9
INT-World Cup,2026,2026-06-14 Germany-Curaçao,Germany,Nathaniel Brown,18,LB,22-363,72,1,1,0,0,2,1,0,0,2,0,0,5,1,1,0,,,a2c54ed9
INT-World Cup,2026,2026-06-14 Germany-Curaçao,Germany,Nico Schlotterbeck,15,CB,26-195,90,1,0,0,0,2,2,0,0,2,1,0,0,1,3,0,,,a2c54ed9
INT-World Cup,2026,2026-06-14 Germany-Curaçao,Germany,Waldemar Anton,3,"DF,MF",29-329,8,0,0,0,0,0,0,0,0,0,0,0,0,1,1,0,,,a2c54ed9
INT-World Cup,2026,2026-06-14 Netherlands-Japan,Japan,Ayase Ueda,18,FW,27-277,83,0,0,0,0,1,0,0,0,1,1,0,0,1,0,0,,,faa0cb98
INT-World Cup,2026,2026-06-14 Netherlands-Japan,Japan,Daichi Kamada,15,DM,29-313,90,1,0,0,0,1,1,0,0,0,0,0,2,3,1,0,,,faa0cb98
INT-World Cup,2026,2026-06-14 Netherlands-Japan,Japan,Daizen Maeda,11,AM,28-237,65,0,0,0,0,0,0,0,0,0,0,0,2,0,0,0,,,faa0cb98
INT-World Cup,2026,2026-06-14 Netherlands-Japan,Japan,Hiroki Ito,21,CB,27-033,90,0,0,0,0,1,0,0,0,1,0,0,3,0,0,0,,,faa0cb98
INT-World Cup,2026,2026-06-14 Netherlands-Japan,Japan,Junya Itō,14,"FW,MF",33-097,25,0,0,0,0,0,0,0,0,0,1,0,6,0,0,0,,,faa0cb98
INT-World Cup,2026,2026-06-14 Netherlands-Japan,Japan,Kaishū Sano,24,DM,25-166,90,0,0,0,0,0,0,0,0,0,0,0,0,1,1,0,,,faa0cb98
INT-World Cup,2026,2026-06-14 Netherlands-Japan,Japan,Keito Nakamura,13,DM,25-321,90,1,0,0,0,3,1,0,0,2,1,0,5,1,1,0,,,faa0cb98
INT-World Cup,2026,2026-06-14 Netherlands-Japan,Japan,Kento Shiogai,26,FW,21-080,7,0,0,0,0,0,0,0,0,0,0,0,0,0,0,0,,,faa0cb98
INT-World Cup,2026,2026-06-14 Netherlands-Japan,Japan,Kōki Ogawa,19,FW,28-310,16,0,1,0,0,2,0,0,0,0,0,0,0,0,0,0,,,faa0cb98
INT-World Cup,2026,2026-06-14 Netherlands-Japan,Japan,Ritsu Doan,10,DM,27-363,74,0,0,0,0,0,0,0,0,1,0,0,2,1,0,0,,,faa0cb98
INT-World Cup,2026,2026-06-14 Netherlands-Japan,Japan,Shogo Taniguchi,3,CB,34-334,90,0,0,0,0,0,0,0,0,0,1,0,0,0,0,0,,,faa0cb98
INT-World Cup,2026,2026-06-14 Netherlands-Japan,Japan,Takefusa Kubo,8,AM,25-010,74,0,1,0,0,1,0,0,0,1,1,0,0,0,1,0,,,faa0cb98
INT-World Cup,2026,2026-06-14 Netherlands-Japan,Japan,Takehiro Tomiyasu,22,DF,27-221,16,0,0,0,0,0,0,0,0,1,1,0,1,1,0,0,,,faa0cb98
INT-World Cup,2026,2026-06-14 Netherlands-Japan,Japan,Tsuyoshi Watanabe,16,CB,29-129,74,0,0,0,0,0,0,0,0,0,1,0,1,2,0,0,,,faa0cb98
INT-World Cup,2026,2026-06-14 Netherlands-Japan,Japan,Yukinari Sugawara,2,"DF,FW",25-351,16,0,0,0,0,1,1,0,0,0,0,0,1,0,0,0,,,faa0cb98
INT-World Cup,2026,2026-06-14 Netherlands-Japan,Japan,Zion Suzuki,1,GK,23-297,90,0,0,0,0,0,0,0,0,0,0,0,0,0,0,0,,,faa0cb98
INT-World Cup,2026,2026-06-14 Netherlands-Japan,Netherlands,Bart Verbruggen,1,GK,23-300,90,0,0,0,0,0,0,0,0,0,0,0,0,0,0,0,,,faa0cb98
INT-World Cup,2026,2026-06-14 Netherlands-Japan,Netherlands,Brian Brobbey,19,FW,24-133,6,0,0,0,0,0,0,0,0,0,0,0,1,0,0,0,,,faa0cb98
INT-World Cup,2026,2026-06-14 Netherlands-Japan,Netherlands,Cody Gakpo,11,FW,27-038,84,0,0,0,0,2,1,0,0,0,1,1,2,0,1,0,,,faa0cb98
INT-World Cup,2026,2026-06-14 Netherlands-Japan,Netherlands,Crysencio Summerville,24,FW,24-227,69,1,0,0,0,1,1,1,0,1,3,0,2,0,0,0,,,faa0cb98
INT-World Cup,2026,2026-06-14 Netherlands-Japan,Netherlands,Denzel Dumfries,22,RB,30-057,90,0,0,0,0,0,0,0,0,0,0,0,3,1,0,0,,,faa0cb98
INT-World Cup,2026,2026-06-14 Netherlands-Japan,Netherlands,Donyell Malen,18,FW,27-156,69,0,0,0,0,2,2,0,0,0,0,0,1,0,0,0,,,faa0cb98
INT-World Cup,2026,2026-06-14 Netherlands-Japan,Netherlands,Frenkie de Jong,21,DM,29-033,90,0,0,0,0,0,0,0,0,2,1,0,0,2,2,0,,,faa0cb98
INT-World Cup,2026,2026-06-14 Netherlands-Japan,Netherlands,Jan Paul van Hecke,6,CB,26-006,90,0,0,0,0,1,1,0,0,0,1,0,0,1,1,0,,,faa0cb98
INT-World Cup,2026,2026-06-14 Netherlands-Japan,Netherlands,Memphis,10,"FW,MF",32-121,21,0,0,0,0,0,0,1,0,1,0,0,1,0,0,0,,,faa0cb98
INT-World Cup,2026,2026-06-14 Netherlands-Japan,Netherlands,Micky van de Ven,15,LB,25-056,90,0,0,0,0,1,0,1,0,2,0,0,1,1,0,0,,,faa0cb98
INT-World Cup,2026,2026-06-14 Netherlands-Japan,Netherlands,Nathan Aké,5,"DF,MF",31-116,10,0,0,0,0,0,0,0,0,0,0,0,0,0,0,0,,,faa0cb98
INT-World Cup,2026,2026-06-14 Netherlands-Japan,Netherlands,Quinten Timber,26,MF,24-362,20,0,0,0,0,0,0,0,0,0,0,0,1,0,0,0,,,faa0cb98
INT-World Cup,2026,2026-06-14 Netherlands-Japan,Netherlands,Ryan Gravenberch,8,CM,24-029,80,0,2,0,0,0,0,0,0,0,0,0,2,0,0,0,,,faa0cb98
INT-World Cup,2026,2026-06-14 Netherlands-Japan,Netherlands,Teun Koopmeiners,20,"DF,MF",28-106,21,0,0,0,0,2,0,0,0,1,0,0,0,0,0,0,,,faa0cb98
INT-World Cup,2026,2026-06-14 Netherlands-Japan,Netherlands,Tijjani Reijnders,14,CM,27-320,70,0,0,0,0,0,0,0,0,0,0,0,7,0,2,0,,,faa0cb98
INT-World Cup,2026,2026-06-14 Netherlands-Japan,Netherlands,Virgil van Dijk,4,CB,34-341,90,1,0,0,0,1,1,0,0,0,0,0,0,0,1,0,,,faa0cb98
INT-World Cup,2026,2026-06-14 Sweden-Tunisia,Sweden,Alexander Bernhardsson,21,DM,27-279,89,0,0,0,0,0,0,0,0,0,2,0,1,1,0,0,,,6df52cfd
INT-World Cup,2026,2026-06-14 Sweden-Tunisia,Sweden,Alexander Isak,9,FW,26-266,89,1,2,0,0,3,2,0,0,1,0,3,1,1,0,0,,,6df52cfd
INT-World Cup,2026,2026-06-14 Sweden-Tunisia,Sweden,Anthony Elanga,11,"FW,MF",24-048,1,0,0,0,0,0,0,0,0,0,0,0,0,0,0,0,,,6df52cfd
INT-World Cup,2026,2026-06-14 Sweden-Tunisia,Sweden,Benjamin Nygren,10,AM,24-341,63,0,0,0,0,0,0,0,0,1,0,0,2,0,0,0,,,6df52cfd
INT-World Cup,2026,2026-06-14 Sweden-Tunisia,Sweden,Daniel Svensson,8,"DF,MF",24-122,1,0,0,0,0,0,0,0,0,0,0,0,0,0,0,0,,,6df52cfd
INT-World Cup,2026,2026-06-14 Sweden-Tunisia,Sweden,Elliot Stroud,24,MF,23-357,26,0,0,0,0,0,0,0,0,0,0,0,0,0,1,0,,,6df52cfd
INT-World Cup,2026,2026-06-14 Sweden-Tunisia,Sweden,Gabriel Gudmundsson,5,DM,27-046,64,0,0,0,0,0,0,0,0,2,3,0,2,1,2,0,,,6df52cfd
INT-World Cup,2026,2026-06-14 Sweden-Tunisia,Sweden,Gustaf Lagerbielke,2,CB,26-065,90,0,0,0,0,0,0,0,0,0,1,0,0,0,0,0,,,6df52cfd
INT-World Cup,2026,2026-06-14 Sweden-Tunisia,Sweden,Isak Hien,4,CB,27-152,90,0,0,0,0,0,0,0,0,1,1,0,0,1,1,0,,,6df52cfd
INT-World Cup,2026,2026-06-14 Sweden-Tunisia,Sweden,Jesper Karlström,16,DM,30-358,83,0,0,0,0,0,0,0,0,1,0,0,0,1,1,0,,,6df52cfd
INT-World Cup,2026,2026-06-14 Sweden-Tunisia,Sweden,Kristoffer Nordfeldt,23,GK,36-356,90,0,0,0,0,0,0,0,0,0,0,0,0,0,0,0,,,6df52cfd
INT-World Cup,2026,2026-06-14 Sweden-Tunisia,Sweden,Lucas Bergvall,7,MF,20-132,27,0,1,0,0,1,0,0,0,1,0,0,1,1,1,0,,,6df52cfd
INT-World Cup,2026,2026-06-14 Sweden-Tunisia,Sweden,Mattias Svanberg,19,MF,27-160,7,1,0,0,0,1,1,0,0,0,0,0,0,0,0,0,,,6df52cfd
INT-World Cup,2026,2026-06-14 Sweden-Tunisia,Sweden,Victor Lindelöf,3,CB,31-332,90,0,0,0,0,1,0,0,0,2,0,0,0,1,1,0,,,6df52cfd
INT-World Cup,2026,2026-06-14 Sweden-Tunisia,Sweden,Viktor Gyökeres,17,FW,28-010,90,1,1,0,0,5,2,0,0,0,0,0,0,0,0,0,,,6df52cfd
INT-World Cup,2026,2026-06-14 Sweden-Tunisia,Sweden,Yasin Ayari,18,DM,22-251,90,2,0,0,0,2,2,0,0,1,1,0,5,3,1,0,,,6df52cfd
INT-World Cup,2026,2026-06-14 Sweden-Tunisia,Tunisia,Ali Abdi,2,LB,32-176,90,0,0,0,0,0,0,0,0,3,0,0,2,2,1,0,,,6df52cfd
INT-World Cup,2026,2026-06-14 Sweden-Tunisia,Tunisia,Anis Ben Slimane,25,FW,25-090,83,0,0,0,0,0,0,0,0,0,0,2,0,0,0,0,,,6df52cfd
INT-World Cup,2026,2026-06-14 Sweden-Tunisia,Tunisia,Elias Achouri,7,"FW,MF",27-124,19,0,0,0,0,1,1,0,0,0,1,1,0,0,0,0,,,6df52cfd
INT-World Cup,2026,2026-06-14 Sweden-Tunisia,Tunisia,Elias Saad,8,FW,26-169,71,0,0,0,0,1,0,0,0,0,2,1,1,1,0,0,,,6df52cfd
INT-World Cup,2026,2026-06-14 Sweden-Tunisia,Tunisia,Ellyes Skhiri,17,CM,31-035,71,0,0,0,0,0,0,0,0,0,0,0,0,0,2,0,,,6df52cfd
INT-World Cup,2026,2026-06-14 Sweden-Tunisia,Tunisia,Firas Chaouat,19,FW,30-037,7,0,0,0,0,0,0,0,0,0,0,2,0,0,0,0,,,6df52cfd
INT-World Cup,2026,2026-06-14 Sweden-Tunisia,Tunisia,Hadj Mahmoud,15,MF,26-051,19,0,0,0,0,0,0,0,0,0,0,0,0,2,0,0,,,6df52cfd
INT-World Cup,2026,2026-06-14 Sweden-Tunisia,Tunisia,Hannibal Mejbri,10,CM,23-144,90,0,1,0,0,1,0,0,0,0,3,0,5,2,0,0,,,6df52cfd
INT-World Cup,2026,2026-06-14 Sweden-Tunisia,Tunisia,Ismaël Gharbi,11,MF,22-065,8,0,0,0,0,0,0,0,0,0,0,0,1,0,0,0,,,6df52cfd
INT-World Cup,2026,2026-06-14 Sweden-Tunisia,Tunisia,Mohamed Amine Ben Hamida,21,CB,30-181,90,0,0,0,0,0,0,0,0,0,1,0,1,3,0,0,,,6df52cfd
INT-World Cup,2026,2026-06-14 Sweden-Tunisia,Tunisia,Montassar Talbi,3,CB,28-019,90,0,0,0,0,1,0,0,0,0,0,0,0,1,1,0,,,6df52cfd
INT-World Cup,2026,2026-06-14 Sweden-Tunisia,Tunisia,Mouhib Chamakh,1,GK,24-293,90,0,0,0,0,0,0,0,0,0,0,0,0,0,0,0,,,6df52cfd
INT-World Cup,2026,2026-06-14 Sweden-Tunisia,Tunisia,Omar Rekik,4,CB,24-176,90,1,0,0,0,1,1,0,0,0,1,0,1,0,1,0,,,6df52cfd
INT-World Cup,2026,2026-06-14 Sweden-Tunisia,Tunisia,Rani Khedira,13,CM,32-138,82,0,0,0,0,1,0,1,0,1,0,0,0,0,0,0,,,6df52cfd
INT-World Cup,2026,2026-06-14 Sweden-Tunisia,Tunisia,Sebastian Tounekti,26,"FW,MF",23-336,19,0,0,0,0,0,0,0,0,1,0,0,0,0,0,0,,,6df52cfd
INT-World Cup,2026,2026-06-14 Sweden-Tunisia,Tunisia,Yan Valery,20,RB,27-112,71,0,0,0,0,0,0,0,0,3,0,0,2,0,0,0,,,6df52cfd
INT-World Cup,2026,2026-06-15 Belgium-Egypt,Belgium,Amadou Onana,24,DM,24-303,55,0,0,0,0,0,0,0,0,1,3,0,0,0,1,0,,,5f18a385
INT-World Cup,2026,2026-06-15 Belgium-Egypt,Belgium,Brandon Mechele,4,CB,33-138,90,0,0,0,0,2,1,0,0,2,1,0,0,2,1,0,,,5f18a385
INT-World Cup,2026,2026-06-15 Belgium-Egypt,Belgium,Charles De Ketelaere,17,FW,25-097,65,0,0,0,0,0,0,0,0,0,1,0,0,1,3,0,,,5f18a385
INT-World Cup,2026,2026-06-15 Belgium-Egypt,Belgium,Hans Vanaken,20,MF,33-295,5,0,0,0,0,0,0,0,0,0,0,0,1,0,0,0,,,5f18a385
INT-World Cup,2026,2026-06-15 Belgium-Egypt,Belgium,Jeremy Doku,11,AM,24-019,85,0,0,0,0,1,0,0,0,1,5,0,1,0,1,0,,,5f18a385
INT-World Cup,2026,2026-06-15 Belgium-Egypt,Belgium,Kevin De Bruyne,7,AM,34-352,85,0,0,0,0,4,1,0,0,0,0,0,4,0,0,0,,,5f18a385
INT-World Cup,2026,2026-06-15 Belgium-Egypt,Belgium,Leandro Trossard,10,AM,31-193,90,0,0,0,0,3,0,0,0,0,2,0,1,0,0,0,,,5f18a385
INT-World Cup,2026,2026-06-15 Belgium-Egypt,Belgium,Matias Fernandez-Pardo,26,"FW,MF",21-132,5,0,0,0,0,0,0,0,0,0,0,0,0,0,0,0,,,5f18a385
INT-World Cup,2026,2026-06-15 Belgium-Egypt,Belgium,Maxim De Cuyper,5,"DF,MF",25-175,35,0,0,0,0,0,0,1,0,2,0,0,0,1,1,0,,,5f18a385
INT-World Cup,2026,2026-06-15 Belgium-Egypt,Belgium,Nathan Ngoy,25,CB,23-005,90,0,0,0,0,0,0,0,0,2,1,0,0,0,3,0,,,5f18a385
INT-World Cup,2026,2026-06-15 Belgium-Egypt,Belgium,Nicolas Raskin,23,MF,25-112,35,0,0,0,0,0,0,0,0,0,0,0,1,1,0,0,,,5f18a385
INT-World Cup,2026,2026-06-15 Belgium-Egypt,Belgium,Romelu Lukaku,9,FW,33-033,25,0,0,0,0,2,0,0,0,0,0,0,0,0,0,0,,,5f18a385
INT-World Cup,2026,2026-06-15 Belgium-Egypt,Belgium,Thibaut Courtois,1,GK,34-035,90,0,0,0,0,0,0,0,0,0,0,0,0,0,0,0,,,5f18a385
INT-World Cup,2026,2026-06-15 Belgium-Egypt,Belgium,Thomas Meunier,15,RB,34-276,90,0,0,0,0,1,1,0,0,5,0,0,1,1,0,0,,,5f18a385
INT-World Cup,2026,2026-06-15 Belgium-Egypt,Belgium,Timothy Castagne,21,LB,30-192,55,0,0,0,0,0,0,1,0,1,0,0,3,4,0,0,,,5f18a385
INT-World Cup,2026,2026-06-15 Belgium-Egypt,Belgium,Youri Tielemans,8,DM,29-039,90,0,0,0,0,2,0,0,0,1,2,0,4,1,0,0,,,5f18a385
INT-World Cup,2026,2026-06-15 Belgium-Egypt,Egypt,Ahmed Fatouh,13,LB,28-085,87,0,0,0,0,0,0,1,0,2,1,0,2,2,1,0,,,5f18a385
INT-World Cup,2026,2026-06-15 Belgium-Egypt,Egypt,Emam Ashour,8,AM,28-115,68,1,0,0,0,2,1,0,0,0,3,0,0,1,1,0,,,5f18a385
INT-World Cup,2026,2026-06-15 Belgium-Egypt,Egypt,Hamdy Fathy,14,CB,31-259,87,0,0,0,0,0,0,0,0,2,2,0,1,0,1,0,,,5f18a385
INT-World Cup,2026,2026-06-15 Belgium-Egypt,Egypt,Hamza Abdelkarim,9,FW,18-165,15,0,0,0,0,0,0,0,0,0,0,0,0,0,0,0,,,5f18a385
INT-World Cup,2026,2026-06-15 Belgium-Egypt,Egypt,Ibrahim Adel,20,MF,25-053,3,0,0,0,0,0,0,0,0,0,0,0,0,0,0,0,,,5f18a385
INT-World Cup,2026,2026-06-15 Belgium-Egypt,Egypt,Karim Hafez,15,DF,30-095,3,0,0,0,0,0,0,0,0,0,0,0,1,0,0,0,,,5f18a385
INT-World Cup,2026,2026-06-15 Belgium-Egypt,Egypt,Marwan Attia,19,DM,27-307,90,0,0,0,0,1,0,1,0,3,0,0,1,1,1,0,,,5f18a385
INT-World Cup,2026,2026-06-15 Belgium-Egypt,Egypt,Mohamed Hany,3,RB,30-141,90,0,0,0,0,2,0,0,0,1,0,0,1,5,1,1,,,5f18a385
INT-World Cup,2026,2026-06-15 Belgium-Egypt,Egypt,Mohamed Salah,10,AM,34-000,75,0,1,0,0,1,1,0,0,2,3,0,3,0,0,0,,,5f18a385
INT-World Cup,2026,2026-06-15 Belgium-Egypt,Egypt,Mohanad Lasheen,17,DM,30-017,90,0,0,0,0,0,0,0,0,2,1,0,1,6,3,0,,,5f18a385
INT-World Cup,2026,2026-06-15 Belgium-Egypt,Egypt,Mostafa Shobeir,23,GK,26-031,90,0,0,0,0,0,0,0,0,0,1,0,0,0,0,0,,,5f18a385
INT-World Cup,2026,2026-06-15 Belgium-Egypt,Egypt,Mostafa Ziko,11,AM,29-049,75,0,0,0,0,2,1,0,0,0,2,1,0,0,0,0,,,5f18a385
INT-World Cup,2026,2026-06-15 Belgium-Egypt,Egypt,Omar Marmoush,22,FW,27-128,90,0,0,0,0,5,0,0,0,2,1,0,1,1,1,0,,,5f18a385
INT-World Cup,2026,2026-06-15 Belgium-Egypt,Egypt,Ramy Rabia,5,"DF,MF",33-026,22,0,0,0,0,0,0,0,0,0,0,0,0,0,2,0,,,5f18a385
INT-World Cup,2026,2026-06-15 Belgium-Egypt,Egypt,Yasser Ibrahim,2,CB,33-125,90,0,0,0,0,0,0,0,0,0,0,0,0,1,1,0,,,5f18a385
INT-World Cup,2026,2026-06-15 Belgium-Egypt,Egypt,Zizo,25,MF,30-156,15,0,0,0,0,1,0,0,0,1,0,0,2,0,0,0,,,5f18a385
INT-World Cup,2026,2026-06-15 IR Iran-New Zealand,IR Iran,Ali Alipour,11,FW,30-216,38,0,0,0,0,1,0,0,0,1,1,0,0,1,1,0,,,a039dc32
INT-World Cup,2026,2026-06-15 IR Iran-New Zealand,IR Iran,Ali Nemati,19,CB,30-127,90,0,0,0,0,1,0,0,0,1,0,1,0,0,0,0,,,a039dc32
INT-World Cup,2026,2026-06-15 IR Iran-New Zealand,IR Iran,Alireza Beiranvand,1,GK,33-267,90,0,0,0,0,0,0,0,0,0,0,0,0,0,0,0,,,a039dc32
INT-World Cup,2026,2026-06-15 IR Iran-New Zealand,IR Iran,Amirhossein Hosseinzadeh,18,FW,25-228,11,0,0,0,0,0,0,0,0,0,0,0,0,1,0,0,,,a039dc32
INT-World Cup,2026,2026-06-15 IR Iran-New Zealand,IR Iran,Aria Yousefi,17,LW,24-054,45,0,0,0,0,1,1,0,0,0,1,0,0,0,1,0,,,a039dc32
INT-World Cup,2026,2026-06-15 IR Iran-New Zealand,IR Iran,Ehsan Hajsafi,3,"DF,MF",36-110,26,0,0,0,0,1,0,1,0,1,1,0,1,0,0,0,,,a039dc32
INT-World Cup,2026,2026-06-15 IR Iran-New Zealand,IR Iran,Mehdi Ghayedi,10,FW,27-192,45,0,0,0,0,1,0,0,0,2,1,0,3,0,0,0,,,a039dc32
INT-World Cup,2026,2026-06-15 IR Iran-New Zealand,IR Iran,Mehdi Taremi,9,FW,33-332,79,0,0,0,0,2,0,0,0,0,1,0,1,0,1,0,,,a039dc32
INT-World Cup,2026,2026-06-15 IR Iran-New Zealand,IR Iran,Milad Mohammadi,5,LB,32-259,90,0,0,0,0,0,0,0,0,0,0,0,2,2,0,0,,,a039dc32
INT-World Cup,2026,2026-06-15 IR Iran-New Zealand,IR Iran,Mohammad Mohebi,8,RW,27-177,90,1,0,0,0,2,1,0,0,0,0,0,0,0,0,0,,,a039dc32
INT-World Cup,2026,2026-06-15 IR Iran-New Zealand,IR Iran,Ramin Rezaeian,23,RB,36-086,90,1,1,0,0,1,1,0,0,0,2,0,11,2,1,0,,,a039dc32
INT-World Cup,2026,2026-06-15 IR Iran-New Zealand,IR Iran,Saeid Ezatolahi,6,CM,29-257,90,0,0,0,0,2,1,0,0,2,0,0,0,1,3,0,,,a039dc32
INT-World Cup,2026,2026-06-15 IR Iran-New Zealand,IR Iran,Saman Ghoddos,14,CM,32-282,64,0,0,0,0,2,0,0,0,0,0,1,0,1,3,0,,,a039dc32
INT-World Cup,2026,2026-06-15 IR Iran-New Zealand,IR Iran,Shahriar Moghanlou,20,FW,31-176,52,0,0,0,0,3,0,0,0,1,1,0,1,1,0,0,,,a039dc32
INT-World Cup,2026,2026-06-15 IR Iran-New Zealand,IR Iran,Shoja' Khalilzadeh,4,CB,37-032,90,0,0,0,0,0,0,0,0,2,0,0,0,1,1,0,,,a039dc32
INT-World Cup,2026,2026-06-15 IR Iran-New Zealand,New Zealand,Ben Old,19,MF,23-306,23,0,0,0,0,0,0,0,0,0,0,0,1,0,0,0,,,a039dc32
INT-World Cup,2026,2026-06-15 IR Iran-New Zealand,New Zealand,Callan Elliot,24,DF,26-343,13,0,0,0,0,0,0,0,0,0,0,0,0,1,0,0,,,a039dc32
INT-World Cup,2026,2026-06-15 IR Iran-New Zealand,New Zealand,Callum McCowatt,20,AM,27-046,67,0,0,0,0,2,1,0,0,0,1,0,0,1,1,0,,,a039dc32
INT-World Cup,2026,2026-06-15 IR Iran-New Zealand,New Zealand,Chris Wood,9,FW,34-190,90,0,2,0,0,4,2,0,0,0,0,0,0,0,0,0,,,a039dc32
INT-World Cup,2026,2026-06-15 IR Iran-New Zealand,New Zealand,Elijah Just,11,AM,26-045,90,2,0,0,0,2,2,0,0,1,2,0,1,1,1,0,,,a039dc32
INT-World Cup,2026,2026-06-15 IR Iran-New Zealand,New Zealand,Finn Surman,16,CB,22-265,90,0,0,0,0,1,0,0,0,0,1,0,0,1,3,0,,,a039dc32
INT-World Cup,2026,2026-06-15 IR Iran-New Zealand,New Zealand,Jesse Randall,21,MF,23-300,1,0,0,0,0,0,0,0,0,0,0,0,1,0,0,0,,,a039dc32
INT-World Cup,2026,2026-06-15 IR Iran-New Zealand,New Zealand,Joe Bell,6,DM,27-049,90,0,0,0,0,0,0,0,0,1,0,0,0,1,2,0,,,a039dc32
INT-World Cup,2026,2026-06-15 IR Iran-New Zealand,New Zealand,Liberato Cacace,13,LB,25-261,67,0,0,0,0,1,1,0,0,0,1,0,1,1,1,0,,,a039dc32
INT-World Cup,2026,2026-06-15 IR Iran-New Zealand,New Zealand,Marko Stamenic,8,DM,24-116,89,0,0,0,0,1,0,0,0,2,0,0,0,1,2,0,,,a039dc32
INT-World Cup,2026,2026-06-15 IR Iran-New Zealand,New Zealand,Max Crocombe,1,GK,32-307,90,0,0,0,0,0,0,0,0,0,1,0,0,0,0,0,,,a039dc32
INT-World Cup,2026,2026-06-15 IR Iran-New Zealand,New Zealand,Michael Boxall,5,CB,37-301,90,0,0,0,0,0,0,0,0,0,1,0,1,0,2,0,,,a039dc32
INT-World Cup,2026,2026-06-15 IR Iran-New Zealand,New Zealand,Ryan Thomas,23,"FW,MF",31-177,23,0,0,0,0,0,0,0,0,2,1,0,0,0,0,0,,,a039dc32
INT-World Cup,2026,2026-06-15 IR Iran-New Zealand,New Zealand,Sarpreet Singh,10,AM,27-115,89,0,0,0,0,3,2,0,0,1,0,0,4,1,0,0,,,a039dc32
INT-World Cup,2026,2026-06-15 IR Iran-New Zealand,New Zealand,Tim Payne,2,RB,32-156,77,0,0,0,0,0,0,0,0,1,1,0,3,1,1,0,,,a039dc32
INT-World Cup,2026,2026-06-15 IR Iran-New Zealand,New Zealand,Tyler Bindon,4,DF,21-139,1,0,0,0,0,0,0,0,0,0,1,0,0,1,0,0,,,a039dc32
INT-World Cup,2026,2026-06-15 Saudi Arabia-Uruguay,Saudi Arabia,Abdulelah Al-Amri,4,CB,29-151,90,1,0,0,0,2,2,1,0,1,0,0,0,1,1,0,,,82de5964
INT-World Cup,2026,2026-06-15 Saudi Arabia-Uruguay,Saudi Arabia,Abdullah Al-Hamdan,19,FW,26-275,1,0,0,0,0,0,0,0,0,0,0,0,0,0,0,0,,,82de5964
INT-World Cup,2026,2026-06-15 Saudi Arabia-Uruguay,Saudi Arabia,Abdullah Al-Khaibari,15,CM,29-303,90,0,0,0,0,1,0,0,0,0,0,0,0,0,1,0,,,82de5964
INT-World Cup,2026,2026-06-15 Saudi Arabia-Uruguay,Saudi Arabia,Alaa Al Hejji,18,MF,30-194,1,0,0,0,0,0,0,0,0,0,0,0,0,0,0,0,,,82de5964
INT-World Cup,2026,2026-06-15 Saudi Arabia-Uruguay,Saudi Arabia,Ali Lajami,3,DF,30-052,1,0,0,0,0,0,0,0,0,0,0,0,0,0,0,0,,,82de5964
INT-World Cup,2026,2026-06-15 Saudi Arabia-Uruguay,Saudi Arabia,Firas Al-Buraikan,9,FW,26-032,89,0,0,0,0,0,0,0,0,0,1,0,0,0,0,0,,,82de5964
INT-World Cup,2026,2026-06-15 Saudi Arabia-Uruguay,Saudi Arabia,Hassan Al Tambakti,5,CB,27-126,90,0,0,0,0,0,0,0,0,0,0,0,0,0,1,0,,,82de5964
INT-World Cup,2026,2026-06-15 Saudi Arabia-Uruguay,Saudi Arabia,Mohamed Kanno,23,CM,31-266,90,0,0,0,0,2,1,0,0,0,0,0,0,1,1,0,,,82de5964
INT-World Cup,2026,2026-06-15 Saudi Arabia-Uruguay,Saudi Arabia,Mohammed Abu Al-Shamat,26,RW,23-308,80,0,0,0,0,0,0,0,0,2,0,0,2,0,0,0,,,82de5964
INT-World Cup,2026,2026-06-15 Saudi Arabia-Uruguay,Saudi Arabia,Mohammed Al-Owais,21,GK,34-248,90,0,0,0,0,0,0,0,0,0,1,0,0,0,0,0,,,82de5964
INT-World Cup,2026,2026-06-15 Saudi Arabia-Uruguay,Saudi Arabia,Moteb Al-Harbi,24,LB,26-115,89,0,0,0,0,0,0,0,0,0,3,0,1,1,1,0,,,82de5964
INT-World Cup,2026,2026-06-15 Saudi Arabia-Uruguay,Saudi Arabia,Musab Al Juwayr,7,FW,22-360,62,0,0,0,0,0,0,0,0,1,0,0,3,1,1,0,,,82de5964
INT-World Cup,2026,2026-06-15 Saudi Arabia-Uruguay,Saudi Arabia,Nasser Al-Dawsari,6,"DF,MF",27-178,28,0,0,0,0,0,0,0,0,3,0,0,0,1,1,0,,,82de5964
INT-World Cup,2026,2026-06-15 Saudi Arabia-Uruguay,Saudi Arabia,Nawaf Boushal,13,DF,26-272,10,0,0,0,0,0,0,0,0,1,0,0,0,0,0,0,,,82de5964
INT-World Cup,2026,2026-06-15 Saudi Arabia-Uruguay,Saudi Arabia,Salem Al-Dawsari,10,LW,34-300,90,0,0,0,0,1,0,0,0,1,0,0,1,1,0,0,,,82de5964
INT-World Cup,2026,2026-06-15 Saudi Arabia-Uruguay,Saudi Arabia,Saud Abdulhamid,12,RB,26-332,89,0,0,0,0,1,0,0,0,2,1,0,0,3,0,0,,,82de5964
INT-World Cup,2026,2026-06-15 Saudi Arabia-Uruguay,Uruguay,Agustín Canobbio,14,"FW,MF",27-257,45,0,0,0,0,1,0,0,0,0,1,0,4,0,2,0,,,82de5964
INT-World Cup,2026,2026-06-15 Saudi Arabia-Uruguay,Uruguay,Brian Rodríguez,18,"FW,MF",26-026,10,0,0,0,0,2,1,0,0,0,1,0,6,0,0,0,,,82de5964
INT-World Cup,2026,2026-06-15 Saudi Arabia-Uruguay,Uruguay,Darwin Núñez,9,FW,26-356,45,0,0,0,0,1,0,0,0,1,0,0,0,1,1,0,,,82de5964
INT-World Cup,2026,2026-06-15 Saudi Arabia-Uruguay,Uruguay,Federico Valverde,8,RW,27-328,90,0,0,0,0,3,2,0,0,1,0,0,8,0,1,0,,,82de5964
INT-World Cup,2026,2026-06-15 Saudi Arabia-Uruguay,Uruguay,Federico Viñas,21,FW,27-350,89,0,0,0,0,5,3,0,0,0,0,2,0,0,0,0,,,82de5964
INT-World Cup,2026,2026-06-15 Saudi Arabia-Uruguay,Uruguay,Fernando Muslera,23,GK,39-364,90,0,0,0,0,0,0,0,0,0,0,0,0,0,0,0,,,82de5964
INT-World Cup,2026,2026-06-15 Saudi Arabia-Uruguay,Uruguay,Guillermo Varela,13,RB,33-083,90,0,0,0,0,2,0,0,0,1,0,0,6,0,4,0,,,82de5964
INT-World Cup,2026,2026-06-15 Saudi Arabia-Uruguay,Uruguay,Juan Manuel Sanabria,25,"DF,MF",26-078,45,0,0,0,0,3,0,0,0,0,0,1,6,0,0,0,,,82de5964
INT-World Cup,2026,2026-06-15 Saudi Arabia-Uruguay,Uruguay,Manuel Ugarte,5,CM,25-065,71,0,0,0,0,2,1,0,0,0,0,0,0,0,2,0,,,82de5964
INT-World Cup,2026,2026-06-15 Saudi Arabia-Uruguay,Uruguay,Mathías Olivera,16,CB,28-227,90,0,0,0,0,1,0,0,0,0,0,0,3,0,0,0,,,82de5964
INT-World Cup,2026,2026-06-15 Saudi Arabia-Uruguay,Uruguay,Matías Viña,17,LB,28-218,45,0,0,0,0,0,0,0,0,0,1,1,2,0,0,0,,,82de5964
INT-World Cup,2026,2026-06-15 Saudi Arabia-Uruguay,Uruguay,Maxi Araújo,20,LW,26-120,80,1,0,0,0,2,2,0,0,1,3,2,6,0,0,0,,,82de5964
INT-World Cup,2026,2026-06-15 Saudi Arabia-Uruguay,Uruguay,Nicolás De La Cruz,7,MF,29-014,19,0,0,0,0,2,1,0,0,0,1,0,4,0,0,0,,,82de5964
INT-World Cup,2026,2026-06-15 Saudi Arabia-Uruguay,Uruguay,Rodrigo Aguirre,19,FW,31-257,1,0,0,0,0,0,0,0,0,0,0,0,0,0,0,0,,,82de5964
INT-World Cup,2026,2026-06-15 Saudi Arabia-Uruguay,Uruguay,Rodrigo Bentancur,6,CM,28-355,90,0,0,0,0,1,0,0,0,1,2,0,1,1,0,0,,,82de5964
INT-World Cup,2026,2026-06-15 Saudi Arabia-Uruguay,Uruguay,Sebastián Cáceres,3,CB,26-301,90,0,0,0,0,2,0,0,0,1,2,0,1,0,0,0,,,82de5964
INT-World Cup,2026,2026-06-15 Spain-Cabo Verde,Cabo Verde,Dailon Livramento,19,FW,25-042,60,0,0,0,0,1,0,0,0,0,1,1,0,0,0,0,,,c100284d
INT-World Cup,2026,2026-06-15 Spain-Cabo Verde,Cabo Verde,Deroy Duarte,14,MF,26-346,30,0,0,0,0,0,0,0,0,0,0,0,0,0,1,0,,,c100284d
INT-World Cup,2026,2026-06-15 Spain-Cabo Verde,Cabo Verde,Diney,3,CB,31-149,90,0,0,0,0,1,1,0,0,0,0,0,0,2,2,0,,,c100284d
INT-World Cup,2026,2026-06-15 Spain-Cabo Verde,Cabo Verde,Jamiro Monteiro,10,CM,32-204,78,0,0,0,0,0,0,0,0,0,0,0,0,3,2,0,,,c100284d
INT-World Cup,2026,2026-06-15 Spain-Cabo Verde,Cabo Verde,Jovane Cabral,7,FW,28-001,60,0,0,0,0,1,0,0,0,0,0,0,0,1,1,0,,,c100284d
INT-World Cup,2026,2026-06-15 Spain-Cabo Verde,Cabo Verde,João Paulo Fernandes,8,"DF,MF",28-020,15,0,0,0,0,0,0,0,0,0,1,0,0,0,2,0,,,c100284d
INT-World Cup,2026,2026-06-15 Spain-Cabo Verde,Cabo Verde,Kevin Pina,6,DM,29-139,90,0,0,0,0,1,0,0,0,0,1,0,0,1,1,0,,,c100284d
INT-World Cup,2026,2026-06-15 Spain-Cabo Verde,Cabo Verde,Laros Duarte,15,CM,29-107,60,0,0,0,0,0,0,0,0,0,0,0,1,0,0,0,,,c100284d
INT-World Cup,2026,2026-06-15 Spain-Cabo Verde,Cabo Verde,Nuno da Costa,21,"FW,MF",35-125,30,0,0,0,0,0,0,0,0,0,1,0,0,1,0,0,,,c100284d
INT-World Cup,2026,2026-06-15 Spain-Cabo Verde,Cabo Verde,Pico,4,CB,33-363,90,0,0,0,0,0,0,0,0,0,0,0,0,0,2,0,,,c100284d
INT-World Cup,2026,2026-06-15 Spain-Cabo Verde,Cabo Verde,Ryan Mendes,20,FW,36-158,90,0,0,0,0,1,0,0,0,0,2,2,0,1,0,0,,,c100284d
INT-World Cup,2026,2026-06-15 Spain-Cabo Verde,Cabo Verde,Sidny Lopes Cabral,13,LB,23-270,75,0,0,0,0,0,0,1,0,1,2,0,1,1,3,0,,,c100284d
INT-World Cup,2026,2026-06-15 Spain-Cabo Verde,Cabo Verde,Steven Moreira,22,RB,31-306,90,0,0,0,0,1,0,0,0,0,0,0,1,0,1,0,,,c100284d
INT-World Cup,2026,2026-06-15 Spain-Cabo Verde,Cabo Verde,Telmo Arcanjo,18,MF,24-359,12,0,0,0,0,0,0,0,0,0,0,0,1,0,0,0,,,c100284d
INT-World Cup,2026,2026-06-15 Spain-Cabo Verde,Cabo Verde,Vozinha,1,GK,40-012,90,0,0,0,0,0,0,0,0,0,1,0,0,0,0,0,,,c100284d
INT-World Cup,2026,2026-06-15 Spain-Cabo Verde,Cabo Verde,Willy Semedo,17,"FW,MF",32-049,30,0,0,0,0,0,0,0,0,0,0,0,0,0,1,0,,,c100284d
INT-World Cup,2026,2026-06-15 Spain-Cabo Verde,Spain,Aymeric Laporte,14,CB,32-019,90,0,0,0,0,2,1,0,0,0,0,0,1,0,2,0,,,c100284d
INT-World Cup,2026,2026-06-15 Spain-Cabo Verde,Spain,Dani Olmo,10,"FW,MF",28-039,10,0,0,0,0,0,0,0,0,0,0,0,0,0,0,0,,,c100284d
INT-World Cup,2026,2026-06-15 Spain-Cabo Verde,Spain,Fabián Ruiz Peña,8,CM,30-073,70,0,0,0,0,5,1,0,0,0,0,0,2,1,1,0,,,c100284d
INT-World Cup,2026,2026-06-15 Spain-Cabo Verde,Spain,Ferran Torres,7,FW,26-106,80,0,0,0,0,4,1,0,0,2,0,0,4,0,0,0,,,c100284d
INT-World Cup,2026,2026-06-15 Spain-Cabo Verde,Spain,Gavi,9,FW,21-314,70,0,0,0,0,1,0,0,0,2,0,0,2,2,1,0,,,c100284d
INT-World Cup,2026,2026-06-15 Spain-Cabo Verde,Spain,Lamine Yamal,19,"FW,MF",18-337,20,0,0,0,0,2,0,0,0,1,0,0,7,0,0,0,,,c100284d
INT-World Cup,2026,2026-06-15 Spain-Cabo Verde,Spain,Marc Cucurella,24,LB,27-328,90,0,0,0,0,2,1,0,0,1,0,1,4,1,0,0,,,c100284d
INT-World Cup,2026,2026-06-15 Spain-Cabo Verde,Spain,Marcos Llorente,5,RB,31-136,90,0,0,0,0,0,0,0,0,1,1,0,2,2,0,0,,,c100284d
INT-World Cup,2026,2026-06-15 Spain-Cabo Verde,Spain,Mikel Merino,6,MF,29-358,20,0,0,0,0,1,1,0,0,1,0,0,0,1,0,0,,,c100284d
INT-World Cup,2026,2026-06-15 Spain-Cabo Verde,Spain,Mikel Oyarzabal,21,FW,29-055,90,0,0,0,0,5,1,0,0,0,0,0,1,1,0,0,,,c100284d
INT-World Cup,2026,2026-06-15 Spain-Cabo Verde,Spain,Nico Williams,17,MF,23-338,4,0,0,0,0,0,0,0,0,0,0,0,0,0,0,0,,,c100284d
INT-World Cup,2026,2026-06-15 Spain-Cabo Verde,Spain,Pau Cubarsí,22,CB,19-144,90,0,0,0,0,1,0,0,0,0,0,0,0,0,1,0,,,c100284d
INT-World Cup,2026,2026-06-15 Spain-Cabo Verde,Spain,Pedri,20,CM,23-202,90,0,0,0,0,2,1,1,0,1,0,1,11,2,1,0,,,c100284d
INT-World Cup,2026,2026-06-15 Spain-Cabo Verde,Spain,Rodri,16,DM,29-358,86,0,0,0,0,2,0,0,0,1,0,0,2,2,0,0,,,c100284d
INT-World Cup,2026,2026-06-15 Spain-Cabo Verde,Spain,Unai Simón,23,GK,29-004,90,0,0,0,0,0,0,0,0,0,0,0,0,0,0,0,,,c100284d
INT-World Cup,2026,2026-06-16 Argentina-Algeria,Algeria,Adil Boulbina,20,FW,23-045,10,0,0,0,0,0,0,0,0,0,0,0,0,0,0,0,,,881ab666
INT-World Cup,2026,2026-06-16 Argentina-Algeria,Algeria,Amine Gouiri,9,FW,26-120,63,0,0,0,0,0,0,0,0,1,1,0,0,0,0,0,,,881ab666
INT-World Cup,2026,2026-06-16 Argentina-Algeria,Algeria,Anis Hadj Moussa,11,AM,24-125,63,0,0,0,0,1,0,0,0,0,1,0,1,0,0,0,,,881ab666
INT-World Cup,2026,2026-06-16 Argentina-Algeria,Algeria,Aïssa Mandi,2,CB,34-237,90,0,0,0,0,0,0,0,0,0,4,0,0,1,2,0,,,881ab666
INT-World Cup,2026,2026-06-16 Argentina-Algeria,Algeria,Fares Chaïbi,10,AM,23-200,90,0,0,0,0,3,0,0,0,1,0,1,2,2,0,0,,,881ab666
INT-World Cup,2026,2026-06-16 Argentina-Algeria,Algeria,Hicham Boudaoui,14,DM,26-266,63,0,0,0,0,0,0,0,0,2,0,0,1,0,0,0,,,881ab666
INT-World Cup,2026,2026-06-16 Argentina-Algeria,Algeria,Houssem Aouar,8,MF,27-351,27,0,0,0,0,1,0,0,0,0,1,0,0,0,0,0,,,881ab666
INT-World Cup,2026,2026-06-16 Argentina-Algeria,Algeria,Ibrahim Maza,22,AM,20-204,81,0,0,0,0,1,0,0,0,0,2,0,0,0,0,0,,,881ab666
INT-World Cup,2026,2026-06-16 Argentina-Algeria,Algeria,Luca Zidane,23,GK,28-034,90,0,0,0,0,0,0,0,0,0,0,0,0,0,0,0,,,881ab666
INT-World Cup,2026,2026-06-16 Argentina-Algeria,Algeria,Mohamed Amoura,18,"FW,MF",26-038,27,0,0,0,0,0,0,0,0,1,0,0,0,0,0,0,,,881ab666
INT-World Cup,2026,2026-06-16 Argentina-Algeria,Algeria,Nabil Bentaleb,19,DM,31-204,80,0,0,0,0,0,0,0,0,0,0,0,0,2,2,0,,,881ab666
INT-World Cup,2026,2026-06-16 Argentina-Algeria,Algeria,Rafik Belghali,17,RB,24-009,90,0,0,0,0,0,0,0,0,2,0,0,1,1,0,0,,,881ab666
INT-World Cup,2026,2026-06-16 Argentina-Algeria,Algeria,Ramiz Zerrouki,6,MF,28-021,9,0,0,0,0,0,0,0,0,0,0,0,0,0,0,0,,,881ab666
INT-World Cup,2026,2026-06-16 Argentina-Algeria,Algeria,Ramy Bensebaini,21,CB,31-061,90,0,0,0,0,0,0,0,0,0,2,0,0,1,3,0,,,881ab666
INT-World Cup,2026,2026-06-16 Argentina-Algeria,Algeria,Rayan Aït-Nouri,15,LB,25-010,90,0,0,0,0,0,0,0,0,1,1,0,3,3,1,0,,,881ab666
INT-World Cup,2026,2026-06-16 Argentina-Algeria,Algeria,Riyad Mahrez,7,"FW,MF",35-115,27,0,0,0,0,1,0,0,0,0,1,0,0,0,0,0,,,881ab666
INT-World Cup,2026,2026-06-16 Argentina-Algeria,Argentina,Alexis Mac Allister,20,CM,27-174,90,0,0,0,0,2,1,0,0,2,1,0,0,0,2,0,,,881ab666
INT-World Cup,2026,2026-06-16 Argentina-Algeria,Argentina,Cristian Romero,13,CB,28-050,79,0,0,0,0,0,0,0,0,2,1,0,0,1,0,0,,,881ab666
INT-World Cup,2026,2026-06-16 Argentina-Algeria,Argentina,Emiliano Martínez,23,GK,33-287,90,0,0,0,0,0,0,0,0,0,0,0,0,0,0,0,,,881ab666
INT-World Cup,2026,2026-06-16 Argentina-Algeria,Argentina,Enzo Fernández,24,CM,25-150,90,0,0,0,0,0,0,0,0,1,1,0,0,2,3,0,,,881ab666
INT-World Cup,2026,2026-06-16 Argentina-Algeria,Argentina,Facundo Medina,25,LB,27-019,90,0,0,0,0,0,0,0,0,2,1,0,0,2,0,0,,,881ab666
INT-World Cup,2026,2026-06-16 Argentina-Algeria,Argentina,Gonzalo Montiel,4,RB,29-166,45,0,0,0,0,0,0,0,0,1,0,0,0,2,1,0,,,881ab666
INT-World Cup,2026,2026-06-16 Argentina-Algeria,Argentina,Julián Álvarez,9,"FW,MF",26-136,36,0,0,0,0,0,0,0,0,1,0,0,0,1,0,0,,,881ab666
INT-World Cup,2026,2026-06-16 Argentina-Algeria,Argentina,Lautaro Martínez,22,FW,28-298,54,0,0,0,0,1,1,0,0,2,0,1,0,0,0,0,,,881ab666
INT-World Cup,2026,2026-06-16 Argentina-Algeria,Argentina,Lionel Messi,10,FW,38-357,79,3,0,0,0,6,4,0,0,1,1,1,3,2,0,0,,,881ab666
INT-World Cup,2026,2026-06-16 Argentina-Algeria,Argentina,Lisandro Martínez,6,CB,28-149,90,0,0,0,0,0,0,0,0,0,0,0,0,1,1,0,,,881ab666
INT-World Cup,2026,2026-06-16 Argentina-Algeria,Argentina,Nahuel Molina,26,"DF,MF",28-071,45,0,0,0,0,0,0,0,0,0,0,0,0,0,1,0,,,881ab666
INT-World Cup,2026,2026-06-16 Argentina-Algeria,Argentina,Nicolás González,15,"FW,MF",28-071,36,0,1,0,0,0,0,0,0,0,0,0,1,0,0,0,,,881ab666
INT-World Cup,2026,2026-06-16 Argentina-Algeria,Argentina,Nicolás Otamendi,19,DF,38-124,11,0,0,0,0,0,0,0,0,0,0,0,0,1,2,0,,,881ab666
INT-World Cup,2026,2026-06-16 Argentina-Algeria,Argentina,Nicolás Paz,18,MF,21-281,11,0,0,0,0,0,0,0,0,1,0,0,0,1,0,0,,,881ab666
INT-World Cup,2026,2026-06-16 Argentina-Algeria,Argentina,Rodrigo De Paul,7,RW,32-023,90,0,1,0,0,0,0,0,0,0,1,0,1,2,2,0,,,881ab666
INT-World Cup,2026,2026-06-16 Argentina-Algeria,Argentina,Thiago Almada,16,LW,25-051,54,0,0,0,0,1,0,0,0,0,1,1,0,2,0,0,,,881ab666
INT-World Cup,2026,2026-06-16 Austria-Jordan,Austria,Alexander Schlager,1,GK,30-135,90,0,0,0,0,0,0,0,0,0,0,0,0,0,0,0,,,140e19d9
INT-World Cup,2026,2026-06-16 Austria-Jordan,Austria,Carney Chukwuemeka,17,MF,22-239,32,0,0,0,0,1,1,0,0,1,0,0,0,0,0,0,,,140e19d9
INT-World Cup,2026,2026-06-16 Austria-Jordan,Austria,David Alaba,8,CB,33-357,58,0,0,0,0,1,0,0,0,0,0,0,0,0,2,0,,,140e19d9
INT-World Cup,2026,2026-06-16 Austria-Jordan,Austria,Kevin Danso,3,"DF,MF",27-270,32,0,0,0,0,0,0,0,0,0,1,0,0,1,0,0,,,140e19d9
INT-World Cup,2026,2026-06-16 Austria-Jordan,Austria,Konrad Laimer,20,AM,29-020,90,0,0,0,0,1,0,0,0,3,0,2,1,1,1,0,,,140e19d9
INT-World Cup,2026,2026-06-16 Austria-Jordan,Austria,Marcel Sabitzer,9,AM,32-091,90,0,0,0,0,1,0,1,0,0,0,0,10,0,3,0,,,140e19d9
INT-World Cup,2026,2026-06-16 Austria-Jordan,Austria,Marko Arnautović,7,"FW,MF",37-058,45,1,0,1,1,2,2,0,0,0,1,1,0,0,0,0,,,140e19d9
INT-World Cup,2026,2026-06-16 Austria-Jordan,Austria,Nicolas Seiwald,6,DM,25-043,90,0,0,0,0,0,0,0,0,1,1,0,1,2,1,0,,,140e19d9
INT-World Cup,2026,2026-06-16 Austria-Jordan,Austria,Patrick Wimmer,21,"FW,MF",25-017,8,0,0,0,0,0,0,0,0,0,0,0,0,0,1,0,,,140e19d9
INT-World Cup,2026,2026-06-16 Austria-Jordan,Austria,Paul Wanner,24,MF,20-175,32,0,0,0,0,0,0,0,0,0,0,0,0,0,0,0,,,140e19d9
INT-World Cup,2026,2026-06-16 Austria-Jordan,Austria,Philipp Lienhart,15,CB,29-340,90,0,0,0,0,0,0,0,0,0,0,0,0,1,1,0,,,140e19d9
INT-World Cup,2026,2026-06-16 Austria-Jordan,Austria,Phillipp Mwene,16,LB,32-138,58,0,0,0,0,0,0,0,0,1,0,0,3,0,0,0,,,140e19d9
INT-World Cup,2026,2026-06-16 Austria-Jordan,Austria,Romano Schmid,18,AM,26-140,82,1,0,0,0,1,1,0,0,0,0,0,2,1,0,0,,,140e19d9
INT-World Cup,2026,2026-06-16 Austria-Jordan,Austria,Saša Kalajdžić,14,FW,28-344,45,0,0,0,0,2,0,0,0,1,2,0,0,0,0,0,,,140e19d9
INT-World Cup,2026,2026-06-16 Austria-Jordan,Austria,Stefan Posch,5,RB,29-033,90,0,0,0,0,2,0,0,0,3,1,0,0,1,3,0,,,140e19d9
INT-World Cup,2026,2026-06-16 Austria-Jordan,Austria,Xaver Schlager,4,DM,28-261,58,0,1,0,0,0,0,0,0,2,0,0,0,1,3,0,,,140e19d9
INT-World Cup,2026,2026-06-16 Austria-Jordan,Jordan,Abdallah Nasib,3,CB,32-111,80,0,0,0,0,0,0,0,0,1,1,0,0,0,5,0,,,140e19d9
INT-World Cup,2026,2026-06-16 Austria-Jordan,Jordan,Ali Azaizeh,24,MF,22-064,2,0,0,0,0,1,0,0,0,0,0,0,0,0,0,0,,,140e19d9
INT-World Cup,2026,2026-06-16 Austria-Jordan,Jordan,Ali Olwan,9,LM,26-082,90,1,0,0,0,4,2,0,0,0,2,0,2,0,1,0,,,140e19d9
INT-World Cup,2026,2026-06-16 Austria-Jordan,Jordan,Ihsan Haddad,23,RB,32-131,80,0,0,0,0,1,0,0,0,0,1,0,5,0,0,0,,,140e19d9
INT-World Cup,2026,2026-06-16 Austria-Jordan,Jordan,Mahmoud Al-Mardi,13,"FW,MF",32-253,10,0,0,0,0,0,0,0,0,0,0,0,2,1,0,0,,,140e19d9
INT-World Cup,2026,2026-06-16 Austria-Jordan,Jordan,Mo Abualnadi,16,CB,25-128,71,0,0,0,0,0,0,0,0,0,0,0,0,0,0,0,,,140e19d9
INT-World Cup,2026,2026-06-16 Austria-Jordan,Jordan,Mohammad Al-Dawud,25,"FW,MF",34-065,3,0,0,0,0,0,0,0,0,0,0,0,0,0,0,0,,,140e19d9
INT-World Cup,2026,2026-06-16 Austria-Jordan,Jordan,Mohannad Abu Taha,20,LB,23-134,90,0,0,0,0,0,0,0,0,1,1,0,5,0,0,0,,,140e19d9
INT-World Cup,2026,2026-06-16 Austria-Jordan,Jordan,Musa Al-Taamari,10,FW,29-006,87,0,0,0,0,4,1,0,0,1,1,1,0,0,0,0,,,140e19d9
INT-World Cup,2026,2026-06-16 Austria-Jordan,Jordan,Nizar Al Rashdan,21,CM,27-085,90,0,0,0,0,0,0,0,0,3,1,0,0,2,0,0,,,140e19d9
INT-World Cup,2026,2026-06-16 Austria-Jordan,Jordan,Noor Al Rawabdeh,8,CM,29-112,90,0,1,0,0,0,0,0,0,0,0,0,0,2,1,0,,,140e19d9
INT-World Cup,2026,2026-06-16 Austria-Jordan,Jordan,Odeh Al-Fakhouri,11,RM,20-206,88,0,0,0,0,1,1,0,0,0,2,0,1,1,1,0,,,140e19d9
INT-World Cup,2026,2026-06-16 Austria-Jordan,Jordan,Saed Al-Rosan,19,DF,29-135,10,0,0,0,0,0,0,0,0,0,0,0,0,0,0,0,,,140e19d9
INT-World Cup,2026,2026-06-16 Austria-Jordan,Jordan,Salim Obaid,17,DF,34-150,19,0,0,0,0,0,0,0,0,1,0,0,0,1,0,0,,,140e19d9
INT-World Cup,2026,2026-06-16 Austria-Jordan,Jordan,Yazan Al-Arab,5,CB,30-136,90,0,0,0,0,0,0,0,0,0,0,0,0,0,4,1,,,140e19d9
INT-World Cup,2026,2026-06-16 Austria-Jordan,Jordan,Yazeed Abulaila,1,GK,33-159,90,0,0,0,0,0,0,0,0,0,0,0,0,0,0,0,,,140e19d9
INT-World Cup,2026,2026-06-16 France-Senegal,France,Adrien Rabiot,14,DM,31-074,90,0,1,0,0,0,0,0,0,1,0,0,0,0,0,0,,,2712fac7
INT-World Cup,2026,2026-06-16 France-Senegal,France,Aurélien Tchouaméni,8,DM,26-140,90,0,0,0,0,0,0,0,0,0,0,0,0,3,2,0,,,2712fac7
INT-World Cup,2026,2026-06-16 France-Senegal,France,Bradley Barcola,12,"FW,MF",23-287,11,1,0,0,0,1,1,0,0,0,0,0,0,0,0,0,,,2712fac7
INT-World Cup,2026,2026-06-16 France-Senegal,France,Dayot Upamecano,4,CB,27-232,90,0,0,0,0,0,0,0,0,1,1,0,0,5,3,0,,,2712fac7
INT-World Cup,2026,2026-06-16 France-Senegal,France,Désiré Doué,20,AM,21-013,86,0,0,0,0,2,1,0,0,0,1,0,0,0,0,0,,,2712fac7
INT-World Cup,2026,2026-06-16 France-Senegal,France,Jules Koundé,5,RB,27-216,90,0,0,0,0,0,0,0,0,1,0,1,3,3,0,0,,,2712fac7
INT-World Cup,2026,2026-06-16 France-Senegal,France,Kylian Mbappé,10,FW,27-178,90,2,0,0,0,4,4,0,0,2,1,0,0,0,0,0,,,2712fac7
INT-World Cup,2026,2026-06-16 France-Senegal,France,Michael Olise,11,AM,24-186,90,0,1,0,0,2,2,0,0,0,2,0,3,1,0,0,,,2712fac7
INT-World Cup,2026,2026-06-16 France-Senegal,France,Mike Maignan,16,GK,30-348,90,0,0,0,0,0,0,0,0,0,1,0,0,0,0,0,,,2712fac7
INT-World Cup,2026,2026-06-16 France-Senegal,France,Ousmane Dembélé,7,AM,29-032,79,0,0,0,0,1,0,0,0,0,1,0,2,1,0,0,,,2712fac7
INT-World Cup,2026,2026-06-16 France-Senegal,France,Rayan Cherki,24,"FW,MF",22-303,4,0,0,0,0,0,0,0,0,0,1,0,0,0,0,0,,,2712fac7
INT-World Cup,2026,2026-06-16 France-Senegal,France,Theo Hernández,19,LB,28-253,90,0,0,0,0,1,0,0,0,0,0,0,1,1,1,0,,,2712fac7
INT-World Cup,2026,2026-06-16 France-Senegal,France,William Saliba,17,CB,25-084,90,0,0,0,0,0,0,0,0,0,0,0,0,0,1,0,,,2712fac7
INT-World Cup,2026,2026-06-16 France-Senegal,Senegal,Bamba Dieng,9,FW,26-085,8,0,0,0,0,0,0,0,0,0,0,0,0,0,0,0,,,2712fac7
INT-World Cup,2026,2026-06-16 France-Senegal,Senegal,El Hadji Malick Diouf,25,LB,21-170,90,0,0,0,0,0,0,0,0,1,0,0,3,0,1,0,,,2712fac7
INT-World Cup,2026,2026-06-16 France-Senegal,Senegal,Habib Diarra,21,MF,22-164,15,0,0,0,0,0,0,0,0,2,1,0,0,0,0,0,,,2712fac7
INT-World Cup,2026,2026-06-16 France-Senegal,Senegal,Ibrahim Mbaye,20,FW,18-143,16,1,0,0,0,1,1,0,0,0,0,0,2,0,0,0,,,2712fac7
INT-World Cup,2026,2026-06-16 France-Senegal,Senegal,Idrissa Gueye,5,DM,36-263,87,0,0,0,0,0,0,0,0,1,0,0,0,2,0,0,,,2712fac7
INT-World Cup,2026,2026-06-16 France-Senegal,Senegal,Iliman Ndiaye,13,"FW,MF",26-102,8,0,1,0,0,0,0,0,0,0,0,0,0,0,1,0,,,2712fac7
INT-World Cup,2026,2026-06-16 France-Senegal,Senegal,Ismaila Sarr,18,AM,28-111,74,0,0,0,0,3,0,0,0,0,0,0,1,0,0,0,,,2712fac7
INT-World Cup,2026,2026-06-16 France-Senegal,Senegal,Kalidou Koulibaly,3,CB,34-361,90,0,0,0,0,0,0,0,0,0,0,0,0,1,1,0,,,2712fac7
INT-World Cup,2026,2026-06-16 France-Senegal,Senegal,Krépin Diatta,15,RB,27-111,90,0,0,0,0,0,0,0,0,0,0,0,1,5,1,0,,,2712fac7
INT-World Cup,2026,2026-06-16 France-Senegal,Senegal,Lamine Camara,8,AM,22-166,75,0,0,0,0,0,0,0,0,2,0,0,2,0,0,0,,,2712fac7
INT-World Cup,2026,2026-06-16 France-Senegal,Senegal,Moussa Niakhaté,19,CB,30-100,90,0,0,0,0,0,0,0,0,0,1,0,0,0,0,0,,,2712fac7
INT-World Cup,2026,2026-06-16 France-Senegal,Senegal,Nicolas Jackson,11,FW,24-361,82,0,0,0,0,1,0,0,0,2,0,3,0,1,0,0,,,2712fac7
INT-World Cup,2026,2026-06-16 France-Senegal,Senegal,Pape Gueye,26,DM,27-143,82,0,0,0,0,0,0,0,0,1,0,0,0,0,2,0,,,2712fac7
INT-World Cup,2026,2026-06-16 France-Senegal,Senegal,Pathé Ciss,6,"DF,MF",32-092,3,0,0,0,0,0,0,0,0,0,0,0,0,0,0,0,,,2712fac7
INT-World Cup,2026,2026-06-16 France-Senegal,Senegal,Sadio Mané,10,AM,34-067,90,0,0,0,0,1,1,0,0,0,3,0,0,0,2,0,,,2712fac7
INT-World Cup,2026,2026-06-16 France-Senegal,Senegal,Édouard Mendy,16,GK,34-107,90,0,0,0,0,0,0,0,0,0,0,0,0,0,0,0,,,2712fac7
INT-World Cup,2026,2026-06-16 Iraq-Norway,Iraq,Ahmed Qasem,11,"FW,MF",22-339,18,0,0,0,0,0,0,0,0,0,0,0,0,0,0,0,,,17eda16a
INT-World Cup,2026,2026-06-16 Iraq-Norway,Iraq,Akam Hashim,5,CB,27-304,90,0,0,0,0,1,0,0,0,0,2,0,0,0,0,0,,,17eda16a
INT-World Cup,2026,2026-06-16 Iraq-Norway,Iraq,Ali Al Hamadi,9,FW,24-107,58,0,0,0,0,3,0,0,0,1,0,0,0,1,1,0,,,17eda16a
INT-World Cup,2026,2026-06-16 Iraq-Norway,Iraq,Ali Jasim,17,LW,22-147,72,0,0,0,0,0,0,0,0,0,0,0,2,1,0,0,,,17eda16a
INT-World Cup,2026,2026-06-16 Iraq-Norway,Iraq,Amir Al Ammari,16,CM,28-324,90,0,1,0,0,0,0,0,0,1,0,0,4,0,0,0,,,17eda16a
INT-World Cup,2026,2026-06-16 Iraq-Norway,Iraq,Ayman Hussein,18,FW,30-086,90,1,0,0,0,3,1,0,0,2,1,0,0,0,0,1,,,17eda16a
INT-World Cup,2026,2026-06-16 Iraq-Norway,Iraq,Hussein Ali,3,RB,24-107,72,0,0,0,0,1,0,0,0,1,0,1,0,0,1,0,,,17eda16a
INT-World Cup,2026,2026-06-16 Iraq-Norway,Iraq,Ibrahim Bayesh,8,RW,26-046,77,0,0,0,0,1,0,0,0,0,2,0,4,1,1,0,,,17eda16a
INT-World Cup,2026,2026-06-16 Iraq-Norway,Iraq,Jalal Hassan,12,GK,35-029,90,0,0,0,0,0,0,0,0,0,1,0,0,0,0,0,,,17eda16a
INT-World Cup,2026,2026-06-16 Iraq-Norway,Iraq,Marko Farji,21,MF,22-092,32,0,0,0,0,0,0,0,0,0,1,0,0,1,1,0,,,17eda16a
INT-World Cup,2026,2026-06-16 Iraq-Norway,Iraq,Merchas Doski,23,LB,26-191,90,0,0,0,0,0,0,0,0,0,4,0,3,5,1,0,,,17eda16a
INT-World Cup,2026,2026-06-16 Iraq-Norway,Iraq,Mohanad Ali,10,FW,25-361,13,0,0,0,0,0,0,0,0,0,0,0,0,0,0,0,,,17eda16a
INT-World Cup,2026,2026-06-16 Iraq-Norway,Iraq,Mustafa Saadoon,25,DF,25-022,18,0,0,0,0,0,0,0,0,2,0,0,0,1,0,0,,,17eda16a
INT-World Cup,2026,2026-06-16 Iraq-Norway,Iraq,Zaid Ismail,24,CM,24-164,58,0,0,0,0,0,0,0,0,2,0,0,0,3,0,0,,,17eda16a
INT-World Cup,2026,2026-06-16 Iraq-Norway,Iraq,Zaid Tahseen,4,CB,25-138,90,0,0,0,0,2,0,1,0,3,2,0,0,0,0,0,,,17eda16a
INT-World Cup,2026,2026-06-16 Iraq-Norway,Iraq,Zidane Iqbal,14,MF,23-050,32,0,0,0,0,0,0,0,0,0,0,0,0,0,0,0,,,17eda16a
INT-World Cup,2026,2026-06-16 Iraq-Norway,Norway,Alexander Sørloth,7,FW,30-193,72,0,0,0,0,2,0,0,0,3,1,0,0,0,0,0,,,17eda16a
INT-World Cup,2026,2026-06-16 Iraq-Norway,Norway,Andreas Schjelderup,21,"FW,MF",22-015,18,0,0,0,0,0,0,0,0,0,1,0,0,0,0,0,,,17eda16a
INT-World Cup,2026,2026-06-16 Iraq-Norway,Norway,Antonio Nusa,20,FW,21-060,72,0,0,0,0,0,0,0,0,0,2,0,3,0,0,0,,,17eda16a
INT-World Cup,2026,2026-06-16 Iraq-Norway,Norway,David Møller Wolfe,5,LB,24-054,72,0,1,0,0,0,0,0,0,3,1,0,2,1,0,0,,,17eda16a
INT-World Cup,2026,2026-06-16 Iraq-Norway,Norway,Erling Haaland,9,FW,25-330,90,2,0,0,0,5,4,0,0,2,3,0,0,0,0,0,,,17eda16a
INT-World Cup,2026,2026-06-16 Iraq-Norway,Norway,Fredrik Aursnes,14,CM,30-188,72,0,0,0,0,0,0,0,0,0,0,0,0,1,0,0,,,17eda16a
INT-World Cup,2026,2026-06-16 Iraq-Norway,Norway,Julian Ryerson,26,RB,28-211,90,0,0,0,0,0,0,0,0,2,0,0,9,3,0,0,,,17eda16a
INT-World Cup,2026,2026-06-16 Iraq-Norway,Norway,Kristian Thorstvedt,18,MF,27-095,18,0,0,0,0,2,0,0,0,0,0,0,0,1,0,0,,,17eda16a
INT-World Cup,2026,2026-06-16 Iraq-Norway,Norway,Kristoffer Ajer,3,CB,28-060,90,0,0,0,0,0,0,0,0,0,1,0,1,0,1,0,,,17eda16a
INT-World Cup,2026,2026-06-16 Iraq-Norway,Norway,Leo Østigård,4,"DF,FW",26-200,18,1,0,0,0,2,1,0,0,0,0,0,0,0,0,0,,,17eda16a
INT-World Cup,2026,2026-06-16 Iraq-Norway,Norway,Martin Ødegaard,10,CM,27-181,80,0,1,0,0,1,0,0,0,1,1,0,2,2,0,0,,,17eda16a
INT-World Cup,2026,2026-06-16 Iraq-Norway,Norway,Oscar Bobb,22,"FW,MF",22-339,18,0,0,0,0,0,0,0,0,0,0,0,0,0,1,0,,,17eda16a
INT-World Cup,2026,2026-06-16 Iraq-Norway,Norway,Patrick Berg,6,"DF,MF",28-204,10,0,0,0,0,0,0,0,0,0,0,0,0,0,0,0,,,17eda16a
INT-World Cup,2026,2026-06-16 Iraq-Norway,Norway,Sander Berge,8,DM,28-122,90,0,0,0,0,0,0,0,0,1,1,0,0,1,1,0,,,17eda16a
INT-World Cup,2026,2026-06-16 Iraq-Norway,Norway,Torbjørn Heggem,17,CB,27-155,90,0,0,0,0,0,0,0,0,1,0,0,0,1,0,0,,,17eda16a
INT-World Cup,2026,2026-06-16 Iraq-Norway,Norway,Ørjan Nyland,1,GK,35-279,90,0,0,0,0,0,0,0,0,0,0,0,0,0,0,0,,,17eda16a
INT-World Cup,2026,2026-06-17 England-Croatia,Croatia,Andrej Kramarić,9,"FW,MF",34-363,13,0,0,0,0,1,0,0,0,0,0,0,2,0,0,0,,,c42ce3be
INT-World Cup,2026,2026-06-17 England-Croatia,Croatia,Dominik Livaković,1,GK,31-159,90,0,0,0,0,0,0,0,0,0,0,0,0,0,0,0,,,c42ce3be
INT-World Cup,2026,2026-06-17 England-Croatia,Croatia,Igor Matanović,20,FW,23-078,25,0,0,0,0,1,1,0,0,2,1,0,0,0,0,0,,,c42ce3be
INT-World Cup,2026,2026-06-17 England-Croatia,Croatia,Ivan Perišić,14,LM,37-135,90,0,1,0,0,0,0,0,0,2,0,0,6,0,2,0,,,c42ce3be
INT-World Cup,2026,2026-06-17 England-Croatia,Croatia,Josip Stanišić,2,RM,26-076,90,0,0,0,0,0,0,0,0,0,1,0,1,1,1,0,,,c42ce3be
INT-World Cup,2026,2026-06-17 England-Croatia,Croatia,Josip Šutalo,6,CB,26-109,90,0,0,0,0,1,0,0,0,0,0,0,0,0,2,0,,,c42ce3be
INT-World Cup,2026,2026-06-17 England-Croatia,Croatia,Joško Gvardiol,4,CB,24-145,90,0,0,0,0,1,0,0,0,0,0,0,0,1,0,0,,,c42ce3be
INT-World Cup,2026,2026-06-17 England-Croatia,Croatia,Luka Modrić,10,CM,40-281,57,0,0,0,0,0,0,0,0,1,1,0,1,0,0,0,,,c42ce3be
INT-World Cup,2026,2026-06-17 England-Croatia,Croatia,Luka Vušković,22,CB,19-113,65,0,0,0,0,0,0,0,0,1,1,0,0,0,1,0,,,c42ce3be
INT-World Cup,2026,2026-06-17 England-Croatia,Croatia,Marco Pašalić,24,MF,25-276,25,0,0,0,0,1,1,0,0,0,0,1,2,1,0,0,,,c42ce3be
INT-World Cup,2026,2026-06-17 England-Croatia,Croatia,Mario Pašalić,15,CM,31-128,77,0,0,0,0,1,0,0,0,1,0,0,0,1,0,0,,,c42ce3be
INT-World Cup,2026,2026-06-17 England-Croatia,Croatia,Martin Baturina,16,FW,23-121,77,1,0,0,0,1,1,0,0,0,2,0,0,1,0,0,,,c42ce3be
INT-World Cup,2026,2026-06-17 England-Croatia,Croatia,Mateo Kovačić,8,MF,32-042,33,0,0,0,0,1,1,0,0,1,2,0,0,1,1,0,,,c42ce3be
INT-World Cup,2026,2026-06-17 England-Croatia,Croatia,Nikola Vlašić,13,"FW,MF",28-256,13,0,0,0,0,0,0,0,0,1,0,0,1,0,0,0,,,c42ce3be
INT-World Cup,2026,2026-06-17 England-Croatia,Croatia,Petar Musa,26,FW,28-105,65,1,0,0,0,1,1,0,0,1,1,0,0,0,0,0,,,c42ce3be
INT-World Cup,2026,2026-06-17 England-Croatia,Croatia,Petar Sučić,17,FW,22-235,90,0,1,0,0,1,0,0,0,2,1,0,0,1,0,0,,,c42ce3be
INT-World Cup,2026,2026-06-17 England-Croatia,England,Anthony Gordon,18,AM,25-113,71,0,0,0,0,2,1,0,0,0,0,0,0,0,0,0,,,c42ce3be
INT-World Cup,2026,2026-06-17 England-Croatia,England,Bukayo Saka,7,"FW,MF",24-285,19,0,1,0,0,0,0,0,0,0,1,0,0,0,0,0,,,c42ce3be
INT-World Cup,2026,2026-06-17 England-Croatia,England,Declan Rice,4,DM,27-154,71,0,1,0,0,1,1,0,0,1,0,0,9,0,0,0,,,c42ce3be
INT-World Cup,2026,2026-06-17 England-Croatia,England,Djed Spence,25,"DF,MF",25-312,11,0,0,0,0,1,1,0,0,0,0,0,0,1,0,0,,,c42ce3be
INT-World Cup,2026,2026-06-17 England-Croatia,England,Elliot Anderson,8,DM,23-223,90,0,1,0,0,1,0,0,0,3,2,0,1,1,4,0,,,c42ce3be
INT-World Cup,2026,2026-06-17 England-Croatia,England,Ezri Konsa,2,CB,28-237,90,0,0,0,0,2,1,0,0,1,2,0,0,0,0,0,,,c42ce3be
INT-World Cup,2026,2026-06-17 England-Croatia,England,Harry Kane,9,FW,32-324,90,2,0,1,1,7,3,0,0,2,1,0,0,1,0,0,,,c42ce3be
INT-World Cup,2026,2026-06-17 England-Croatia,England,John Stones,5,CB,32-020,86,0,0,0,0,0,0,0,0,1,1,0,0,0,0,0,,,c42ce3be
INT-World Cup,2026,2026-06-17 England-Croatia,England,Jordan Pickford,1,GK,32-102,90,0,0,0,0,0,0,0,0,0,1,0,0,0,0,0,,,c42ce3be
INT-World Cup,2026,2026-06-17 England-Croatia,England,Jude Bellingham,10,AM,22-353,79,1,0,0,0,3,2,0,0,0,1,0,1,3,1,0,,,c42ce3be
INT-World Cup,2026,2026-06-17 England-Croatia,England,Marc Guéhi,6,DF,25-339,4,0,0,0,0,0,0,0,0,0,0,0,0,0,0,0,,,c42ce3be
INT-World Cup,2026,2026-06-17 England-Croatia,England,Marcus Rashford,11,"FW,MF",28-229,19,1,0,0,0,1,1,0,0,0,0,0,0,0,0,0,,,c42ce3be
INT-World Cup,2026,2026-06-17 England-Croatia,England,Morgan Rogers,17,"FW,MF",23-326,19,0,0,0,0,0,0,0,0,0,1,0,0,1,0,0,,,c42ce3be
INT-World Cup,2026,2026-06-17 England-Croatia,England,Nico O'Reilly,3,LB,21-088,90,0,0,0,0,2,1,0,0,1,1,0,0,0,0,0,,,c42ce3be
INT-World Cup,2026,2026-06-17 England-Croatia,England,Noni Madueke,20,AM,24-099,71,0,0,0,0,1,0,0,0,0,1,0,1,0,1,0,,,c42ce3be
INT-World Cup,2026,2026-06-17 England-Croatia,England,Reece James,24,RB,26-191,90,0,0,0,0,1,0,0,0,1,0,0,1,0,1,0,,,c42ce3be
INT-World Cup,2026,2026-06-17 Ghana-Panama,Ghana,Abdul Fatawu Issahaku,7,"FW,MF",22-101,33,0,0,0,0,1,0,0,0,0,2,0,3,0,0,0,,,9f71086a
INT-World Cup,2026,2026-06-17 Ghana-Panama,Ghana,Antoine Semenyo,11,AM,26-161,90,0,0,0,0,2,0,0,0,2,1,1,1,1,0,0,,,9f71086a
INT-World Cup,2026,2026-06-17 Ghana-Panama,Ghana,Benjamin Asare,16,GK,33-339,45,0,0,0,0,0,0,0,0,0,1,0,0,0,0,0,,,9f71086a
INT-World Cup,2026,2026-06-17 Ghana-Panama,Ghana,Brandon Thomas-Asante,10,"FW,MF",27-170,33,0,0,0,0,1,0,0,0,0,0,1,1,0,0,0,,,9f71086a
INT-World Cup,2026,2026-06-17 Ghana-Panama,Ghana,Caleb Yirenkyi,3,DM,20-153,90,1,0,0,0,2,1,1,0,1,1,0,0,0,3,0,,,9f71086a
INT-World Cup,2026,2026-06-17 Ghana-Panama,Ghana,Elisha Owusu,15,DM,28-222,77,0,0,0,0,0,0,0,0,0,0,0,2,2,0,0,,,9f71086a
INT-World Cup,2026,2026-06-17 Ghana-Panama,Ghana,Ernest Nuamah,24,AM,22-228,57,0,0,0,0,0,0,0,0,0,1,0,0,0,0,0,,,9f71086a
INT-World Cup,2026,2026-06-17 Ghana-Panama,Ghana,Gideon Mensah,14,LB,27-334,90,0,0,0,0,0,0,0,0,0,1,0,2,0,1,0,,,9f71086a
INT-World Cup,2026,2026-06-17 Ghana-Panama,Ghana,Jerome Opoku,18,CB,27-246,90,0,0,0,0,0,0,0,0,0,0,0,0,1,0,0,,,9f71086a
INT-World Cup,2026,2026-06-17 Ghana-Panama,Ghana,Jonas Adjetey,4,CB,22-186,90,0,0,0,0,2,1,0,0,0,0,0,0,2,1,0,,,9f71086a
INT-World Cup,2026,2026-06-17 Ghana-Panama,Ghana,Jordan Ayew,9,FW,34-279,86,0,0,0,0,0,0,0,0,2,2,1,3,0,0,0,,,9f71086a
INT-World Cup,2026,2026-06-17 Ghana-Panama,Ghana,Kamaldeen Sulemana,22,AM,24-122,57,0,0,0,0,0,0,0,0,1,1,1,1,0,1,0,,,9f71086a
INT-World Cup,2026,2026-06-17 Ghana-Panama,Ghana,Kwasi Sibo,8,MF,27-358,13,0,0,0,0,0,0,0,0,0,0,0,0,0,1,0,,,9f71086a
INT-World Cup,2026,2026-06-17 Ghana-Panama,Ghana,Lawrence Ati-Zigi,1,GK,29-200,45,0,0,0,0,0,0,0,0,0,1,0,0,0,0,0,,,9f71086a
INT-World Cup,2026,2026-06-17 Ghana-Panama,Ghana,Marvin Senaya,26,RB,25-140,90,0,0,0,0,0,0,0,0,1,0,0,3,3,1,0,,,9f71086a
INT-World Cup,2026,2026-06-17 Ghana-Panama,Ghana,Prince Kwabena Adu,25,FW,22-267,4,0,0,0,0,0,0,0,0,2,0,0,0,0,0,0,,,9f71086a
INT-World Cup,2026,2026-06-17 Ghana-Panama,Panama,Andrés Andrade Cedeño,16,CB,27-244,90,0,0,0,0,0,0,0,0,2,0,0,3,2,0,0,,,9f71086a
INT-World Cup,2026,2026-06-17 Ghana-Panama,Panama,Aníbal Godoy,20,MF,36-127,1,0,0,0,0,0,0,0,0,0,1,0,1,0,0,0,,,9f71086a
INT-World Cup,2026,2026-06-17 Ghana-Panama,Panama,Azarías Londoño,24,MF,24-361,28,0,0,0,0,0,0,0,0,0,0,0,1,0,1,0,,,9f71086a
INT-World Cup,2026,2026-06-17 Ghana-Panama,Panama,Carlos Harvey,14,CM,26-134,90,0,0,0,0,1,0,1,0,5,0,0,0,2,0,0,,,9f71086a
INT-World Cup,2026,2026-06-17 Ghana-Panama,Panama,Cecilio Waterman,18,FW,35-065,62,0,0,0,0,1,1,0,0,0,0,0,0,0,0,0,,,9f71086a
INT-World Cup,2026,2026-06-17 Ghana-Panama,Panama,Cristian Martínez,6,FW,29-131,62,0,0,0,0,1,0,0,0,1,0,0,3,2,0,0,,,9f71086a
INT-World Cup,2026,2026-06-17 Ghana-Panama,Panama,César Blackman,2,LM,28-076,89,0,0,0,0,2,1,1,0,1,1,1,0,0,1,0,,,9f71086a
INT-World Cup,2026,2026-06-17 Ghana-Panama,Panama,Ismael Díaz,10,"FW,MF",29-036,17,0,0,0,0,2,2,0,0,0,0,0,0,0,0,0,,,9f71086a
INT-World Cup,2026,2026-06-17 Ghana-Panama,Panama,Jiovany Ramos,13,CB,29-142,90,0,0,0,0,2,0,0,0,1,1,0,0,1,2,0,,,9f71086a
INT-World Cup,2026,2026-06-17 Ghana-Panama,Panama,José Córdoba,3,CB,25-103,90,0,0,0,0,0,0,0,0,1,1,0,0,0,0,0,,,9f71086a
INT-World Cup,2026,2026-06-17 Ghana-Panama,Panama,José Fajardo,17,FW,32-303,28,0,0,0,0,0,0,0,0,0,0,0,0,0,0,0,,,9f71086a
INT-World Cup,2026,2026-06-17 Ghana-Panama,Panama,José Luis Rodríguez,7,FW,27-363,73,0,0,0,0,0,0,0,0,0,0,0,8,1,0,0,,,9f71086a
INT-World Cup,2026,2026-06-17 Ghana-Panama,Panama,Michael Amir Murillo,23,RM,30-126,90,0,0,0,0,0,0,0,0,0,4,0,3,3,0,0,,,9f71086a
INT-World Cup,2026,2026-06-17 Ghana-Panama,Panama,Orlando Mosquera,22,GK,31-174,90,0,0,0,0,0,0,0,0,0,0,0,0,0,0,0,,,9f71086a
INT-World Cup,2026,2026-06-17 Ghana-Panama,Panama,Yoel Bárcenas,11,CM,32-237,90,0,0,0,0,2,0,0,0,0,1,0,2,0,1,0,,,9f71086a
INT-World Cup,2026,2026-06-17 Portugal-Congo DR,Congo DR,Aaron Wan-Bissaka,2,RB,28-203,84,0,0,0,0,0,0,0,0,1,0,0,2,1,1,0,,,c95830e9
INT-World Cup,2026,2026-06-17 Portugal-Congo DR,Congo DR,Arthur Masuaku,26,LB,32-222,74,0,1,0,0,0,0,0,0,0,1,0,4,1,0,0,,,c95830e9
INT-World Cup,2026,2026-06-17 Portugal-Congo DR,Congo DR,Axel Tuanzebe,4,CB,28-215,90,0,0,0,0,0,0,0,0,0,0,0,0,1,1,0,,,c95830e9
INT-World Cup,2026,2026-06-17 Portugal-Congo DR,Congo DR,Chancel Mbemba,22,CB,31-313,90,0,0,0,0,0,0,1,0,1,0,0,1,1,1,0,,,c95830e9
INT-World Cup,2026,2026-06-17 Portugal-Congo DR,Congo DR,Charles Pickel,18,"DF,MF",29-033,16,0,0,0,0,0,0,0,0,0,0,0,0,0,0,0,,,c95830e9
INT-World Cup,2026,2026-06-17 Portugal-Congo DR,Congo DR,Cédric Bakambu,17,FW,35-067,84,0,0,0,0,2,0,0,0,1,1,2,1,0,0,0,,,c95830e9
INT-World Cup,2026,2026-06-17 Portugal-Congo DR,Congo DR,Edo Kayembe,25,CM,28-014,74,0,0,0,0,1,1,0,0,2,2,0,0,1,0,0,,,c95830e9
INT-World Cup,2026,2026-06-17 Portugal-Congo DR,Congo DR,Gédéon Kalulu,24,DF,28-292,6,0,0,0,0,0,0,0,0,0,0,0,0,0,0,0,,,c95830e9
INT-World Cup,2026,2026-06-17 Portugal-Congo DR,Congo DR,Joris Kayembe,12,"DF,FW",31-313,16,0,0,0,0,0,0,0,0,0,1,0,0,2,0,0,,,c95830e9
INT-World Cup,2026,2026-06-17 Portugal-Congo DR,Congo DR,Lionel Mpasi,1,GK,31-320,90,0,0,0,0,0,0,0,0,0,0,0,0,0,0,0,,,c95830e9
INT-World Cup,2026,2026-06-17 Portugal-Congo DR,Congo DR,Ngal'Ayel Mukau,6,CM,21-226,56,0,0,0,0,0,0,0,0,0,0,0,0,0,2,0,,,c95830e9
INT-World Cup,2026,2026-06-17 Portugal-Congo DR,Congo DR,Noah Sadiki,14,MF,21-182,34,0,0,0,0,0,0,0,0,0,0,0,1,2,0,0,,,c95830e9
INT-World Cup,2026,2026-06-17 Portugal-Congo DR,Congo DR,Samuel Moutoussamy,8,CM,29-309,90,0,0,0,0,2,0,0,0,2,1,0,0,0,0,0,,,c95830e9
INT-World Cup,2026,2026-06-17 Portugal-Congo DR,Congo DR,Simon Banza,23,"FW,MF",29-308,6,0,0,0,0,0,0,0,0,0,0,0,0,0,0,0,,,c95830e9
INT-World Cup,2026,2026-06-17 Portugal-Congo DR,Congo DR,Steve Kapuadi,3,CB,28-048,90,0,0,0,0,1,0,0,0,0,0,0,0,1,0,0,,,c95830e9
INT-World Cup,2026,2026-06-17 Portugal-Congo DR,Congo DR,Yoane Wissa,20,FW,29-287,90,1,0,0,0,2,1,0,0,3,3,0,0,1,0,0,,,c95830e9
INT-World Cup,2026,2026-06-17 Portugal-Congo DR,Portugal,Bernardo Silva,10,AM,31-311,45,0,0,0,0,0,0,1,0,1,0,0,0,0,0,0,,,c95830e9
INT-World Cup,2026,2026-06-17 Portugal-Congo DR,Portugal,Bruno Fernandes,8,AM,31-282,90,0,0,0,0,2,0,0,0,1,2,0,6,2,0,0,,,c95830e9
INT-World Cup,2026,2026-06-17 Portugal-Congo DR,Portugal,Cristiano Ronaldo,7,FW,41-132,90,0,0,0,0,3,0,0,0,0,0,0,0,0,0,0,,,c95830e9
INT-World Cup,2026,2026-06-17 Portugal-Congo DR,Portugal,Diogo Costa,1,GK,26-271,90,0,0,0,0,0,0,0,0,0,0,0,0,0,0,0,,,c95830e9
INT-World Cup,2026,2026-06-17 Portugal-Congo DR,Portugal,Francisco Conceição,26,MF,23-185,45,0,0,0,0,1,0,0,0,1,0,1,1,0,0,0,,,c95830e9
INT-World Cup,2026,2026-06-17 Portugal-Congo DR,Portugal,Gonçalo Ramos,9,FW,24-362,8,0,0,0,0,0,0,0,0,0,0,0,0,0,0,0,,,c95830e9
INT-World Cup,2026,2026-06-17 Portugal-Congo DR,Portugal,João Cancelo,20,RB,32-021,90,0,0,0,0,0,0,0,0,2,1,1,6,2,1,0,,,c95830e9
INT-World Cup,2026,2026-06-17 Portugal-Congo DR,Portugal,João Neves,15,DM,21-263,90,1,0,0,0,1,1,0,0,0,1,0,0,1,0,0,,,c95830e9
INT-World Cup,2026,2026-06-17 Portugal-Congo DR,Portugal,Nuno Mendes,25,LB,23-363,71,0,0,0,0,0,0,0,0,0,3,1,3,1,0,0,,,c95830e9
INT-World Cup,2026,2026-06-17 Portugal-Congo DR,Portugal,Nélson Semedo,2,"DF,MF",32-213,19,0,0,0,0,0,0,1,0,1,0,0,1,0,0,0,,,c95830e9
INT-World Cup,2026,2026-06-17 Portugal-Congo DR,Portugal,Pedro Neto,18,AM,26-100,71,0,1,0,0,0,0,0,0,0,1,0,4,0,0,0,,,c95830e9
INT-World Cup,2026,2026-06-17 Portugal-Congo DR,Portugal,Rafael Leão,17,"FW,MF",27-007,19,0,0,0,0,0,0,0,0,0,0,0,1,0,0,0,,,c95830e9
INT-World Cup,2026,2026-06-17 Portugal-Congo DR,Portugal,Renato Veiga,13,CB,22-323,90,0,0,0,0,0,0,0,0,1,1,0,0,0,0,0,,,c95830e9
INT-World Cup,2026,2026-06-17 Portugal-Congo DR,Portugal,Tomás Araújo,4,CB,24-032,90,0,0,0,0,0,0,1,0,1,0,0,0,0,1,0,,,c95830e9
INT-World Cup,2026,2026-06-17 Portugal-Congo DR,Portugal,Vitinha,23,DM,26-124,82,0,0,0,0,0,0,0,0,1,0,0,1,0,0,0,,,c95830e9
INT-World Cup,2026,2026-06-17 Uzbekistan-Colombia,Colombia,Andrés Gómez,26,MF,23-278,1,0,0,0,0,0,0,0,0,0,0,0,0,0,1,0,,,3329959e
INT-World Cup,2026,2026-06-17 Uzbekistan-Colombia,Colombia,Camilo Vargas,12,GK,37-100,90,0,0,0,0,0,0,0,0,0,0,0,0,0,0,0,,,3329959e
INT-World Cup,2026,2026-06-17 Uzbekistan-Colombia,Colombia,Cucho,19,"FW,MF",27-058,11,0,1,0,0,0,0,0,0,0,0,0,1,0,0,0,,,3329959e
INT-World Cup,2026,2026-06-17 Uzbekistan-Colombia,Colombia,Daniel Muñoz,2,RB,30-022,90,1,0,0,0,1,1,0,0,1,1,1,1,0,3,0,,,3329959e
INT-World Cup,2026,2026-06-17 Uzbekistan-Colombia,Colombia,Davinson Sánchez,23,CB,30-005,90,0,0,0,0,1,0,0,0,1,0,0,0,1,1,0,,,3329959e
INT-World Cup,2026,2026-06-17 Uzbekistan-Colombia,Colombia,Gustavo Puerta,14,CM,22-329,79,0,1,0,0,1,0,0,0,2,0,0,1,0,1,0,,,3329959e
INT-World Cup,2026,2026-06-17 Uzbekistan-Colombia,Colombia,James Rodríguez,10,FW,34-340,71,0,0,0,0,2,1,0,0,0,0,0,4,0,0,0,,,3329959e
INT-World Cup,2026,2026-06-17 Uzbekistan-Colombia,Colombia,Jaminton Campaz,21,"FW,MF",26-024,19,1,0,0,0,2,1,0,0,0,1,0,1,1,0,0,,,3329959e
INT-World Cup,2026,2026-06-17 Uzbekistan-Colombia,Colombia,Jefferson Lerma,16,DM,31-235,90,0,0,0,0,3,0,0,0,2,2,0,0,0,0,0,,,3329959e
INT-World Cup,2026,2026-06-17 Uzbekistan-Colombia,Colombia,Jhon Arias,11,CM,28-269,89,0,0,0,0,2,0,0,0,1,0,0,3,0,0,0,,,3329959e
INT-World Cup,2026,2026-06-17 Uzbekistan-Colombia,Colombia,Jhon Lucumí,3,CB,27-356,90,0,0,0,0,0,0,0,0,2,0,0,0,0,0,0,,,3329959e
INT-World Cup,2026,2026-06-17 Uzbekistan-Colombia,Colombia,Johan Mojica,17,LB,33-300,90,0,0,0,0,1,0,1,0,1,1,0,2,1,0,0,,,3329959e
INT-World Cup,2026,2026-06-17 Uzbekistan-Colombia,Colombia,Kevin Castaño,5,MF,25-261,1,0,0,0,0,0,0,0,0,0,0,0,0,0,0,0,,,3329959e
INT-World Cup,2026,2026-06-17 Uzbekistan-Colombia,Colombia,Luis Díaz,7,FW,29-155,89,1,1,0,0,2,1,0,0,0,5,1,2,0,0,0,,,3329959e
INT-World Cup,2026,2026-06-17 Uzbekistan-Colombia,Colombia,Luis Suárez,25,FW,28-197,79,0,0,0,0,0,0,0,0,0,3,1,0,1,0,0,,,3329959e
INT-World Cup,2026,2026-06-17 Uzbekistan-Colombia,Colombia,Richard Ríos,6,MF,26-015,11,0,0,0,0,0,0,0,0,1,0,0,0,0,0,0,,,3329959e
INT-World Cup,2026,2026-06-17 Uzbekistan-Colombia,Uzbekistan,Abbosbek Fayzullayev,22,RM,22-257,76,1,0,0,0,1,1,0,0,1,2,0,6,1,0,0,,,3329959e
INT-World Cup,2026,2026-06-17 Uzbekistan-Colombia,Uzbekistan,Abdukodir Khusanov,2,CB,22-108,90,0,0,0,0,0,0,1,0,3,0,0,0,1,0,0,,,3329959e
INT-World Cup,2026,2026-06-17 Uzbekistan-Colombia,Uzbekistan,Abdulla Abdullaev,18,CB,28-289,90,0,0,0,0,0,0,0,0,3,0,0,0,1,0,0,,,3329959e
INT-World Cup,2026,2026-06-17 Uzbekistan-Colombia,Uzbekistan,Akmal Mozgovoy,6,CM,27-076,90,0,0,0,0,1,0,0,0,0,1,0,0,0,0,0,,,3329959e
INT-World Cup,2026,2026-06-17 Uzbekistan-Colombia,Uzbekistan,Azizbek Amonov,20,FW,28-230,14,0,0,0,0,1,0,0,0,0,0,0,1,0,0,0,,,3329959e
INT-World Cup,2026,2026-06-17 Uzbekistan-Colombia,Uzbekistan,Bekhruz Karimov,24,RB,18-314,90,0,0,0,0,2,0,0,0,3,0,0,1,1,3,0,,,3329959e
INT-World Cup,2026,2026-06-17 Uzbekistan-Colombia,Uzbekistan,Dostonbek Khamdamov,17,MF,29-328,45,0,0,0,0,2,0,0,0,0,0,0,2,2,2,0,,,3329959e
INT-World Cup,2026,2026-06-17 Uzbekistan-Colombia,Uzbekistan,Eldor Shomurodov,14,FW,30-353,89,0,0,0,0,1,1,0,0,3,2,0,0,0,0,0,,,3329959e
INT-World Cup,2026,2026-06-17 Uzbekistan-Colombia,Uzbekistan,Farrukh Sayfiev,4,"DF,MF",35-151,45,0,0,0,0,0,0,0,0,0,2,0,2,0,0,0,,,3329959e
INT-World Cup,2026,2026-06-17 Uzbekistan-Colombia,Uzbekistan,Igor Sergeev,21,FW,33-048,1,0,0,0,0,0,0,0,0,0,0,0,0,0,0,0,,,3329959e
INT-World Cup,2026,2026-06-17 Uzbekistan-Colombia,Uzbekistan,Jakhongir Urozov,26,DF,22-150,14,0,0,0,0,0,0,0,0,0,0,0,0,0,1,0,,,3329959e
INT-World Cup,2026,2026-06-17 Uzbekistan-Colombia,Uzbekistan,Oston Urunov,11,LM,25-180,45,0,0,0,0,0,0,0,0,0,0,0,0,0,0,0,,,3329959e
INT-World Cup,2026,2026-06-17 Uzbekistan-Colombia,Uzbekistan,Otabek Shukurov,7,CM,29-360,90,0,0,0,0,0,0,0,0,0,2,0,1,1,0,0,,,3329959e
INT-World Cup,2026,2026-06-17 Uzbekistan-Colombia,Uzbekistan,Rustam Ashurmatov,5,CB,29-345,76,0,0,0,0,0,0,0,0,0,0,0,0,0,1,0,,,3329959e
INT-World Cup,2026,2026-06-17 Uzbekistan-Colombia,Uzbekistan,Sherzod Nasrullaev,13,LB,27-329,45,0,0,0,0,0,0,0,0,1,0,0,0,0,0,0,,,3329959e
INT-World Cup,2026,2026-06-17 Uzbekistan-Colombia,Uzbekistan,Utkir Yusupov,1,GK,35-164,90,0,0,0,0,0,0,0,0,0,1,0,0,0,0,0,,,3329959e
INT-World Cup,2026,2026-06-18 Canada-Qatar,Canada,Ali Ahmed,20,LW,25-251,70,0,0,0,0,1,0,0,0,0,1,0,8,0,2,0,,,60dedabb
INT-World Cup,2026,2026-06-18 Canada-Qatar,Canada,Alistair Johnston,2,RB,27-253,90,0,0,0,0,1,1,0,0,0,1,0,11,0,2,0,,,60dedabb
INT-World Cup,2026,2026-06-18 Canada-Qatar,Canada,Cyle Larin,9,FW,31-062,90,1,0,0,0,6,2,0,0,3,0,0,0,0,0,0,,,60dedabb
INT-World Cup,2026,2026-06-18 Canada-Qatar,Canada,Derek Cornelius,13,CB,28-205,45,0,0,0,0,1,0,1,0,2,0,0,0,0,0,0,,,60dedabb
INT-World Cup,2026,2026-06-18 Canada-Qatar,Canada,Ismaël Koné,8,CM,24-002,56,0,0,0,0,1,0,0,0,0,1,0,1,1,1,0,,,60dedabb
INT-World Cup,2026,2026-06-18 Canada-Qatar,Canada,Jacob Shaffelburg,14,MF,26-204,20,0,0,0,0,3,0,0,0,0,0,0,6,0,0,0,,,60dedabb
INT-World Cup,2026,2026-06-18 Canada-Qatar,Canada,Jonathan David,10,FW,26-155,90,3,0,0,0,8,5,0,0,0,0,0,2,0,0,0,,,60dedabb
INT-World Cup,2026,2026-06-18 Canada-Qatar,Canada,Luc De Fougerolles,4,CB,20-249,70,0,0,0,0,0,0,0,0,0,0,0,0,0,1,0,,,60dedabb
INT-World Cup,2026,2026-06-18 Canada-Qatar,Canada,Maxime Crépeau,16,GK,32-038,90,0,0,0,0,0,0,0,0,0,0,0,0,0,0,0,,,60dedabb
INT-World Cup,2026,2026-06-18 Canada-Qatar,Canada,Moïse Bombito,15,DF,26-080,45,0,0,0,0,0,0,0,0,1,0,0,0,0,0,0,,,60dedabb
INT-World Cup,2026,2026-06-18 Canada-Qatar,Canada,Nathan Saliba,25,MF,22-131,34,1,1,0,0,3,1,0,0,0,0,0,1,1,0,0,,,60dedabb
INT-World Cup,2026,2026-06-18 Canada-Qatar,Canada,Niko Sigur,23,"DF,MF",22-282,8,0,0,0,0,1,0,0,0,0,0,0,3,0,0,0,,,60dedabb
INT-World Cup,2026,2026-06-18 Canada-Qatar,Canada,Richie Laryea,22,LB,31-162,90,0,0,0,0,1,0,0,0,0,3,0,1,0,0,0,,,60dedabb
INT-World Cup,2026,2026-06-18 Canada-Qatar,Canada,Stephen Eustáquio,7,CM,29-179,90,0,0,0,0,1,0,0,0,0,1,0,11,1,0,0,,,60dedabb
INT-World Cup,2026,2026-06-18 Canada-Qatar,Canada,Tajon Buchanan,17,RW,27-130,82,0,0,0,0,4,1,0,0,1,3,1,10,2,0,0,,,60dedabb
INT-World Cup,2026,2026-06-18 Canada-Qatar,Canada,Tani Oluwaseyi,12,FW,26-034,20,0,0,0,0,1,0,0,0,2,0,0,1,0,0,0,,,60dedabb
INT-World Cup,2026,2026-06-18 Canada-Qatar,Qatar,Ahmed Fathy,20,MF,33-144,41,0,0,0,0,0,0,1,0,1,1,0,0,0,1,0,,,60dedabb
INT-World Cup,2026,2026-06-18 Canada-Qatar,Qatar,Akram Afif,11,AM,29-212,58,0,0,0,0,0,0,0,0,0,1,0,1,0,0,0,,,60dedabb
INT-World Cup,2026,2026-06-18 Canada-Qatar,Qatar,Al-Hashmi Al-Hussain,25,MF,22-307,32,0,0,0,0,0,0,0,0,2,2,0,0,2,1,0,,,60dedabb
INT-World Cup,2026,2026-06-18 Canada-Qatar,Qatar,Assim Madibo,23,DM,29-239,53,0,0,0,0,0,0,0,1,1,0,0,0,1,1,0,,,60dedabb
INT-World Cup,2026,2026-06-18 Canada-Qatar,Qatar,Ayoub Al-Oui,13,RB,21-099,90,0,0,0,0,0,0,0,0,0,0,0,0,0,2,0,,,60dedabb
INT-World Cup,2026,2026-06-18 Canada-Qatar,Qatar,Boualem Khoukhi,16,CB,35-344,90,0,0,0,0,1,0,0,0,0,1,0,0,1,1,0,,,60dedabb
INT-World Cup,2026,2026-06-18 Canada-Qatar,Qatar,Edmilson Junior,8,AM,31-303,45,0,0,0,0,1,0,0,0,0,1,0,0,1,0,0,,,60dedabb
INT-World Cup,2026,2026-06-18 Canada-Qatar,Qatar,Homam Ahmed,14,LB,26-297,32,0,0,0,0,0,0,0,1,3,0,0,1,0,2,0,,,60dedabb
INT-World Cup,2026,2026-06-18 Canada-Qatar,Qatar,Issa Laye,4,DM,28-178,90,0,0,0,0,0,0,0,0,0,1,0,0,1,0,0,,,60dedabb
INT-World Cup,2026,2026-06-18 Canada-Qatar,Qatar,Jassem Gaber,5,DM,24-118,45,0,0,0,0,0,0,0,0,1,0,0,0,1,0,0,,,60dedabb
INT-World Cup,2026,2026-06-18 Canada-Qatar,Qatar,Lucas Mendes,3,DF,35-350,4,0,0,0,0,0,0,0,0,0,0,1,0,0,0,0,,,60dedabb
INT-World Cup,2026,2026-06-18 Canada-Qatar,Qatar,Mahmoud Abunada,1,GK,26-133,90,0,0,0,0,0,0,0,0,0,0,0,0,0,0,0,,,60dedabb
INT-World Cup,2026,2026-06-18 Canada-Qatar,Qatar,Mohamed Manai,26,DF,23-236,45,0,0,0,0,0,0,0,0,1,0,0,0,0,1,1,,,60dedabb
INT-World Cup,2026,2026-06-18 Canada-Qatar,Qatar,Ró-Ró,2,CB,35-316,90,0,0,0,0,0,0,0,0,0,2,0,0,1,1,0,,,60dedabb
INT-World Cup,2026,2026-06-18 Canada-Qatar,Qatar,Sultan Al-Brake,18,DF,30-072,51,0,0,0,0,0,0,0,0,0,0,0,1,1,0,0,,,60dedabb
INT-World Cup,2026,2026-06-18 Canada-Qatar,Qatar,Yusuf Abdurisag,15,FW,26-316,39,0,0,0,0,0,0,0,0,1,0,0,0,1,1,0,,,60dedabb
INT-World Cup,2026,2026-06-18 Czechia-South Africa,Czechia,Adam Hložek,9,FW,23-328,66,0,0,0,0,1,0,0,0,3,0,0,0,1,1,0,,,02f675d6
INT-World Cup,2026,2026-06-18 Czechia-South Africa,Czechia,Alexandr Sojka,24,LB,23-077,54,0,1,0,0,0,0,0,0,0,1,0,4,0,0,0,,,02f675d6
INT-World Cup,2026,2026-06-18 Czechia-South Africa,Czechia,David Zima,2,DF,25-222,13,0,0,0,0,0,0,0,0,0,0,0,0,0,0,0,,,02f675d6
INT-World Cup,2026,2026-06-18 Czechia-South Africa,Czechia,Jaroslav Zelený,20,"DF,MF",33-302,36,0,0,0,0,1,0,0,0,0,1,0,1,0,0,0,,,02f675d6
INT-World Cup,2026,2026-06-18 Czechia-South Africa,Czechia,Ladislav Krejčí,7,CB,27-059,90,0,0,0,0,4,0,1,0,3,1,0,1,1,1,0,,,02f675d6
INT-World Cup,2026,2026-06-18 Czechia-South Africa,Czechia,Lukáš Provod,17,"FW,MF",29-238,24,0,0,0,0,1,0,0,0,0,0,0,1,1,0,0,,,02f675d6
INT-World Cup,2026,2026-06-18 Czechia-South Africa,Czechia,Lukáš Červ,12,CM,25-069,77,0,0,0,0,1,1,0,0,2,2,0,0,0,0,0,,,02f675d6
INT-World Cup,2026,2026-06-18 Czechia-South Africa,Czechia,Matej Kovar,1,GK,26-032,90,0,0,0,0,0,0,0,0,0,0,0,0,0,0,0,,,02f675d6
INT-World Cup,2026,2026-06-18 Czechia-South Africa,Czechia,Michal Sadílek,18,CM,27-018,66,1,0,0,0,3,1,0,0,0,1,0,3,0,1,0,,,02f675d6
INT-World Cup,2026,2026-06-18 Czechia-South Africa,Czechia,Patrik Schick,10,FW,30-145,90,0,0,0,0,2,1,0,0,0,2,0,0,0,0,0,,,02f675d6
INT-World Cup,2026,2026-06-18 Czechia-South Africa,Czechia,Pavel Šulc,15,"FW,MF",25-171,36,0,0,0,0,0,0,0,0,1,0,0,0,0,0,0,,,02f675d6
INT-World Cup,2026,2026-06-18 Czechia-South Africa,Czechia,Robin Hranáč,4,CB,26-140,90,0,0,0,0,0,0,0,0,1,0,0,0,0,1,0,,,02f675d6
INT-World Cup,2026,2026-06-18 Czechia-South Africa,Czechia,Tomáš Holeš,3,CB,33-079,90,0,0,0,0,0,0,0,0,1,0,0,0,0,3,0,,,02f675d6
INT-World Cup,2026,2026-06-18 Czechia-South Africa,Czechia,Tomáš Souček,22,MF,31-111,24,0,0,0,0,0,0,0,0,1,1,1,0,0,0,0,,,02f675d6
INT-World Cup,2026,2026-06-18 Czechia-South Africa,Czechia,Vladimír Coufal,5,RB,33-300,90,0,0,0,0,0,0,0,0,0,0,1,6,1,1,0,,,02f675d6
INT-World Cup,2026,2026-06-18 Czechia-South Africa,Czechia,Vladimír Darida,8,CM,35-314,54,0,0,0,0,1,0,0,0,0,1,0,0,0,1,0,,,02f675d6
INT-World Cup,2026,2026-06-18 Czechia-South Africa,South Africa,Aubrey Modiba,6,LB,30-331,90,0,0,0,0,3,0,0,0,1,1,0,5,4,1,0,,,02f675d6
INT-World Cup,2026,2026-06-18 Czechia-South Africa,South Africa,Evidence Makgopa,17,FW,26-013,25,0,0,0,0,2,2,0,0,0,0,0,0,1,0,0,,,02f675d6
INT-World Cup,2026,2026-06-18 Czechia-South Africa,South Africa,Ime Okon,21,CB,22-118,90,0,0,0,0,0,0,0,0,0,0,0,0,1,1,0,,,02f675d6
INT-World Cup,2026,2026-06-18 Czechia-South Africa,South Africa,Iqraam Rayners,15,FW,30-181,65,0,0,0,0,1,0,0,0,0,1,2,0,0,0,0,,,02f675d6
INT-World Cup,2026,2026-06-18 Czechia-South Africa,South Africa,Jayden Adams,23,CM,25-044,45,0,0,0,0,0,0,0,0,0,0,0,0,0,1,0,,,02f675d6
INT-World Cup,2026,2026-06-18 Czechia-South Africa,South Africa,Kamogelo Sebelebele,25,"DF,MF",23-332,7,0,0,0,0,0,0,0,0,1,0,0,1,0,0,0,,,02f675d6
INT-World Cup,2026,2026-06-18 Czechia-South Africa,South Africa,Khuliso Mudau,20,RB,31-053,90,0,0,0,0,0,0,0,0,1,1,1,2,2,2,0,,,02f675d6
INT-World Cup,2026,2026-06-18 Czechia-South Africa,South Africa,Mbekezeli Mbokazi,14,CB,20-272,90,0,0,0,0,3,0,0,0,0,0,0,0,1,0,0,,,02f675d6
INT-World Cup,2026,2026-06-18 Czechia-South Africa,South Africa,Oswin Appollis,7,FW,24-297,90,0,0,0,0,1,0,0,0,0,1,0,3,1,0,0,,,02f675d6
INT-World Cup,2026,2026-06-18 Czechia-South Africa,South Africa,Relebohile Mofokeng,10,MF,21-238,45,0,0,0,0,1,1,0,0,2,0,0,1,0,0,0,,,02f675d6
INT-World Cup,2026,2026-06-18 Czechia-South Africa,South Africa,Ronwen Williams,1,GK,34-148,90,0,0,0,0,0,0,0,0,0,0,0,0,0,0,0,,,02f675d6
INT-World Cup,2026,2026-06-18 Czechia-South Africa,South Africa,Teboho Mokoena,4,DM,29-145,90,1,0,1,1,2,1,1,0,2,3,0,2,1,2,0,,,02f675d6
INT-World Cup,2026,2026-06-18 Czechia-South Africa,South Africa,Thalente Mbatha,5,CM,26-094,90,0,0,0,0,1,0,1,0,1,0,0,2,0,1,0,,,02f675d6
INT-World Cup,2026,2026-06-18 Czechia-South Africa,South Africa,Thapelo Maseko,12,FW,22-219,83,0,0,0,0,3,0,0,0,2,3,0,1,0,1,0,,,02f675d6
INT-World Cup,2026,2026-06-18 Mexico-Korea Republic,Korea Republic,Cho Gue-sung,9,FW,28-144,14,0,0,0,0,2,1,0,0,0,0,0,0,0,0,0,,,50a429da
INT-World Cup,2026,2026-06-18 Mexico-Korea Republic,Korea Republic,Eom Ji-sung,25,MF,24-040,20,0,0,0,0,0,0,0,0,0,1,0,2,0,0,0,,,50a429da
INT-World Cup,2026,2026-06-18 Mexico-Korea Republic,Korea Republic,Hwang Hee-chan,11,"FW,MF",30-143,34,0,0,0,0,0,0,0,0,0,1,0,0,0,0,0,,,50a429da
INT-World Cup,2026,2026-06-18 Mexico-Korea Republic,Korea Republic,Hwang In-beom,6,CM,29-271,90,0,0,0,0,1,0,0,0,1,0,0,0,0,1,0,,,50a429da
INT-World Cup,2026,2026-06-18 Mexico-Korea Republic,Korea Republic,Kim Min-jae,4,CB,29-215,90,0,0,0,0,0,0,0,0,0,0,0,0,2,0,0,,,50a429da
INT-World Cup,2026,2026-06-18 Mexico-Korea Republic,Korea Republic,Kim Moon-hwan,15,RM,30-321,70,0,0,0,0,0,0,0,0,0,0,0,0,1,1,0,,,50a429da
INT-World Cup,2026,2026-06-18 Mexico-Korea Republic,Korea Republic,Kim Seung-gyu,1,GK,35-261,90,0,0,0,0,0,0,0,0,0,0,0,0,0,0,0,,,50a429da
INT-World Cup,2026,2026-06-18 Mexico-Korea Republic,Korea Republic,Lee Gi-hyuk,3,CB,25-346,90,0,0,0,0,0,0,0,0,0,0,0,0,2,0,0,,,50a429da
INT-World Cup,2026,2026-06-18 Mexico-Korea Republic,Korea Republic,Lee Han-beom,2,CB,24-001,90,0,0,0,0,1,0,0,0,3,2,0,1,0,1,0,,,50a429da
INT-World Cup,2026,2026-06-18 Mexico-Korea Republic,Korea Republic,Lee Jae-sung,10,FW,33-312,56,0,0,0,0,0,0,0,0,0,2,1,0,3,0,0,,,50a429da
INT-World Cup,2026,2026-06-18 Mexico-Korea Republic,Korea Republic,Lee Kang-in,19,FW,25-119,90,0,0,0,0,2,0,1,0,1,1,0,3,0,0,0,,,50a429da
INT-World Cup,2026,2026-06-18 Mexico-Korea Republic,Korea Republic,Oh Hyeon-gyu,18,FW,25-067,34,0,0,0,0,1,0,0,0,0,0,0,0,0,0,0,,,50a429da
INT-World Cup,2026,2026-06-18 Mexico-Korea Republic,Korea Republic,Paik Seung-ho,8,CM,29-093,76,0,0,0,0,0,0,1,0,1,0,0,1,0,1,0,,,50a429da
INT-World Cup,2026,2026-06-18 Mexico-Korea Republic,Korea Republic,Seol Young-woo,22,LM,27-195,70,0,0,0,0,1,0,0,0,0,0,3,2,0,0,0,,,50a429da
INT-World Cup,2026,2026-06-18 Mexico-Korea Republic,Korea Republic,Son Heung-min,7,FW,33-345,56,0,0,0,0,0,0,0,0,0,1,1,0,1,0,0,,,50a429da
INT-World Cup,2026,2026-06-18 Mexico-Korea Republic,Korea Republic,Yang Hyun-jun,20,"FW,MF",24-024,20,0,0,0,0,1,1,0,0,1,0,1,0,1,1,0,,,50a429da
INT-World Cup,2026,2026-06-18 Mexico-Korea Republic,Mexico,Brian Gutiérrez,26,CM,23-001,70,0,0,0,0,1,0,0,0,1,1,0,0,1,1,0,,,50a429da
INT-World Cup,2026,2026-06-18 Mexico-Korea Republic,Mexico,César Huerta,21,"FW,MF",25-197,7,0,0,0,0,0,0,0,0,0,0,0,0,0,0,0,,,50a429da
INT-World Cup,2026,2026-06-18 Mexico-Korea Republic,Mexico,Edson Álvarez,4,CB,28-237,90,0,0,0,0,0,0,0,0,0,0,0,0,2,2,0,,,50a429da
INT-World Cup,2026,2026-06-18 Mexico-Korea Republic,Mexico,Erik Lira,6,DM,26-041,90,0,0,0,0,0,0,0,0,2,0,0,0,0,1,0,,,50a429da
INT-World Cup,2026,2026-06-18 Mexico-Korea Republic,Mexico,Israel Reyes,15,"DF,MF",26-026,11,0,0,0,0,0,0,0,0,1,0,0,0,0,1,0,,,50a429da
INT-World Cup,2026,2026-06-18 Mexico-Korea Republic,Mexico,Jesús Gallardo,23,LB,31-307,90,0,0,0,0,1,0,0,0,1,1,0,2,0,0,0,,,50a429da
INT-World Cup,2026,2026-06-18 Mexico-Korea Republic,Mexico,Johan Vásquez,5,CB,27-239,90,0,0,0,0,0,0,0,0,0,0,0,0,0,0,0,,,50a429da
INT-World Cup,2026,2026-06-18 Mexico-Korea Republic,Mexico,Jorge Sánchez,2,RB,28-190,90,0,0,0,0,0,0,0,0,1,0,1,0,0,1,0,,,50a429da
INT-World Cup,2026,2026-06-18 Mexico-Korea Republic,Mexico,Julián Quiñones,16,FW,29-086,83,0,0,0,0,1,1,0,0,1,3,1,1,0,0,0,,,50a429da
INT-World Cup,2026,2026-06-18 Mexico-Korea Republic,Mexico,Luis Romo,7,CM,31-013,70,1,0,0,0,1,1,0,0,0,1,0,0,2,1,0,,,50a429da
INT-World Cup,2026,2026-06-18 Mexico-Korea Republic,Mexico,Obed Vargas,18,MF,20-317,20,0,0,0,0,1,1,0,0,0,0,0,0,1,0,0,,,50a429da
INT-World Cup,2026,2026-06-18 Mexico-Korea Republic,Mexico,Orbelín Pineda,17,"FW,MF",30-086,20,0,0,0,0,0,0,0,0,0,0,0,0,0,0,0,,,50a429da
INT-World Cup,2026,2026-06-18 Mexico-Korea Republic,Mexico,Raúl Jiménez,9,FW,35-044,79,0,0,0,0,2,1,0,0,2,1,0,0,0,0,0,,,50a429da
INT-World Cup,2026,2026-06-18 Mexico-Korea Republic,Mexico,Raúl Rangel,1,GK,26-113,90,0,0,0,0,0,0,0,0,0,0,0,0,0,0,0,,,50a429da
INT-World Cup,2026,2026-06-18 Mexico-Korea Republic,Mexico,Roberto Alvarado,25,FW,27-284,79,0,0,0,0,1,0,0,0,0,0,1,2,1,0,0,,,50a429da
INT-World Cup,2026,2026-06-18 Mexico-Korea Republic,Mexico,Santiago Giménez,11,FW,25-061,11,0,0,0,0,0,0,0,0,0,0,0,0,0,0,0,,,50a429da
INT-World Cup,2026,2026-06-18 Switzerland-Bosnia–Herz,Bosnia and Herzegovina,Amar Dedić,7,RB,23-304,90,0,0,0,0,1,1,1,0,3,2,0,0,1,1,0,,,5134daab
INT-World Cup,2026,2026-06-18 Switzerland-Bosnia–Herz,Bosnia and Herzegovina,Amar Memić,15,RW,25-149,90,0,0,0,0,1,1,0,0,2,1,0,2,1,0,0,,,5134daab
INT-World Cup,2026,2026-06-18 Switzerland-Bosnia–Herz,Bosnia and Herzegovina,Amir Hadžiahmetović,16,MF,29-102,6,0,0,0,0,0,0,0,0,0,0,0,1,0,0,0,,,5134daab
INT-World Cup,2026,2026-06-18 Switzerland-Bosnia–Herz,Bosnia and Herzegovina,Benjamin Tahirovic,6,CM,23-107,62,0,0,0,0,0,0,0,0,3,0,0,0,0,2,0,,,5134daab
INT-World Cup,2026,2026-06-18 Switzerland-Bosnia–Herz,Bosnia and Herzegovina,Edin Džeko,11,FW,40-093,63,0,0,0,0,2,0,1,0,1,2,0,0,0,1,0,,,5134daab
INT-World Cup,2026,2026-06-18 Switzerland-Bosnia–Herz,Bosnia and Herzegovina,Ermedin Demirović,10,FW,28-085,84,0,0,0,0,0,0,0,0,0,0,1,0,1,0,0,,,5134daab
INT-World Cup,2026,2026-06-18 Switzerland-Bosnia–Herz,Bosnia and Herzegovina,Ermin Mahmić,26,MF,21-096,1,1,0,0,0,1,1,0,0,0,0,0,0,0,0,0,,,5134daab
INT-World Cup,2026,2026-06-18 Switzerland-Bosnia–Herz,Bosnia and Herzegovina,Esmir Bajraktarevic,20,MF,21-100,27,0,0,0,0,0,0,0,0,0,0,0,0,0,1,0,,,5134daab
INT-World Cup,2026,2026-06-18 Switzerland-Bosnia–Herz,Bosnia and Herzegovina,Ivan Bašić,13,MF,24-049,28,0,0,0,0,0,0,0,0,0,0,0,2,0,0,0,,,5134daab
INT-World Cup,2026,2026-06-18 Switzerland-Bosnia–Herz,Bosnia and Herzegovina,Ivan Šunjić,14,CM,29-252,84,0,0,0,0,0,0,0,0,2,0,0,1,0,0,0,,,5134daab
INT-World Cup,2026,2026-06-18 Switzerland-Bosnia–Herz,Bosnia and Herzegovina,Jovo Lukić,25,FW,27-202,6,0,0,0,0,0,0,0,0,0,0,0,0,0,0,0,,,5134daab
INT-World Cup,2026,2026-06-18 Switzerland-Bosnia–Herz,Bosnia and Herzegovina,Kerim Alajbegović,19,LW,18-270,89,0,0,0,0,0,0,0,0,1,1,0,5,0,1,0,,,5134daab
INT-World Cup,2026,2026-06-18 Switzerland-Bosnia–Herz,Bosnia and Herzegovina,Nikola Katić,18,CB,29-251,90,0,0,0,0,0,0,0,0,1,0,0,0,0,2,0,,,5134daab
INT-World Cup,2026,2026-06-18 Switzerland-Bosnia–Herz,Bosnia and Herzegovina,Nikola Vasilj,1,GK,30-198,90,0,0,0,0,0,0,0,0,0,0,0,0,0,0,0,,,5134daab
INT-World Cup,2026,2026-06-18 Switzerland-Bosnia–Herz,Bosnia and Herzegovina,Sead Kolašinac,5,LB,32-363,90,0,0,0,0,0,0,0,0,2,1,0,1,0,1,0,,,5134daab
INT-World Cup,2026,2026-06-18 Switzerland-Bosnia–Herz,Bosnia and Herzegovina,Tarik Muharemovic,4,CB,23-110,79,0,0,0,0,0,0,0,1,3,0,0,0,0,3,0,,,5134daab
INT-World Cup,2026,2026-06-18 Switzerland-Bosnia–Herz,Switzerland,Breel Embolo,7,FW,29-124,88,0,1,0,0,1,0,0,0,1,4,2,0,0,0,0,,,5134daab
INT-World Cup,2026,2026-06-18 Switzerland-Bosnia–Herz,Switzerland,Cedric Itten,26,"FW,MF",29-173,2,0,0,0,0,0,0,0,0,0,1,0,0,0,0,0,,,5134daab
INT-World Cup,2026,2026-06-18 Switzerland-Bosnia–Herz,Switzerland,Dan Ndoye,11,FW,25-236,70,0,0,0,0,4,2,0,0,1,2,1,4,1,0,0,,,5134daab
INT-World Cup,2026,2026-06-18 Switzerland-Bosnia–Herz,Switzerland,Djibril Sow,15,MF,29-132,20,0,0,0,0,0,0,0,0,0,1,0,0,0,0,0,,,5134daab
INT-World Cup,2026,2026-06-18 Switzerland-Bosnia–Herz,Switzerland,Fabian Rieder,22,CM,24-122,70,0,0,0,0,0,0,0,0,0,2,0,1,2,1,0,,,5134daab
INT-World Cup,2026,2026-06-18 Switzerland-Bosnia–Herz,Switzerland,Granit Xhaka,10,DM,33-264,90,1,0,1,1,2,1,0,0,1,2,0,1,2,1,0,,,5134daab
INT-World Cup,2026,2026-06-18 Switzerland-Bosnia–Herz,Switzerland,Gregor Kobel,1,GK,28-194,90,0,0,0,0,0,0,0,0,0,0,0,0,0,0,0,,,5134daab
INT-World Cup,2026,2026-06-18 Switzerland-Bosnia–Herz,Switzerland,Johan Manzambi,9,MF,20-247,20,2,0,0,0,2,2,0,0,0,0,0,1,0,0,0,,,5134daab
INT-World Cup,2026,2026-06-18 Switzerland-Bosnia–Herz,Switzerland,Luca Jaquez,25,DF,23-016,5,0,0,0,0,0,0,0,0,0,0,0,0,0,0,0,,,5134daab
INT-World Cup,2026,2026-06-18 Switzerland-Bosnia–Herz,Switzerland,Manuel Akanji,5,CB,30-334,90,0,0,0,0,0,0,0,0,0,2,0,0,3,2,0,,,5134daab
INT-World Cup,2026,2026-06-18 Switzerland-Bosnia–Herz,Switzerland,Michel Aebischer,20,FW,29-163,70,0,0,0,0,1,0,0,0,1,1,0,4,1,0,0,,,5134daab
INT-World Cup,2026,2026-06-18 Switzerland-Bosnia–Herz,Switzerland,Nico Elvedi,4,CB,29-261,90,0,0,0,0,0,0,1,0,1,2,0,0,0,0,0,,,5134daab
INT-World Cup,2026,2026-06-18 Switzerland-Bosnia–Herz,Switzerland,Remo Freuler,8,CM,34-064,90,0,0,0,0,1,0,0,0,0,0,0,0,2,0,0,,,5134daab
INT-World Cup,2026,2026-06-18 Switzerland-Bosnia–Herz,Switzerland,Ricardo Rodríguez,13,LB,33-297,90,0,0,0,0,0,0,0,0,1,0,0,4,2,0,0,,,5134daab
INT-World Cup,2026,2026-06-18 Switzerland-Bosnia–Herz,Switzerland,Ruben Vargas,17,"FW,MF",27-317,20,1,1,0,0,2,2,0,0,0,0,0,4,1,0,0,,,5134daab
INT-World Cup,2026,2026-06-18 Switzerland-Bosnia–Herz,Switzerland,Silvan Widmer,3,RB,33-105,85,0,0,0,0,0,0,0,0,1,0,0,3,0,0,0,,,5134daab
INT-World Cup,2026,2026-06-19 Brazil-Haiti,Brazil,Alisson,1,GK,33-260,90,0,0,0,0,0,0,0,0,0,0,0,0,0,0,0,,,48cce92a
INT-World Cup,2026,2026-06-19 Brazil-Haiti,Brazil,Bruno Guimarães,8,CM,28-215,80,0,0,0,0,0,0,0,0,1,2,0,0,3,1,0,,,48cce92a
INT-World Cup,2026,2026-06-19 Brazil-Haiti,Brazil,Casemiro,5,DM,34-116,90,0,0,0,0,0,0,0,0,2,2,0,0,3,1,0,,,48cce92a
INT-World Cup,2026,2026-06-19 Brazil-Haiti,Brazil,Danilo,13,RB,34-339,90,0,0,0,0,0,0,0,0,2,0,1,1,0,1,0,,,48cce92a
INT-World Cup,2026,2026-06-19 Brazil-Haiti,Brazil,Danilo Santos,18,MF,25-051,10,0,0,0,0,0,0,0,0,0,0,0,0,0,0,0,,,48cce92a
INT-World Cup,2026,2026-06-19 Brazil-Haiti,Brazil,Douglas Santos,16,LB,32-089,90,0,0,0,0,1,0,1,0,2,1,1,0,1,0,0,,,48cce92a
INT-World Cup,2026,2026-06-19 Brazil-Haiti,Brazil,Endrick,19,FW,19-333,27,0,0,0,0,0,0,0,0,1,0,1,0,1,0,0,,,48cce92a
INT-World Cup,2026,2026-06-19 Brazil-Haiti,Brazil,Gabriel Magalhães,3,CB,28-182,90,0,0,0,0,0,0,0,0,0,2,0,0,1,0,0,,,48cce92a
INT-World Cup,2026,2026-06-19 Brazil-Haiti,Brazil,Gabriel Martinelli,22,"FW,MF",25-001,27,0,0,0,0,0,0,0,0,0,2,0,0,0,1,0,,,48cce92a
INT-World Cup,2026,2026-06-19 Brazil-Haiti,Brazil,Lucas Paquetá,20,CM,28-296,63,0,1,0,0,0,0,0,0,1,0,0,0,1,3,0,,,48cce92a
INT-World Cup,2026,2026-06-19 Brazil-Haiti,Brazil,Marquinhos,4,CB,32-036,90,0,0,0,0,0,0,0,0,0,0,0,0,1,0,0,,,48cce92a
INT-World Cup,2026,2026-06-19 Brazil-Haiti,Brazil,Matheus Cunha,9,FW,27-023,63,2,0,0,0,2,2,0,0,0,1,1,1,0,1,0,,,48cce92a
INT-World Cup,2026,2026-06-19 Brazil-Haiti,Brazil,Raphinha,11,FW,29-187,39,0,0,0,0,1,1,0,0,1,0,2,5,0,0,0,,,48cce92a
INT-World Cup,2026,2026-06-19 Brazil-Haiti,Brazil,Rayan,26,MF,19-320,51,0,0,0,0,0,0,0,0,2,2,0,1,0,1,0,,,48cce92a
INT-World Cup,2026,2026-06-19 Brazil-Haiti,Brazil,Vinicius Júnior,7,FW,25-342,80,1,1,0,0,3,2,0,0,0,1,2,1,0,0,0,,,48cce92a
INT-World Cup,2026,2026-06-19 Brazil-Haiti,Brazil,Éderson Silva,2,MF,26-347,10,0,0,0,0,1,0,0,0,1,0,0,0,0,1,0,,,48cce92a
INT-World Cup,2026,2026-06-19 Brazil-Haiti,Haiti,Carlens Arcus,2,DM,29-356,45,0,0,0,0,0,0,1,0,2,1,2,0,2,0,0,,,48cce92a
INT-World Cup,2026,2026-06-19 Brazil-Haiti,Haiti,Danley Jean-Jacques,17,DM,26-030,90,0,0,0,0,0,0,1,0,1,0,0,0,1,1,0,,,48cce92a
INT-World Cup,2026,2026-06-19 Brazil-Haiti,Haiti,Derrick Etienne,7,"FW,MF",29-206,10,0,0,0,0,0,0,0,0,0,0,0,2,0,0,0,,,48cce92a
INT-World Cup,2026,2026-06-19 Brazil-Haiti,Haiti,Dominique Simon,25,MF,25-325,45,0,0,0,0,1,1,0,0,1,0,0,0,1,1,0,,,48cce92a
INT-World Cup,2026,2026-06-19 Brazil-Haiti,Haiti,Frantzdy Pierrot,20,FW,31-082,45,0,0,0,0,0,0,1,0,1,2,0,0,0,0,0,,,48cce92a
INT-World Cup,2026,2026-06-19 Brazil-Haiti,Haiti,Hannes Delcroix,5,CB,27-111,90,0,0,0,0,0,0,0,0,0,1,0,0,0,3,0,,,48cce92a
INT-World Cup,2026,2026-06-19 Brazil-Haiti,Haiti,Jean-Kevin Duverne,22,CB,28-342,90,0,0,0,0,1,0,0,0,1,1,1,1,1,1,0,,,48cce92a
INT-World Cup,2026,2026-06-19 Brazil-Haiti,Haiti,Jean-Ricner Bellegarde,10,DM,27-357,80,0,0,0,0,0,0,0,0,0,1,0,4,0,1,0,,,48cce92a
INT-World Cup,2026,2026-06-19 Brazil-Haiti,Haiti,Johny Placide,1,GK,38-141,90,0,0,0,0,0,0,0,0,0,0,0,0,0,0,0,,,48cce92a
INT-World Cup,2026,2026-06-19 Brazil-Haiti,Haiti,Josué Casimir,21,AM,24-268,62,0,0,0,0,0,0,0,0,1,0,0,0,0,0,0,,,48cce92a
INT-World Cup,2026,2026-06-19 Brazil-Haiti,Haiti,Lenny Joseph,16,"FW,MF",25-250,20,0,0,0,0,0,0,0,0,1,0,0,0,0,0,0,,,48cce92a
INT-World Cup,2026,2026-06-19 Brazil-Haiti,Haiti,Louicius Deedson,11,MF,25-128,28,0,0,0,0,0,0,0,0,0,0,1,1,0,0,0,,,48cce92a
INT-World Cup,2026,2026-06-19 Brazil-Haiti,Haiti,Martin Expérience,8,DM,27-102,90,0,0,0,0,0,0,0,0,3,3,0,1,4,1,0,,,48cce92a
INT-World Cup,2026,2026-06-19 Brazil-Haiti,Haiti,Ricardo Adé,4,CB,36-029,90,0,0,0,0,2,1,0,0,3,1,0,0,1,1,0,,,48cce92a
INT-World Cup,2026,2026-06-19 Brazil-Haiti,Haiti,Ruben Providence,15,AM,24-347,70,0,0,0,0,1,0,0,0,0,2,0,2,0,0,0,,,48cce92a
INT-World Cup,2026,2026-06-19 Brazil-Haiti,Haiti,Wilson Isidor,18,"FW,MF",25-296,45,0,0,0,0,2,1,0,0,0,1,0,0,0,0,0,,,48cce92a
INT-World Cup,2026,2026-06-19 Scotland-Morocco,Morocco,Achraf Hakimi,2,RB,27-227,90,0,0,0,0,2,0,0,0,0,3,0,5,0,1,0,,,2a469714
INT-World Cup,2026,2026-06-19 Scotland-Morocco,Morocco,Ayoube Amaimouni,21,MF,21-201,7,0,0,0,0,1,0,0,0,1,0,0,0,0,0,0,,,2a469714
INT-World Cup,2026,2026-06-19 Scotland-Morocco,Morocco,Ayyoub Bouaddi,6,DM,18-260,90,0,0,0,0,1,0,0,0,1,0,0,0,0,1,0,,,2a469714
INT-World Cup,2026,2026-06-19 Scotland-Morocco,Morocco,Azzedine Ounahi,8,AM,26-061,89,0,0,0,0,0,0,0,0,0,1,0,0,1,0,0,,,2a469714
INT-World Cup,2026,2026-06-19 Scotland-Morocco,Morocco,Bilal El Khannouss,23,AM,22-040,83,0,0,0,0,2,1,0,0,0,1,0,2,0,0,0,,,2a469714
INT-World Cup,2026,2026-06-19 Scotland-Morocco,Morocco,Brahim Díaz,10,AM,26-320,83,0,1,0,0,1,0,0,0,1,2,0,2,0,0,0,,,2a469714
INT-World Cup,2026,2026-06-19 Scotland-Morocco,Morocco,Chadi Riad,18,CB,23-002,90,0,0,0,0,0,0,0,0,0,0,0,0,0,0,0,,,2a469714
INT-World Cup,2026,2026-06-19 Scotland-Morocco,Morocco,Chemsdine Talbi,7,MF,21-041,7,0,0,0,0,2,0,0,0,0,0,0,0,0,0,0,,,2a469714
INT-World Cup,2026,2026-06-19 Scotland-Morocco,Morocco,Ismael Saibari,11,FW,25-142,83,1,0,0,0,2,1,0,0,0,0,0,0,1,0,0,,,2a469714
INT-World Cup,2026,2026-06-19 Scotland-Morocco,Morocco,Issa Diop,14,CB,29-161,90,0,0,0,0,0,0,1,0,1,0,0,0,0,0,0,,,2a469714
INT-World Cup,2026,2026-06-19 Scotland-Morocco,Morocco,Neil El Aynaoui,24,DM,24-352,90,0,0,0,0,1,0,0,0,2,0,0,0,3,3,0,,,2a469714
INT-World Cup,2026,2026-06-19 Scotland-Morocco,Morocco,Noussair Mazraoui,3,LB,28-217,90,0,0,0,0,0,0,0,0,1,2,0,1,0,0,0,,,2a469714
INT-World Cup,2026,2026-06-19 Scotland-Morocco,Morocco,Samir El Mourabet,15,MF,20-256,1,0,0,0,0,0,0,0,0,0,0,0,0,0,0,0,,,2a469714
INT-World Cup,2026,2026-06-19 Scotland-Morocco,Morocco,Soufiane Rahimi,9,FW,30-017,7,0,0,0,0,0,0,0,0,1,0,0,0,0,0,0,,,2a469714
INT-World Cup,2026,2026-06-19 Scotland-Morocco,Morocco,Yassine Bounou,1,GK,35-075,90,0,0,0,0,0,0,0,0,0,1,0,0,0,0,0,,,2a469714
INT-World Cup,2026,2026-06-19 Scotland-Morocco,Scotland,Andy Robertson,3,LB,32-100,90,0,0,0,0,0,0,1,0,1,0,0,2,0,1,0,,,2a469714
INT-World Cup,2026,2026-06-19 Scotland-Morocco,Scotland,Angus Gunn,1,GK,30-148,90,0,0,0,0,0,0,0,0,0,0,0,0,1,0,0,,,2a469714
INT-World Cup,2026,2026-06-19 Scotland-Morocco,Scotland,Anthony Ralston,24,DF,27-215,2,0,0,0,0,0,0,0,0,1,0,0,0,0,0,0,,,2a469714
INT-World Cup,2026,2026-06-19 Scotland-Morocco,Scotland,Ben Gannon-Doak,17,MF,20-220,31,0,0,0,0,0,0,0,0,2,0,0,3,0,0,0,,,2a469714
INT-World Cup,2026,2026-06-19 Scotland-Morocco,Scotland,Ché Adams,10,FW,29-341,70,0,0,0,0,0,0,0,0,0,1,0,0,1,0,0,,,2a469714
INT-World Cup,2026,2026-06-19 Scotland-Morocco,Scotland,Grant Hanley,5,CB,34-211,90,0,0,0,0,0,0,0,0,0,0,1,0,0,0,0,,,2a469714
INT-World Cup,2026,2026-06-19 Scotland-Morocco,Scotland,Jack Hendry,13,CB,31-043,90,0,0,0,0,0,0,0,0,0,0,0,0,2,0,0,,,2a469714
INT-World Cup,2026,2026-06-19 Scotland-Morocco,Scotland,John McGinn,7,RW,31-244,88,0,0,0,0,1,0,0,0,2,2,0,2,0,0,0,,,2a469714
INT-World Cup,2026,2026-06-19 Scotland-Morocco,Scotland,Kenny McLean,23,"DF,MF",34-162,20,0,0,0,0,0,0,0,0,0,0,0,0,1,0,0,,,2a469714
INT-World Cup,2026,2026-06-19 Scotland-Morocco,Scotland,Kieran Tierney,6,LW,29-014,59,0,0,0,0,1,0,0,0,2,1,0,2,1,2,0,,,2a469714
INT-World Cup,2026,2026-06-19 Scotland-Morocco,Scotland,Lewis Ferguson,19,DM,26-299,90,0,0,0,0,0,0,0,0,2,3,0,2,4,2,0,,,2a469714
INT-World Cup,2026,2026-06-19 Scotland-Morocco,Scotland,Lyndon Dykes,9,"FW,MF",30-255,20,0,0,0,0,1,0,0,0,0,0,0,1,0,0,0,,,2a469714
INT-World Cup,2026,2026-06-19 Scotland-Morocco,Scotland,Nathan Patterson,22,RB,24-246,88,0,0,0,0,0,0,0,0,0,0,0,1,0,2,0,,,2a469714
INT-World Cup,2026,2026-06-19 Scotland-Morocco,Scotland,Ross Stewart,14,FW,29-343,2,0,0,0,0,0,0,0,0,0,0,0,0,0,0,0,,,2a469714
INT-World Cup,2026,2026-06-19 Scotland-Morocco,Scotland,Ryan Christie,11,AM,31-117,70,0,0,0,0,1,0,0,0,0,0,0,0,1,2,0,,,2a469714
INT-World Cup,2026,2026-06-19 Scotland-Morocco,Scotland,Scott McTominay,4,AM,29-193,90,0,0,0,0,2,0,0,0,1,0,0,0,1,0,0,,,2a469714
INT-World Cup,2026,2026-06-19 Türkiye-Paraguay,Paraguay,Alexandro Maidana,26,DF,20-328,10,0,0,0,0,0,0,0,0,0,0,0,0,0,0,0,,,82209c60
INT-World Cup,2026,2026-06-19 Türkiye-Paraguay,Paraguay,Andrés Cubas,14,CM,30-028,90,0,0,0,0,0,0,0,0,5,1,0,0,1,3,0,,,82209c60
INT-World Cup,2026,2026-06-19 Türkiye-Paraguay,Paraguay,Damián Bobadilla,16,MF,24-343,45,0,0,0,0,0,0,0,0,0,1,0,0,0,0,0,,,82209c60
INT-World Cup,2026,2026-06-19 Türkiye-Paraguay,Paraguay,Diego Gómez,8,CM,23-084,66,0,0,0,0,1,0,0,0,1,0,0,0,0,1,0,,,82209c60
INT-World Cup,2026,2026-06-19 Türkiye-Paraguay,Paraguay,Gabriel Ávalos,21,FW,35-250,1,0,0,0,0,0,0,0,0,0,0,0,0,1,0,0,,,82209c60
INT-World Cup,2026,2026-06-19 Türkiye-Paraguay,Paraguay,Gustavo Gómez,15,CB,33-044,90,0,0,0,0,1,0,0,0,0,1,0,0,0,0,0,,,82209c60
INT-World Cup,2026,2026-06-19 Türkiye-Paraguay,Paraguay,Gustavo Velásquez,2,DF,35-063,24,0,0,0,0,0,0,0,0,0,0,0,1,0,1,0,,,82209c60
INT-World Cup,2026,2026-06-19 Türkiye-Paraguay,Paraguay,Isidro Pitta,25,FW,26-309,45,0,0,0,0,0,0,0,0,2,0,2,0,0,0,0,,,82209c60
INT-World Cup,2026,2026-06-19 Türkiye-Paraguay,Paraguay,José Canale,13,DF,29-334,1,0,0,0,0,0,0,0,0,1,0,0,0,1,0,0,,,82209c60
INT-World Cup,2026,2026-06-19 Türkiye-Paraguay,Paraguay,Juan Cáceres,4,RB,26-018,80,0,0,0,0,1,1,0,0,2,1,0,1,5,1,0,,,82209c60
INT-World Cup,2026,2026-06-19 Türkiye-Paraguay,Paraguay,Julio Enciso,19,FW,22-147,89,0,1,0,0,1,0,0,0,0,2,0,2,1,1,0,,,82209c60
INT-World Cup,2026,2026-06-19 Türkiye-Paraguay,Paraguay,Júnior Alonso,6,LB,33-130,90,0,0,0,0,0,0,0,0,0,2,1,0,1,0,0,,,82209c60
INT-World Cup,2026,2026-06-19 Türkiye-Paraguay,Paraguay,Matías Galarza,23,LW,24-128,89,1,0,0,0,2,1,1,0,2,3,0,2,2,1,0,,,82209c60
INT-World Cup,2026,2026-06-19 Türkiye-Paraguay,Paraguay,Miguel Almirón,10,RW,32-129,44,0,0,0,0,0,0,0,1,1,1,0,0,3,0,0,,,82209c60
INT-World Cup,2026,2026-06-19 Türkiye-Paraguay,Paraguay,Omar Alderete,3,CB,29-175,90,0,0,0,0,1,0,0,0,1,1,0,0,0,1,0,,,82209c60
INT-World Cup,2026,2026-06-19 Türkiye-Paraguay,Paraguay,Orlando Gill,12,GK,26-008,90,0,0,0,0,0,0,0,0,0,0,0,0,0,0,0,,,82209c60
INT-World Cup,2026,2026-06-19 Türkiye-Paraguay,Türkiye,Abdülkerim Bardakcı,14,CB,31-285,85,0,0,0,0,1,0,0,0,1,0,0,6,1,0,0,,,82209c60
INT-World Cup,2026,2026-06-19 Türkiye-Paraguay,Türkiye,Arda Güler,8,AM,21-114,90,0,0,0,0,3,0,0,0,0,6,1,8,1,1,0,,,82209c60
INT-World Cup,2026,2026-06-19 Türkiye-Paraguay,Türkiye,Barış Alper Yılmaz,21,"FW,MF",26-027,45,0,0,0,0,1,0,0,0,2,0,0,7,0,0,0,,,82209c60
INT-World Cup,2026,2026-06-19 Türkiye-Paraguay,Türkiye,Can Uzun,26,MF,20-220,31,0,0,0,0,3,1,0,0,0,1,0,0,0,0,0,,,82209c60
INT-World Cup,2026,2026-06-19 Türkiye-Paraguay,Türkiye,Deniz Gül,9,FW,21-352,31,0,0,0,0,2,1,0,0,2,0,0,0,0,0,0,,,82209c60
INT-World Cup,2026,2026-06-19 Türkiye-Paraguay,Türkiye,Eren Elmalı,13,DF,25-347,21,0,0,0,0,0,0,1,0,2,0,0,0,0,0,0,,,82209c60
INT-World Cup,2026,2026-06-19 Türkiye-Paraguay,Türkiye,Ferdi Kadioglu,20,LB,26-255,69,0,0,0,0,0,0,0,0,0,3,0,1,2,1,0,,,82209c60
INT-World Cup,2026,2026-06-19 Türkiye-Paraguay,Türkiye,Hakan Çalhanoğlu,10,DM,32-131,90,0,0,0,0,6,0,0,0,1,0,0,6,3,0,0,,,82209c60
INT-World Cup,2026,2026-06-19 Türkiye-Paraguay,Türkiye,Kenan Yıldız,11,AM,21-046,90,0,0,0,0,6,1,0,0,1,2,0,4,1,0,0,,,82209c60
INT-World Cup,2026,2026-06-19 Türkiye-Paraguay,Türkiye,Kerem Aktürkoğlu,7,FW,27-241,45,0,0,0,0,0,0,0,0,0,0,0,1,0,0,0,,,82209c60
INT-World Cup,2026,2026-06-19 Türkiye-Paraguay,Türkiye,Merih Demiral,3,CB,28-106,90,0,0,0,0,5,2,0,0,2,0,1,1,0,1,0,,,82209c60
INT-World Cup,2026,2026-06-19 Türkiye-Paraguay,Türkiye,Mert Müldür,18,RB,27-077,90,0,0,0,0,3,0,0,0,1,2,0,5,2,1,0,,,82209c60
INT-World Cup,2026,2026-06-19 Türkiye-Paraguay,Türkiye,Orkun Kökçü,6,MF,25-172,5,0,0,0,0,0,0,0,0,0,0,0,1,0,0,0,,,82209c60
INT-World Cup,2026,2026-06-19 Türkiye-Paraguay,Türkiye,Uğurcan Çakır,23,GK,30-075,90,0,0,0,0,0,0,0,0,0,0,0,0,0,0,0,,,82209c60
INT-World Cup,2026,2026-06-19 Türkiye-Paraguay,Türkiye,Yunus Akgün,19,AM,25-347,59,0,0,0,0,0,0,0,0,1,1,0,2,0,0,0,,,82209c60
INT-World Cup,2026,2026-06-19 Türkiye-Paraguay,Türkiye,İsmail Yüksek,16,DM,27-144,59,0,0,0,0,2,0,0,0,1,0,0,0,2,2,0,,,82209c60
INT-World Cup,2026,2026-06-19 USA-Australia,Australia,Aiden O'Neill,13,CM,27-350,90,0,0,0,0,0,0,0,0,0,4,0,1,0,2,0,,,580cb771
INT-World Cup,2026,2026-06-19 USA-Australia,Australia,Alessandro Circati,3,CB,22-252,90,0,0,0,0,1,0,1,0,2,1,0,1,3,0,0,,,580cb771
INT-World Cup,2026,2026-06-19 USA-Australia,Australia,Cameron Burgess,21,CB,30-241,45,0,0,0,0,0,0,0,0,0,0,0,0,0,1,1,,,580cb771
INT-World Cup,2026,2026-06-19 USA-Australia,Australia,Connor Metcalfe,8,"DF,FW",26-226,45,0,0,0,0,1,1,0,0,0,0,0,1,1,1,0,,,580cb771
INT-World Cup,2026,2026-06-19 USA-Australia,Australia,Cristian Volpato,20,FW,22-216,30,0,0,0,0,1,0,0,0,0,1,0,3,0,0,0,,,580cb771
INT-World Cup,2026,2026-06-19 USA-Australia,Australia,Harry Souttar,19,CB,27-240,90,0,0,0,0,0,0,1,0,3,1,0,0,0,0,0,,,580cb771
INT-World Cup,2026,2026-06-19 USA-Australia,Australia,Jackson Irvine,22,"DF,MF",33-104,13,0,0,0,0,0,0,0,0,0,0,0,1,0,0,0,,,580cb771
INT-World Cup,2026,2026-06-19 USA-Australia,Australia,Jacob Italiano,4,RB,24-324,90,0,0,0,0,0,0,1,0,0,0,0,6,1,0,0,,,580cb771
INT-World Cup,2026,2026-06-19 USA-Australia,Australia,Jason Geria,6,DF,33-040,45,0,0,0,0,0,0,0,0,2,0,0,1,1,1,0,,,580cb771
INT-World Cup,2026,2026-06-19 USA-Australia,Australia,Jordy Bos,5,LB,23-233,90,0,0,0,0,0,0,1,0,2,0,0,2,1,1,0,,,580cb771
INT-World Cup,2026,2026-06-19 USA-Australia,Australia,Mathew Leckie,7,RM,35-135,60,0,0,0,0,1,0,0,0,1,1,0,1,0,0,0,,,580cb771
INT-World Cup,2026,2026-06-19 USA-Australia,Australia,Mo Touré,9,FW,22-085,45,0,0,0,0,1,1,0,0,1,0,0,0,1,0,0,,,580cb771
INT-World Cup,2026,2026-06-19 USA-Australia,Australia,Nestory Irankunda,17,"FW,MF",20-130,45,0,0,0,0,0,0,0,0,2,1,0,1,0,0,0,,,580cb771
INT-World Cup,2026,2026-06-19 USA-Australia,Australia,Nishan Velupillay,23,LM,25-043,45,0,0,0,0,0,0,0,0,1,0,0,0,1,0,0,,,580cb771
INT-World Cup,2026,2026-06-19 USA-Australia,Australia,Patrick Beach,18,GK,22-317,90,0,0,0,0,0,0,0,0,0,0,0,0,0,0,0,,,580cb771
INT-World Cup,2026,2026-06-19 USA-Australia,Australia,Paul Okon-Engstler,24,CM,21-146,77,0,0,0,0,0,0,0,0,2,2,0,1,1,1,0,,,580cb771
INT-World Cup,2026,2026-06-19 USA-Australia,United States,Alex Freeman,16,CB,21-314,90,1,0,0,0,1,1,0,0,0,1,0,0,0,2,0,,,580cb771
INT-World Cup,2026,2026-06-19 USA-Australia,United States,Antonee Robinson,5,LM,28-315,79,0,0,0,0,0,0,1,0,0,0,0,3,0,2,0,,,580cb771
INT-World Cup,2026,2026-06-19 USA-Australia,United States,Auston Trusty,6,DF,27-311,11,0,0,0,0,0,0,0,0,0,0,0,1,0,0,0,,,580cb771
INT-World Cup,2026,2026-06-19 USA-Australia,United States,Chris Richards,3,CB,26-083,90,0,0,0,0,0,0,1,0,3,1,0,0,2,2,0,,,580cb771
INT-World Cup,2026,2026-06-19 USA-Australia,United States,Folarin Balogun,20,FW,24-351,89,0,0,0,0,2,0,1,0,2,2,0,0,0,1,0,,,580cb771
INT-World Cup,2026,2026-06-19 USA-Australia,United States,Gio Reyna,7,MF,23-218,1,0,0,0,0,0,0,0,0,0,0,0,0,0,0,0,,,580cb771
INT-World Cup,2026,2026-06-19 USA-Australia,United States,Haji Wright,19,"FW,MF",28-084,1,0,0,0,0,0,0,0,0,0,0,1,0,0,0,0,,,580cb771
INT-World Cup,2026,2026-06-19 USA-Australia,United States,Joe Scally,23,"DF,MF",23-170,11,0,0,0,0,0,0,0,0,0,1,0,0,0,0,0,,,580cb771
INT-World Cup,2026,2026-06-19 USA-Australia,United States,Malik Tillman,17,CM,24-022,90,0,0,0,0,0,0,0,0,0,3,0,8,3,2,0,,,580cb771
INT-World Cup,2026,2026-06-19 USA-Australia,United States,Matt Freese,24,GK,27-290,90,0,0,0,0,0,0,0,0,0,1,0,0,0,0,0,,,580cb771
INT-World Cup,2026,2026-06-19 USA-Australia,United States,Ricardo Pepi,9,FW,23-161,73,0,0,0,0,2,0,0,0,2,0,0,0,0,1,0,,,580cb771
INT-World Cup,2026,2026-06-19 USA-Australia,United States,Sebastian Berhalter,14,MF,25-040,17,0,0,0,0,0,0,0,0,0,0,0,0,0,0,0,,,580cb771
INT-World Cup,2026,2026-06-19 USA-Australia,United States,Sergiño Dest,2,RM,25-228,79,0,0,0,0,3,1,0,0,0,2,0,1,0,1,0,,,580cb771
INT-World Cup,2026,2026-06-19 USA-Australia,United States,Tim Ream,13,CB,38-257,90,0,0,0,0,0,0,0,0,0,1,0,0,0,2,0,,,580cb771
INT-World Cup,2026,2026-06-19 USA-Australia,United States,Tyler Adams,4,CM,27-125,90,0,0,0,0,0,0,0,0,1,2,0,0,2,4,0,,,580cb771
INT-World Cup,2026,2026-06-19 USA-Australia,United States,Weston McKennie,8,CM,27-295,89,0,0,0,0,2,0,0,0,4,1,0,1,2,4,0,,,580cb771
INT-World Cup,2026,2026-06-20 Ecuador-Curaçao,Curaçao,Armando Obispo,18,CB,27-107,90,0,0,0,0,0,0,0,0,0,0,0,0,0,1,0,,,ca7eecdb
INT-World Cup,2026,2026-06-20 Ecuador-Curaçao,Curaçao,Deveron Fonville,24,LB,23-035,75,0,0,0,0,0,0,0,0,0,1,0,0,1,1,0,,,ca7eecdb
INT-World Cup,2026,2026-06-20 Ecuador-Curaçao,Curaçao,Eloy Room,1,GK,37-134,90,0,0,0,0,0,0,0,0,0,0,0,0,0,0,0,,,ca7eecdb
INT-World Cup,2026,2026-06-20 Ecuador-Curaçao,Curaçao,Gervane Kastaneer,19,"FW,MF",30-011,8,0,0,0,0,0,0,1,0,1,0,0,0,0,0,0,,,ca7eecdb
INT-World Cup,2026,2026-06-20 Ecuador-Curaçao,Curaçao,Godfried Roemeratoe,6,MF,26-305,7,0,0,0,0,0,0,0,0,0,0,0,0,0,0,0,,,ca7eecdb
INT-World Cup,2026,2026-06-20 Ecuador-Curaçao,Curaçao,Jearl Margaritha,16,"FW,MF",26-071,15,0,0,0,0,0,0,0,0,0,0,0,0,0,0,0,,,ca7eecdb
INT-World Cup,2026,2026-06-20 Ecuador-Curaçao,Curaçao,Joshua Brenet,20,RB,32-092,90,0,0,0,0,0,0,0,0,0,0,0,0,2,0,0,,,ca7eecdb
INT-World Cup,2026,2026-06-20 Ecuador-Curaçao,Curaçao,Juninho Bacuna,7,LM,28-317,74,0,0,0,0,3,1,1,0,1,1,0,0,1,0,0,,,ca7eecdb
INT-World Cup,2026,2026-06-20 Ecuador-Curaçao,Curaçao,Juriën Gaari,3,CB,32-179,90,0,0,0,0,0,0,1,0,2,1,0,0,2,2,0,,,ca7eecdb
INT-World Cup,2026,2026-06-20 Ecuador-Curaçao,Curaçao,Jürgen Locadia,9,FW,32-225,82,0,0,0,0,1,0,0,0,1,1,2,0,0,0,0,,,ca7eecdb
INT-World Cup,2026,2026-06-20 Ecuador-Curaçao,Curaçao,Kenji Gorré,14,"FW,MF",31-264,16,0,0,0,0,0,0,0,0,0,0,0,0,0,0,0,,,ca7eecdb
INT-World Cup,2026,2026-06-20 Ecuador-Curaçao,Curaçao,Leandro Bacuna,10,CM,34-303,90,0,0,0,0,2,1,1,0,2,0,0,1,0,0,0,,,ca7eecdb
INT-World Cup,2026,2026-06-20 Ecuador-Curaçao,Curaçao,Livano Comenencia,8,CM,22-137,83,0,0,0,0,3,1,1,0,2,0,0,0,0,2,0,,,ca7eecdb
INT-World Cup,2026,2026-06-20 Ecuador-Curaçao,Curaçao,Roshon van Eijma,4,DF,28-011,15,0,0,0,0,0,0,0,0,0,0,0,0,0,0,0,,,ca7eecdb
INT-World Cup,2026,2026-06-20 Ecuador-Curaçao,Curaçao,Sherel Floranus,5,CB,27-301,90,0,0,0,0,1,0,0,0,0,0,0,0,1,2,0,,,ca7eecdb
INT-World Cup,2026,2026-06-20 Ecuador-Curaçao,Curaçao,Tahith Chong,21,RM,26-198,75,0,0,0,0,0,0,0,0,1,3,0,0,0,0,0,,,ca7eecdb
INT-World Cup,2026,2026-06-20 Ecuador-Curaçao,Ecuador,Alan Franco,21,CB,27-303,82,0,0,0,0,0,0,0,0,1,0,0,2,2,1,0,,,ca7eecdb
INT-World Cup,2026,2026-06-20 Ecuador-Curaçao,Ecuador,Enner Valencia,13,FW,36-228,90,0,0,0,0,7,5,0,0,0,1,1,0,0,0,0,,,ca7eecdb
INT-World Cup,2026,2026-06-20 Ecuador-Curaçao,Ecuador,Gonzalo Plata,19,FW,25-231,90,0,0,0,0,5,3,0,0,0,1,0,4,1,1,0,,,ca7eecdb
INT-World Cup,2026,2026-06-20 Ecuador-Curaçao,Ecuador,Hernán Galíndez,1,GK,39-082,90,0,0,0,0,0,0,0,0,0,0,0,0,0,0,0,,,ca7eecdb
INT-World Cup,2026,2026-06-20 Ecuador-Curaçao,Ecuador,John Yeboah,9,RW,25-362,88,0,0,0,0,3,2,0,0,0,0,0,8,1,1,0,,,ca7eecdb
INT-World Cup,2026,2026-06-20 Ecuador-Curaçao,Ecuador,Jordy Alcivar,5,DM,26-319,45,0,0,0,0,1,0,1,0,1,0,0,1,1,0,0,,,ca7eecdb
INT-World Cup,2026,2026-06-20 Ecuador-Curaçao,Ecuador,Jordy Caicedo,16,FW,28-214,2,0,0,0,0,0,0,0,0,0,0,0,0,0,0,0,,,ca7eecdb
INT-World Cup,2026,2026-06-20 Ecuador-Curaçao,Ecuador,Kevin Rodríguez,11,FW,26-108,45,0,0,0,0,4,1,0,0,0,2,0,0,1,0,0,,,ca7eecdb
INT-World Cup,2026,2026-06-20 Ecuador-Curaçao,Ecuador,Moisés Caicedo,23,AM,24-230,90,0,0,0,0,1,1,0,0,0,0,0,6,2,1,0,,,ca7eecdb
INT-World Cup,2026,2026-06-20 Ecuador-Curaçao,Ecuador,Nilson Angulo,20,"FW,MF",23-001,21,0,0,0,0,1,1,0,0,0,0,0,1,0,1,0,,,ca7eecdb
INT-World Cup,2026,2026-06-20 Ecuador-Curaçao,Ecuador,Pedro Vite,15,AM,24-103,90,0,0,0,0,2,1,0,0,1,2,0,3,1,0,0,,,ca7eecdb
INT-World Cup,2026,2026-06-20 Ecuador-Curaçao,Ecuador,Pervis Estupiñán,7,LW,28-150,69,0,0,0,0,0,0,0,0,2,0,0,2,0,0,0,,,ca7eecdb
INT-World Cup,2026,2026-06-20 Ecuador-Curaçao,Ecuador,Piero Hincapié,3,CB,24-162,90,0,0,0,0,2,0,0,0,1,2,0,4,1,1,0,,,ca7eecdb
INT-World Cup,2026,2026-06-20 Ecuador-Curaçao,Ecuador,Willian Pacho,6,CB,24-247,90,0,0,0,0,1,1,0,0,1,0,0,0,1,1,0,,,ca7eecdb
INT-World Cup,2026,2026-06-20 Ecuador-Curaçao,Ecuador,Ángelo Preciado,17,"DF,MF",28-122,8,0,0,0,0,0,0,0,0,0,1,0,1,0,0,0,,,ca7eecdb
INT-World Cup,2026,2026-06-20 Germany-Côte d'Ivoire,Côte d'Ivoire,Amad Diallo,15,FW,23-344,74,0,0,0,0,1,0,0,0,0,0,0,2,2,2,0,,,43fec9f3
INT-World Cup,2026,2026-06-20 Germany-Côte d'Ivoire,Côte d'Ivoire,Ange-Yoan Bonny,9,FW,22-238,74,0,0,0,0,1,1,0,0,1,0,0,1,0,0,0,,,43fec9f3
INT-World Cup,2026,2026-06-20 Germany-Côte d'Ivoire,Côte d'Ivoire,Christ Inao Oulaï,26,CM,20-075,90,0,0,0,0,1,0,0,0,1,1,0,0,2,2,0,,,43fec9f3
INT-World Cup,2026,2026-06-20 Germany-Côte d'Ivoire,Côte d'Ivoire,Emmanuel Agbadou,20,CB,29-003,90,0,0,0,0,0,0,0,0,0,0,0,0,1,2,0,,,43fec9f3
INT-World Cup,2026,2026-06-20 Germany-Côte d'Ivoire,Côte d'Ivoire,Evann Guessand,22,"FW,MF",24-354,16,0,0,0,0,0,0,0,0,1,0,0,0,0,0,0,,,43fec9f3
INT-World Cup,2026,2026-06-20 Germany-Côte d'Ivoire,Côte d'Ivoire,Franck Kessié,8,CM,29-183,90,1,0,0,0,2,1,0,0,1,0,1,0,0,0,0,,,43fec9f3
INT-World Cup,2026,2026-06-20 Germany-Côte d'Ivoire,Côte d'Ivoire,Ghislain Konan,3,LB,30-175,90,0,0,0,0,1,0,0,0,0,0,0,3,1,0,0,,,43fec9f3
INT-World Cup,2026,2026-06-20 Germany-Côte d'Ivoire,Côte d'Ivoire,Guéla Doué,17,DF,23-246,9,0,0,0,0,0,0,0,0,1,0,0,0,0,0,0,,,43fec9f3
INT-World Cup,2026,2026-06-20 Germany-Côte d'Ivoire,Côte d'Ivoire,Ibrahim Sangaré,18,DM,28-200,74,0,0,0,0,0,0,0,0,0,0,0,0,4,2,0,,,43fec9f3
INT-World Cup,2026,2026-06-20 Germany-Côte d'Ivoire,Côte d'Ivoire,Nicolas Pépé,19,"FW,MF",31-022,6,0,0,0,0,0,0,0,0,0,0,0,0,0,0,0,,,43fec9f3
INT-World Cup,2026,2026-06-20 Germany-Côte d'Ivoire,Côte d'Ivoire,Odilon Kossounou,7,CB,25-167,90,0,0,0,0,0,0,0,0,0,1,0,0,0,3,0,,,43fec9f3
INT-World Cup,2026,2026-06-20 Germany-Côte d'Ivoire,Côte d'Ivoire,Seko Fofana,6,MF,31-044,16,0,0,0,0,1,0,0,0,0,0,0,0,0,0,0,,,43fec9f3
INT-World Cup,2026,2026-06-20 Germany-Côte d'Ivoire,Côte d'Ivoire,Simon Adingra,10,"FW,MF",24-170,16,0,0,0,0,0,0,0,0,0,0,0,1,0,0,0,,,43fec9f3
INT-World Cup,2026,2026-06-20 Germany-Côte d'Ivoire,Côte d'Ivoire,Wilfried Singo,5,RB,25-177,81,0,0,0,0,1,0,0,0,1,0,0,1,0,1,0,,,43fec9f3
INT-World Cup,2026,2026-06-20 Germany-Côte d'Ivoire,Côte d'Ivoire,Yahia Fofana,1,GK,25-303,90,0,0,0,0,0,0,0,0,0,2,0,0,0,0,0,,,43fec9f3
INT-World Cup,2026,2026-06-20 Germany-Côte d'Ivoire,Côte d'Ivoire,Yan Diomandé,11,FW,19-218,84,0,0,0,0,1,0,0,0,1,1,0,1,1,1,0,,,43fec9f3
INT-World Cup,2026,2026-06-20 Germany-Côte d'Ivoire,Germany,Aleksandar Pavlovic,5,DM,22-048,59,0,0,0,0,0,0,0,0,1,1,0,1,0,0,0,,,43fec9f3
INT-World Cup,2026,2026-06-20 Germany-Côte d'Ivoire,Germany,Antonio Rüdiger,2,DF,33-109,45,0,0,0,0,1,0,0,0,0,0,0,0,0,0,0,,,43fec9f3
INT-World Cup,2026,2026-06-20 Germany-Côte d'Ivoire,Germany,Deniz Undav,26,"FW,MF",29-336,31,2,0,0,0,3,3,0,0,1,0,0,0,0,0,0,,,43fec9f3
INT-World Cup,2026,2026-06-20 Germany-Côte d'Ivoire,Germany,Felix Nmecha,23,DM,25-253,90,0,1,0,0,2,0,0,0,1,1,0,1,5,2,0,,,43fec9f3
INT-World Cup,2026,2026-06-20 Germany-Côte d'Ivoire,Germany,Florian Wirtz,17,AM,23-048,90,0,0,0,0,2,1,0,0,1,1,0,0,1,1,0,,,43fec9f3
INT-World Cup,2026,2026-06-20 Germany-Côte d'Ivoire,Germany,Jamal Musiala,10,AM,23-114,59,0,0,0,0,2,0,0,0,1,2,0,0,2,0,0,,,43fec9f3
INT-World Cup,2026,2026-06-20 Germany-Côte d'Ivoire,Germany,Jamie Leweling,9,"FW,MF",25-114,31,0,0,0,0,1,0,0,0,0,0,0,2,0,0,0,,,43fec9f3
INT-World Cup,2026,2026-06-20 Germany-Côte d'Ivoire,Germany,Jonathan Tah,4,CB,30-129,90,0,0,0,0,0,0,0,0,0,1,0,0,1,1,0,,,43fec9f3
INT-World Cup,2026,2026-06-20 Germany-Côte d'Ivoire,Germany,Joshua Kimmich,6,RB,31-132,90,0,0,0,0,0,0,0,0,0,0,0,10,3,2,0,,,43fec9f3
INT-World Cup,2026,2026-06-20 Germany-Côte d'Ivoire,Germany,Kai Havertz,7,FW,27-009,84,0,0,0,0,3,1,0,0,0,0,0,0,0,0,0,,,43fec9f3
INT-World Cup,2026,2026-06-20 Germany-Côte d'Ivoire,Germany,Leon Goretzka,8,MF,31-134,6,0,0,0,0,0,0,0,0,0,0,0,0,1,0,0,,,43fec9f3
INT-World Cup,2026,2026-06-20 Germany-Côte d'Ivoire,Germany,Leroy Sané,19,AM,30-160,59,0,0,0,0,0,0,0,0,0,0,0,2,1,0,0,,,43fec9f3
INT-World Cup,2026,2026-06-20 Germany-Côte d'Ivoire,Germany,Manuel Neuer,1,GK,40-085,90,0,0,0,0,0,0,0,0,0,0,0,0,0,0,0,,,43fec9f3
INT-World Cup,2026,2026-06-20 Germany-Côte d'Ivoire,Germany,Nadiem Amiri,20,MF,29-236,31,0,1,0,0,1,1,0,0,0,0,0,2,0,0,0,,,43fec9f3
INT-World Cup,2026,2026-06-20 Germany-Côte d'Ivoire,Germany,Nathaniel Brown,18,LB,23-004,90,0,0,0,0,1,1,0,0,0,0,0,3,2,1,0,,,43fec9f3
INT-World Cup,2026,2026-06-20 Germany-Côte d'Ivoire,Germany,Nico Schlotterbeck,15,CB,26-201,45,0,0,0,0,0,0,0,0,0,0,0,0,1,0,0,,,43fec9f3
INT-World Cup,2026,2026-06-20 Netherlands-Sweden,Netherlands,Bart Verbruggen,1,GK,23-306,90,0,0,0,0,0,0,0,0,0,0,0,0,0,0,0,,,816f4180
INT-World Cup,2026,2026-06-20 Netherlands-Sweden,Netherlands,Brian Brobbey,19,FW,24-139,71,2,0,0,0,2,2,0,0,1,1,1,0,0,0,0,,,816f4180
INT-World Cup,2026,2026-06-20 Netherlands-Sweden,Netherlands,Cody Gakpo,11,FW,27-044,89,2,1,0,0,5,4,0,0,1,1,1,5,0,1,0,,,816f4180
INT-World Cup,2026,2026-06-20 Netherlands-Sweden,Netherlands,Crysencio Summerville,24,"FW,MF",24-233,45,1,1,0,0,1,1,0,0,0,1,0,1,1,1,0,,,816f4180
INT-World Cup,2026,2026-06-20 Netherlands-Sweden,Netherlands,Denzel Dumfries,22,RB,30-063,90,0,2,0,0,0,0,0,0,2,1,0,4,3,1,0,,,816f4180
INT-World Cup,2026,2026-06-20 Netherlands-Sweden,Netherlands,Donyell Malen,18,FW,27-162,45,0,0,0,0,0,0,0,0,0,0,0,1,0,0,0,,,816f4180
INT-World Cup,2026,2026-06-20 Netherlands-Sweden,Netherlands,Frenkie de Jong,21,DM,29-039,58,0,0,0,0,0,0,0,0,0,1,0,0,3,1,0,,,816f4180
INT-World Cup,2026,2026-06-20 Netherlands-Sweden,Netherlands,Guus Til,16,"FW,MF",28-180,32,0,0,0,0,0,0,0,0,0,0,0,0,0,0,0,,,816f4180
INT-World Cup,2026,2026-06-20 Netherlands-Sweden,Netherlands,Jan Paul van Hecke,6,CB,26-012,90,0,0,0,0,0,0,0,0,1,0,0,0,0,0,0,,,816f4180
INT-World Cup,2026,2026-06-20 Netherlands-Sweden,Netherlands,Memphis,10,"FW,MF",32-127,19,0,1,0,0,0,0,0,0,0,1,0,0,0,0,0,,,816f4180
INT-World Cup,2026,2026-06-20 Netherlands-Sweden,Netherlands,Micky van de Ven,15,LB,25-062,90,0,0,0,0,0,0,0,0,1,1,0,1,1,0,0,,,816f4180
INT-World Cup,2026,2026-06-20 Netherlands-Sweden,Netherlands,Noa Lang,17,"FW,MF",27-003,1,0,0,0,0,0,0,0,0,0,1,0,0,0,0,0,,,816f4180
INT-World Cup,2026,2026-06-20 Netherlands-Sweden,Netherlands,Ryan Gravenberch,8,CM,24-035,90,0,0,0,0,1,0,0,0,2,1,0,1,1,3,0,,,816f4180
INT-World Cup,2026,2026-06-20 Netherlands-Sweden,Netherlands,Teun Koopmeiners,20,"DF,MF",28-112,32,0,0,0,0,0,0,0,0,0,0,0,1,0,0,0,,,816f4180
INT-World Cup,2026,2026-06-20 Netherlands-Sweden,Netherlands,Tijjani Reijnders,14,CM,27-326,58,0,0,0,0,1,0,0,0,0,2,1,1,0,0,0,,,816f4180
INT-World Cup,2026,2026-06-20 Netherlands-Sweden,Netherlands,Virgil van Dijk,4,CB,34-347,90,0,0,0,0,0,0,0,0,1,0,0,0,0,1,0,,,816f4180
INT-World Cup,2026,2026-06-20 Netherlands-Sweden,Sweden,Alexander Bernhardsson,21,RW,27-285,54,0,0,0,0,0,0,0,0,0,1,0,2,0,2,0,,,816f4180
INT-World Cup,2026,2026-06-20 Netherlands-Sweden,Sweden,Alexander Isak,9,FW,26-272,90,0,1,0,0,1,1,0,0,0,1,1,2,0,0,0,,,816f4180
INT-World Cup,2026,2026-06-20 Netherlands-Sweden,Sweden,Anthony Elanga,11,"FW,MF",24-054,36,1,0,0,0,1,1,0,0,0,1,0,5,0,0,0,,,816f4180
INT-World Cup,2026,2026-06-20 Netherlands-Sweden,Sweden,Benjamin Nygren,10,AM,24-347,55,0,0,0,0,1,0,0,0,2,0,0,2,0,0,0,,,816f4180
INT-World Cup,2026,2026-06-20 Netherlands-Sweden,Sweden,Besfort Zeneli,22,MF,23-211,35,0,0,0,0,1,1,0,0,0,0,0,1,0,0,0,,,816f4180
INT-World Cup,2026,2026-06-20 Netherlands-Sweden,Sweden,Elliot Stroud,24,MF,23-363,1,0,0,0,0,0,0,0,0,0,0,0,1,0,0,0,,,816f4180
INT-World Cup,2026,2026-06-20 Netherlands-Sweden,Sweden,Gabriel Gudmundsson,5,LW,27-052,89,0,0,0,0,0,0,1,0,1,1,0,1,0,0,0,,,816f4180
INT-World Cup,2026,2026-06-20 Netherlands-Sweden,Sweden,Gustaf Lagerbielke,2,CB,26-071,90,0,0,0,0,1,1,0,0,1,0,1,1,3,1,0,,,816f4180
INT-World Cup,2026,2026-06-20 Netherlands-Sweden,Sweden,Isak Hien,4,CB,27-158,90,0,0,0,0,0,0,0,0,1,1,0,0,2,0,0,,,816f4180
INT-World Cup,2026,2026-06-20 Netherlands-Sweden,Sweden,Jesper Karlström,16,DM,30-364,55,0,0,0,0,1,0,0,0,2,0,0,0,2,0,0,,,816f4180
INT-World Cup,2026,2026-06-20 Netherlands-Sweden,Sweden,Kristoffer Nordfeldt,23,GK,36-362,90,0,0,0,0,0,0,0,0,0,0,0,0,0,0,0,,,816f4180
INT-World Cup,2026,2026-06-20 Netherlands-Sweden,Sweden,Lucas Bergvall,7,MF,20-138,35,0,0,0,0,0,0,1,0,1,1,0,0,1,0,0,,,816f4180
INT-World Cup,2026,2026-06-20 Netherlands-Sweden,Sweden,Taha Ali,26,"FW,MF",27-354,12,0,0,0,0,0,0,0,0,0,0,0,1,0,0,0,,,816f4180
INT-World Cup,2026,2026-06-20 Netherlands-Sweden,Sweden,Victor Lindelöf,3,CB,31-338,90,0,0,0,0,0,0,0,0,1,0,0,0,0,3,0,,,816f4180
INT-World Cup,2026,2026-06-20 Netherlands-Sweden,Sweden,Viktor Gyökeres,17,FW,28-016,90,0,0,0,0,5,3,0,0,2,1,1,1,0,0,0,,,816f4180
INT-World Cup,2026,2026-06-20 Netherlands-Sweden,Sweden,Yasin Ayari,18,AM,22-257,78,0,0,0,0,5,1,1,0,1,2,0,4,1,0,0,,,816f4180
INT-World Cup,2026,2026-06-20 Tunisia-Japan,Japan,Ao Tanaka,7,DM,27-283,90,0,0,0,0,1,0,0,0,1,0,0,0,4,0,0,,,27695f4a
INT-World Cup,2026,2026-06-20 Tunisia-Japan,Japan,Ayase Ueda,18,FW,27-283,83,2,1,0,0,5,3,0,0,1,1,0,0,0,0,0,,,27695f4a
INT-World Cup,2026,2026-06-20 Tunisia-Japan,Japan,Ayumu Seko,20,"DF,MF",26-013,12,0,0,0,0,0,0,0,0,1,0,0,0,0,0,0,,,27695f4a
INT-World Cup,2026,2026-06-20 Tunisia-Japan,Japan,Daichi Kamada,15,AM,29-319,72,1,0,0,0,1,1,0,0,0,1,0,0,0,0,0,,,27695f4a
INT-World Cup,2026,2026-06-20 Tunisia-Japan,Japan,Hiroki Ito,21,CB,27-039,90,0,0,0,0,0,0,0,0,3,0,0,1,1,0,0,,,27695f4a
INT-World Cup,2026,2026-06-20 Tunisia-Japan,Japan,Junnosuke Suzuki,25,DF,22-343,18,0,0,0,0,0,0,0,0,0,0,0,0,0,1,0,,,27695f4a
INT-World Cup,2026,2026-06-20 Tunisia-Japan,Japan,Junya Itō,14,AM,33-103,90,1,0,0,0,2,1,0,0,2,1,0,7,1,1,0,,,27695f4a
INT-World Cup,2026,2026-06-20 Tunisia-Japan,Japan,Kaishū Sano,24,DM,25-172,90,0,1,0,0,0,0,0,0,2,1,0,1,1,2,0,,,27695f4a
INT-World Cup,2026,2026-06-20 Tunisia-Japan,Japan,Keisuke Gotō,9,FW,21-017,7,0,0,0,0,0,0,0,0,0,1,0,0,1,0,0,,,27695f4a
INT-World Cup,2026,2026-06-20 Tunisia-Japan,Japan,Keito Nakamura,13,DM,25-327,78,0,1,0,0,1,0,0,0,1,0,1,0,2,0,0,,,27695f4a
INT-World Cup,2026,2026-06-20 Tunisia-Japan,Japan,Ko Itakura,4,CB,29-144,90,0,1,0,0,0,0,0,0,1,0,0,0,0,1,0,,,27695f4a
INT-World Cup,2026,2026-06-20 Tunisia-Japan,Japan,Ritsu Doan,10,DM,28-004,73,0,0,0,0,0,0,0,0,0,2,0,1,0,0,0,,,27695f4a
INT-World Cup,2026,2026-06-20 Tunisia-Japan,Japan,Takehiro Tomiyasu,22,CB,27-227,78,0,0,0,0,1,0,0,0,3,0,0,1,0,1,0,,,27695f4a
INT-World Cup,2026,2026-06-20 Tunisia-Japan,Japan,Yuito Suzuki,17,"FW,MF",24-238,12,0,0,0,0,0,0,0,0,0,0,0,0,1,0,0,,,27695f4a
INT-World Cup,2026,2026-06-20 Tunisia-Japan,Japan,Yukinari Sugawara,2,"DF,FW",25-357,17,0,0,0,0,0,0,0,0,0,0,0,0,0,0,0,,,27695f4a
INT-World Cup,2026,2026-06-20 Tunisia-Japan,Japan,Zion Suzuki,1,GK,23-303,90,0,0,0,0,0,0,0,0,0,1,0,0,0,0,0,,,27695f4a
INT-World Cup,2026,2026-06-20 Tunisia-Japan,Tunisia,Ali Abdi,2,LB,32-182,89,0,0,0,0,0,0,0,0,1,1,0,2,4,2,0,,,27695f4a
INT-World Cup,2026,2026-06-20 Tunisia-Japan,Tunisia,Anis Ben Slimane,25,CM,25-096,90,0,0,0,0,0,0,0,0,0,0,0,3,2,1,0,,,27695f4a
INT-World Cup,2026,2026-06-20 Tunisia-Japan,Tunisia,Aymen Dahmen,16,GK,29-143,90,0,0,0,0,0,0,0,0,0,1,0,0,0,0,0,,,27695f4a
INT-World Cup,2026,2026-06-20 Tunisia-Japan,Tunisia,Dylan Bronn,6,CB,31-001,45,0,0,0,0,0,0,0,0,1,0,0,0,0,1,0,,,27695f4a
INT-World Cup,2026,2026-06-20 Tunisia-Japan,Tunisia,Elias Achouri,7,"FW,MF",27-130,1,0,0,0,0,0,0,0,0,0,0,0,0,1,0,0,,,27695f4a
INT-World Cup,2026,2026-06-20 Tunisia-Japan,Tunisia,Elias Saad,8,RM,26-175,45,0,0,0,0,0,0,0,0,1,1,0,1,0,0,0,,,27695f4a
INT-World Cup,2026,2026-06-20 Tunisia-Japan,Tunisia,Ellyes Skhiri,17,CM,31-041,89,0,0,0,0,0,0,0,0,0,0,0,0,1,0,0,,,27695f4a
INT-World Cup,2026,2026-06-20 Tunisia-Japan,Tunisia,Firas Chaouat,19,FW,30-043,26,0,0,0,0,0,0,0,0,0,2,0,0,0,0,0,,,27695f4a
INT-World Cup,2026,2026-06-20 Tunisia-Japan,Tunisia,Hannibal Mejbri,10,LM,23-150,90,0,0,0,0,1,0,0,0,3,7,0,1,1,0,0,,,27695f4a
INT-World Cup,2026,2026-06-20 Tunisia-Japan,Tunisia,Ismaël Gharbi,11,MF,22-071,45,0,0,0,0,1,0,0,0,0,2,0,0,0,1,0,,,27695f4a
INT-World Cup,2026,2026-06-20 Tunisia-Japan,Tunisia,Mohamed Amine Ben Hamida,21,DF,30-187,45,0,0,0,0,0,0,0,0,0,0,0,0,3,0,0,,,27695f4a
INT-World Cup,2026,2026-06-20 Tunisia-Japan,Tunisia,Montassar Talbi,3,CB,28-025,90,0,0,0,0,0,0,0,0,1,1,0,0,1,3,0,,,27695f4a
INT-World Cup,2026,2026-06-20 Tunisia-Japan,Tunisia,Omar Rekik,4,CB,24-182,90,0,0,0,0,0,0,0,0,0,0,1,0,2,2,0,,,27695f4a
INT-World Cup,2026,2026-06-20 Tunisia-Japan,Tunisia,Rani Khedira,13,"DF,MF",32-144,1,0,0,0,0,0,0,0,0,0,0,0,0,0,2,0,,,27695f4a
INT-World Cup,2026,2026-06-20 Tunisia-Japan,Tunisia,Sebastian Tounekti,26,FW,23-342,64,0,0,0,0,0,0,0,0,0,0,0,2,0,0,0,,,27695f4a
INT-World Cup,2026,2026-06-20 Tunisia-Japan,Tunisia,Yan Valery,20,RB,27-118,90,0,0,0,0,0,0,0,0,1,0,0,1,1,2,0,,,27695f4a
INT-World Cup,2026,2026-06-21 Belgium-IR Iran,Belgium,Alexis Saelemaekers,22,AM,26-359,57,0,0,0,0,2,0,0,0,0,0,1,1,1,0,0,,,c96f559b
INT-World Cup,2026,2026-06-21 Belgium-IR Iran,Belgium,Arthur Theate,3,DF,26-027,18,0,0,0,0,0,0,0,0,0,0,0,0,0,0,0,,,c96f559b
INT-World Cup,2026,2026-06-21 Belgium-IR Iran,Belgium,Brandon Mechele,4,CB,33-144,90,0,0,0,0,1,0,0,0,1,0,0,0,0,1,0,,,c96f559b
INT-World Cup,2026,2026-06-21 Belgium-IR Iran,Belgium,Dodi Lukebakio,14,"FW,MF",28-270,33,0,0,0,0,2,1,0,0,0,1,0,2,0,0,0,,,c96f559b
INT-World Cup,2026,2026-06-21 Belgium-IR Iran,Belgium,Hans Vanaken,20,MF,33-301,33,0,0,0,0,2,0,0,0,0,0,0,1,0,0,0,,,c96f559b
INT-World Cup,2026,2026-06-21 Belgium-IR Iran,Belgium,Kevin De Bruyne,7,AM,34-358,86,0,0,0,0,5,1,0,0,0,3,0,10,0,0,0,,,c96f559b
INT-World Cup,2026,2026-06-21 Belgium-IR Iran,Belgium,Leandro Trossard,10,AM,31-199,90,0,0,0,0,1,0,0,0,1,1,1,3,1,0,0,,,c96f559b
INT-World Cup,2026,2026-06-21 Belgium-IR Iran,Belgium,Matias Fernandez-Pardo,26,"FW,MF",21-138,4,0,0,0,0,1,0,0,0,0,0,0,0,0,0,0,,,c96f559b
INT-World Cup,2026,2026-06-21 Belgium-IR Iran,Belgium,Maxim De Cuyper,5,LB,25-181,90,0,0,0,0,5,4,0,0,0,1,0,3,0,0,0,,,c96f559b
INT-World Cup,2026,2026-06-21 Belgium-IR Iran,Belgium,Nathan Ngoy,25,CB,23-011,65,0,0,0,0,1,0,0,1,2,0,0,0,2,0,0,,,c96f559b
INT-World Cup,2026,2026-06-21 Belgium-IR Iran,Belgium,Nicolas Raskin,23,DM,25-118,57,0,0,0,0,0,0,0,0,1,0,0,0,0,0,0,,,c96f559b
INT-World Cup,2026,2026-06-21 Belgium-IR Iran,Belgium,Romelu Lukaku,9,FW,33-039,72,0,0,0,0,1,0,1,0,1,0,0,0,0,0,0,,,c96f559b
INT-World Cup,2026,2026-06-21 Belgium-IR Iran,Belgium,Thibaut Courtois,1,GK,34-041,90,0,0,0,0,0,0,0,0,0,0,0,0,0,0,0,,,c96f559b
INT-World Cup,2026,2026-06-21 Belgium-IR Iran,Belgium,Thomas Meunier,15,RB,34-282,57,0,0,0,0,0,0,0,0,1,0,0,3,1,1,0,,,c96f559b
INT-World Cup,2026,2026-06-21 Belgium-IR Iran,Belgium,Timothy Castagne,21,"DF,MF",30-198,33,0,0,0,0,0,0,0,0,0,0,0,5,0,1,0,,,c96f559b
INT-World Cup,2026,2026-06-21 Belgium-IR Iran,Belgium,Youri Tielemans,8,DM,29-045,90,0,0,0,0,2,1,0,0,0,2,1,4,2,0,0,,,c96f559b
INT-World Cup,2026,2026-06-21 Belgium-IR Iran,IR Iran,Ali Nemati,19,CB,30-133,90,0,0,0,0,0,0,0,0,0,0,0,0,1,0,0,,,c96f559b
INT-World Cup,2026,2026-06-21 Belgium-IR Iran,IR Iran,Alireza Beiranvand,1,GK,33-273,90,0,0,0,0,0,0,0,0,0,1,0,0,0,0,0,,,c96f559b
INT-World Cup,2026,2026-06-21 Belgium-IR Iran,IR Iran,Alireza Jahanbakhsh,7,"FW,MF",32-314,45,0,0,0,0,1,0,0,0,2,0,0,0,1,0,0,,,c96f559b
INT-World Cup,2026,2026-06-21 Belgium-IR Iran,IR Iran,Amirhossein Hosseinzadeh,18,FW,25-234,6,0,0,0,0,1,0,0,0,0,0,0,0,1,0,0,,,c96f559b
INT-World Cup,2026,2026-06-21 Belgium-IR Iran,IR Iran,Ehsan Hajsafi,3,LB,36-116,65,0,0,0,0,0,0,0,0,1,0,0,1,0,1,0,,,c96f559b
INT-World Cup,2026,2026-06-21 Belgium-IR Iran,IR Iran,Hossein Kanaanizadegan,13,CB,32-090,90,0,0,0,0,1,1,0,0,0,0,0,0,0,2,0,,,c96f559b
INT-World Cup,2026,2026-06-21 Belgium-IR Iran,IR Iran,Mehdi Taremi,9,FW,33-338,90,0,0,0,0,1,1,0,0,2,2,2,0,0,0,0,,,c96f559b
INT-World Cup,2026,2026-06-21 Belgium-IR Iran,IR Iran,Mehdi Torabi,16,MF,31-284,25,0,0,0,0,0,0,0,0,0,0,0,2,0,1,0,,,c96f559b
INT-World Cup,2026,2026-06-21 Belgium-IR Iran,IR Iran,Milad Mohammadi,5,"DF,MF",32-265,25,0,0,0,0,0,0,0,0,0,0,1,1,0,1,0,,,c96f559b
INT-World Cup,2026,2026-06-21 Belgium-IR Iran,IR Iran,Mohammad Mohebi,8,LM,27-183,65,0,0,0,0,0,0,0,0,0,1,0,0,0,1,0,,,c96f559b
INT-World Cup,2026,2026-06-21 Belgium-IR Iran,IR Iran,Ramin Rezaeian,23,RM,36-092,90,0,0,0,0,0,0,0,0,0,0,0,3,0,0,0,,,c96f559b
INT-World Cup,2026,2026-06-21 Belgium-IR Iran,IR Iran,Saeid Ezatolahi,6,CM,29-263,84,0,0,0,0,2,1,1,0,2,0,0,0,2,4,0,,,c96f559b
INT-World Cup,2026,2026-06-21 Belgium-IR Iran,IR Iran,Saleh Hardani,2,RB,27-177,45,0,0,0,0,0,0,0,0,0,1,0,0,0,1,0,,,c96f559b
INT-World Cup,2026,2026-06-21 Belgium-IR Iran,IR Iran,Saman Ghoddos,14,CM,32-288,78,0,0,0,0,0,0,0,0,1,0,0,0,2,1,0,,,c96f559b
INT-World Cup,2026,2026-06-21 Belgium-IR Iran,IR Iran,Shahriar Moghanlou,20,MF,31-182,12,0,0,0,0,0,0,0,0,0,0,1,1,1,0,0,,,c96f559b
INT-World Cup,2026,2026-06-21 Belgium-IR Iran,IR Iran,Shoja' Khalilzadeh,4,CB,37-038,90,0,0,0,0,1,0,0,0,1,0,0,0,2,1,0,,,c96f559b
INT-World Cup,2026,2026-06-21 New Zealand-Egypt,Egypt,Ahmed Fatouh,13,LB,28-091,90,0,0,0,0,1,1,0,0,0,1,0,3,3,2,0,,,d5699a16
INT-World Cup,2026,2026-06-21 New Zealand-Egypt,Egypt,Emam Ashour,8,LW,28-121,84,0,0,0,0,3,0,0,0,1,3,0,2,0,0,0,,,d5699a16
INT-World Cup,2026,2026-06-21 New Zealand-Egypt,Egypt,Hamdy Fathy,14,CB,31-265,40,0,0,0,0,0,0,0,0,0,0,0,0,1,1,0,,,d5699a16
INT-World Cup,2026,2026-06-21 New Zealand-Egypt,Egypt,Hamza Abdelkarim,9,FW,18-171,15,0,0,0,0,0,0,0,0,1,0,0,0,0,0,0,,,d5699a16
INT-World Cup,2026,2026-06-21 New Zealand-Egypt,Egypt,Hossam Abdelmaguid,4,DF,25-052,5,0,0,0,0,0,0,0,0,0,0,0,0,0,0,0,,,d5699a16
INT-World Cup,2026,2026-06-21 New Zealand-Egypt,Egypt,Marwan Attia,19,CM,27-313,90,0,0,0,0,0,0,0,0,0,0,0,5,0,0,0,,,d5699a16
INT-World Cup,2026,2026-06-21 New Zealand-Egypt,Egypt,Mohamed Abdelmonem,6,DF,27-140,1,0,0,0,0,0,0,0,0,0,0,0,0,0,0,0,,,d5699a16
INT-World Cup,2026,2026-06-21 New Zealand-Egypt,Egypt,Mohamed Hany,3,RB,30-147,90,0,1,0,0,1,0,0,0,0,0,0,4,1,1,0,,,d5699a16
INT-World Cup,2026,2026-06-21 New Zealand-Egypt,Egypt,Mohamed Salah,10,FW,34-006,84,1,1,0,0,5,2,0,0,0,1,0,4,0,0,0,,,d5699a16
INT-World Cup,2026,2026-06-21 New Zealand-Egypt,Egypt,Mohanad Lasheen,17,CM,30-023,90,0,0,0,0,0,0,1,0,1,0,0,0,4,1,0,,,d5699a16
INT-World Cup,2026,2026-06-21 New Zealand-Egypt,Egypt,Mostafa Shobeir,23,GK,26-037,90,0,0,0,0,0,0,0,0,0,2,0,0,0,0,0,,,d5699a16
INT-World Cup,2026,2026-06-21 New Zealand-Egypt,Egypt,Mostafa Ziko,11,RW,29-055,75,1,1,0,0,4,1,0,0,2,1,0,2,1,1,0,,,d5699a16
INT-World Cup,2026,2026-06-21 New Zealand-Egypt,Egypt,Omar Marmoush,22,FW,27-134,75,0,0,0,0,3,1,0,0,0,4,0,1,0,0,0,,,d5699a16
INT-World Cup,2026,2026-06-21 New Zealand-Egypt,Egypt,Ramy Rabia,5,"DF,MF",33-032,50,0,0,0,0,0,0,0,0,2,0,0,0,2,0,0,,,d5699a16
INT-World Cup,2026,2026-06-21 New Zealand-Egypt,Egypt,Trézéguet,7,"FW,MF",31-263,15,1,0,0,0,1,1,0,0,1,0,0,0,0,0,0,,,d5699a16
INT-World Cup,2026,2026-06-21 New Zealand-Egypt,Egypt,Yasser Ibrahim,2,CB,33-131,90,0,0,0,0,0,0,0,0,0,1,0,0,1,1,0,,,d5699a16
INT-World Cup,2026,2026-06-21 New Zealand-Egypt,Egypt,Zizo,25,MF,30-162,6,0,0,0,0,1,1,0,0,0,0,0,1,0,0,0,,,d5699a16
INT-World Cup,2026,2026-06-21 New Zealand-Egypt,New Zealand,Ben Old,19,MF,23-312,25,0,0,0,0,0,0,0,0,0,1,0,0,0,0,0,,,d5699a16
INT-World Cup,2026,2026-06-21 New Zealand-Egypt,New Zealand,Callum McCowatt,20,AM,27-052,65,0,0,0,0,2,2,1,0,2,0,0,2,0,0,0,,,d5699a16
INT-World Cup,2026,2026-06-21 New Zealand-Egypt,New Zealand,Chris Wood,9,FW,34-196,90,0,0,0,0,1,0,0,0,1,0,3,0,0,0,0,,,d5699a16
INT-World Cup,2026,2026-06-21 New Zealand-Egypt,New Zealand,Elijah Just,11,AM,26-051,84,0,0,0,0,2,1,0,0,1,0,0,0,1,0,0,,,d5699a16
INT-World Cup,2026,2026-06-21 New Zealand-Egypt,New Zealand,Finn Surman,16,CB,22-271,90,1,0,0,0,1,1,0,0,3,0,0,0,0,1,0,,,d5699a16
INT-World Cup,2026,2026-06-21 New Zealand-Egypt,New Zealand,Francis de Vries,3,DF,31-205,6,0,0,0,0,0,0,0,0,0,0,0,3,0,0,0,,,d5699a16
INT-World Cup,2026,2026-06-21 New Zealand-Egypt,New Zealand,Jesse Randall,21,MF,23-306,15,0,0,0,0,0,0,0,0,0,0,0,0,0,0,0,,,d5699a16
INT-World Cup,2026,2026-06-21 New Zealand-Egypt,New Zealand,Joe Bell,6,DM,27-055,90,0,0,0,0,1,0,0,0,2,0,0,0,1,1,0,,,d5699a16
INT-World Cup,2026,2026-06-21 New Zealand-Egypt,New Zealand,Liberato Cacace,13,LB,25-267,75,0,0,0,0,0,0,0,0,1,3,0,2,0,1,0,,,d5699a16
INT-World Cup,2026,2026-06-21 New Zealand-Egypt,New Zealand,Marko Stamenic,8,DM,24-122,90,0,0,0,0,2,0,0,0,0,0,0,0,0,2,0,,,d5699a16
INT-World Cup,2026,2026-06-21 New Zealand-Egypt,New Zealand,Max Crocombe,1,GK,32-313,90,0,0,0,0,0,0,0,0,0,0,0,0,0,0,0,,,d5699a16
INT-World Cup,2026,2026-06-21 New Zealand-Egypt,New Zealand,Michael Boxall,5,CB,37-307,90,0,0,0,0,0,0,0,0,1,1,0,0,1,0,0,,,d5699a16
INT-World Cup,2026,2026-06-21 New Zealand-Egypt,New Zealand,Ryan Thomas,23,"FW,MF",31-183,15,0,0,0,0,0,0,0,0,0,1,0,1,1,0,0,,,d5699a16
INT-World Cup,2026,2026-06-21 New Zealand-Egypt,New Zealand,Sarpreet Singh,10,AM,27-121,75,0,0,0,0,1,0,1,0,1,2,0,2,0,0,0,,,d5699a16
INT-World Cup,2026,2026-06-21 New Zealand-Egypt,New Zealand,Tim Payne,2,RB,32-162,84,0,1,0,0,0,0,0,0,1,0,0,5,1,0,0,,,d5699a16
INT-World Cup,2026,2026-06-21 New Zealand-Egypt,New Zealand,Tyler Bindon,4,DF,21-145,6,0,0,0,0,1,1,0,0,1,0,0,0,0,0,0,,,d5699a16
INT-World Cup,2026,2026-06-21 Spain-Saudi Arabia,Saudi Arabia,Abdulelah Al-Amri,4,CB,29-157,59,0,0,0,0,1,0,0,0,0,0,0,0,0,2,0,,,0fcac1d8
INT-World Cup,2026,2026-06-21 Spain-Saudi Arabia,Saudi Arabia,Abdullah Al-Hamdan,19,FW,26-281,45,0,0,0,0,1,1,0,0,0,0,0,1,0,0,0,,,0fcac1d8
INT-World Cup,2026,2026-06-21 Spain-Saudi Arabia,Saudi Arabia,Abdullah Al-Khaibari,15,CM,29-309,45,0,0,0,0,0,0,0,0,0,0,0,0,1,0,0,,,0fcac1d8
INT-World Cup,2026,2026-06-21 Spain-Saudi Arabia,Saudi Arabia,Alaa Al Hejji,18,MF,30-200,31,0,0,0,0,0,0,0,0,0,0,0,0,0,1,0,,,0fcac1d8
INT-World Cup,2026,2026-06-21 Spain-Saudi Arabia,Saudi Arabia,Ali Lajami,3,CB,30-058,90,0,0,0,0,0,0,0,0,0,1,0,0,1,2,0,,,0fcac1d8
INT-World Cup,2026,2026-06-21 Spain-Saudi Arabia,Saudi Arabia,Firas Al-Buraikan,9,FW,26-038,59,0,0,0,0,0,0,0,0,1,1,0,0,0,1,0,,,0fcac1d8
INT-World Cup,2026,2026-06-21 Spain-Saudi Arabia,Saudi Arabia,Hassan Al Tambakti,5,CB,27-132,90,0,0,0,0,0,0,0,0,0,1,0,0,2,1,1,,,0fcac1d8
INT-World Cup,2026,2026-06-21 Spain-Saudi Arabia,Saudi Arabia,Khalid Al Ghannam,17,MF,25-225,1,0,0,0,0,0,0,0,0,0,0,0,0,0,0,0,,,0fcac1d8
INT-World Cup,2026,2026-06-21 Spain-Saudi Arabia,Saudi Arabia,Mohamed Kanno,23,MF,31-272,45,0,0,0,0,0,0,1,0,1,0,0,0,0,0,0,,,0fcac1d8
INT-World Cup,2026,2026-06-21 Spain-Saudi Arabia,Saudi Arabia,Mohammed Abu Al-Shamat,26,"DF,MF",23-314,31,0,0,0,0,0,0,0,0,0,1,0,1,3,0,0,,,0fcac1d8
INT-World Cup,2026,2026-06-21 Spain-Saudi Arabia,Saudi Arabia,Mohammed Al-Owais,21,GK,34-254,90,0,0,0,0,0,0,0,0,0,0,0,0,0,0,0,,,0fcac1d8
INT-World Cup,2026,2026-06-21 Spain-Saudi Arabia,Saudi Arabia,Moteb Al-Harbi,24,LB,26-121,90,0,0,0,0,0,0,0,0,0,1,0,0,0,3,0,,,0fcac1d8
INT-World Cup,2026,2026-06-21 Spain-Saudi Arabia,Saudi Arabia,Musab Al Juwayr,7,RM,23-001,45,0,0,0,0,0,0,0,0,0,1,2,0,2,0,0,,,0fcac1d8
INT-World Cup,2026,2026-06-21 Spain-Saudi Arabia,Saudi Arabia,Nasser Al-Dawsari,6,CM,27-184,89,0,0,0,0,0,0,0,0,0,1,0,0,2,1,0,,,0fcac1d8
INT-World Cup,2026,2026-06-21 Spain-Saudi Arabia,Saudi Arabia,Salem Al-Dawsari,10,LM,34-306,90,0,0,0,0,1,0,1,0,0,3,1,1,0,0,0,,,0fcac1d8
INT-World Cup,2026,2026-06-21 Spain-Saudi Arabia,Saudi Arabia,Saud Abdulhamid,12,RB,26-338,90,0,0,0,0,0,0,0,0,0,0,0,2,1,1,0,,,0fcac1d8
INT-World Cup,2026,2026-06-21 Spain-Saudi Arabia,Spain,Aymeric Laporte,14,CB,32-025,90,0,1,0,0,0,0,0,0,1,0,0,0,1,2,0,,,0fcac1d8
INT-World Cup,2026,2026-06-21 Spain-Saudi Arabia,Spain,Dani Olmo,10,CM,28-045,60,0,1,0,0,2,0,0,0,1,0,0,0,0,1,0,,,0fcac1d8
INT-World Cup,2026,2026-06-21 Spain-Saudi Arabia,Spain,Fabián Ruiz Peña,8,MF,30-079,21,0,0,0,0,0,0,0,0,0,0,0,0,0,0,0,,,0fcac1d8
INT-World Cup,2026,2026-06-21 Spain-Saudi Arabia,Spain,Ferran Torres,7,"FW,MF",26-112,45,0,0,0,0,2,1,0,0,1,0,1,0,0,0,0,,,0fcac1d8
INT-World Cup,2026,2026-06-21 Spain-Saudi Arabia,Spain,Lamine Yamal,19,FW,18-343,45,1,0,0,0,5,2,0,0,0,0,0,6,1,0,0,,,0fcac1d8
INT-World Cup,2026,2026-06-21 Spain-Saudi Arabia,Spain,Marc Cucurella,24,LB,27-334,90,0,0,0,0,1,1,0,0,2,0,0,2,0,1,0,,,0fcac1d8
INT-World Cup,2026,2026-06-21 Spain-Saudi Arabia,Spain,Mikel Merino,6,MF,29-364,30,0,0,0,0,1,0,0,0,0,0,0,0,0,0,0,,,0fcac1d8
INT-World Cup,2026,2026-06-21 Spain-Saudi Arabia,Spain,Mikel Oyarzabal,21,FW,29-061,45,2,1,0,0,5,3,0,0,1,0,0,1,1,0,0,,,0fcac1d8
INT-World Cup,2026,2026-06-21 Spain-Saudi Arabia,Spain,Nico Williams,17,MF,23-344,29,0,0,0,0,0,0,0,0,0,0,0,2,0,0,0,,,0fcac1d8
INT-World Cup,2026,2026-06-21 Spain-Saudi Arabia,Spain,Pau Cubarsí,22,CB,19-150,90,0,0,0,0,0,0,0,0,0,0,0,0,0,2,0,,,0fcac1d8
INT-World Cup,2026,2026-06-21 Spain-Saudi Arabia,Spain,Pedri,20,CM,23-208,69,0,0,0,0,1,0,0,0,0,0,0,0,0,6,0,,,0fcac1d8
INT-World Cup,2026,2026-06-21 Spain-Saudi Arabia,Spain,Pedro Porro,12,RB,26-281,90,0,0,0,0,2,1,0,0,1,0,0,6,3,2,0,,,0fcac1d8
INT-World Cup,2026,2026-06-21 Spain-Saudi Arabia,Spain,Rodri,16,DM,29-364,90,0,0,0,0,1,0,0,0,0,1,1,0,2,1,0,,,0fcac1d8
INT-World Cup,2026,2026-06-21 Spain-Saudi Arabia,Spain,Unai Simón,23,GK,29-010,90,0,0,0,0,0,0,0,0,0,0,0,0,0,0,0,,,0fcac1d8
INT-World Cup,2026,2026-06-21 Spain-Saudi Arabia,Spain,Yéremy Pino,11,"FW,MF",23-244,45,0,0,0,0,0,0,0,0,2,0,0,1,0,0,0,,,0fcac1d8
INT-World Cup,2026,2026-06-21 Spain-Saudi Arabia,Spain,Álex Baena,15,FW,24-336,61,0,0,0,0,2,0,0,0,1,0,0,7,0,1,0,,,0fcac1d8
INT-World Cup,2026,2026-06-21 Uruguay-Cabo Verde,Cabo Verde,Deroy Duarte,14,MF,26-352,45,0,0,0,0,0,0,0,0,1,0,0,0,2,2,0,,,bc0e570b
INT-World Cup,2026,2026-06-21 Uruguay-Cabo Verde,Cabo Verde,Diney,3,CB,31-155,90,0,0,0,0,1,0,1,0,0,0,0,0,2,1,0,,,bc0e570b
INT-World Cup,2026,2026-06-21 Uruguay-Cabo Verde,Cabo Verde,Garry Rodrigues,11,LW,35-206,57,0,0,0,0,0,0,0,0,0,0,0,1,1,1,0,,,bc0e570b
INT-World Cup,2026,2026-06-21 Uruguay-Cabo Verde,Cabo Verde,Gilson Benchimol,9,FW,24-174,57,0,0,0,0,0,0,0,0,0,1,0,0,0,0,0,,,bc0e570b
INT-World Cup,2026,2026-06-21 Uruguay-Cabo Verde,Cabo Verde,Hélio Varela,26,FW,24-049,33,1,0,0,0,1,1,0,0,0,0,0,0,0,0,0,,,bc0e570b
INT-World Cup,2026,2026-06-21 Uruguay-Cabo Verde,Cabo Verde,Jamiro Monteiro,10,AM,32-210,79,0,0,0,0,2,0,0,0,0,1,0,1,0,2,0,,,bc0e570b
INT-World Cup,2026,2026-06-21 Uruguay-Cabo Verde,Cabo Verde,Kevin Pina,6,DM,29-145,70,1,0,0,0,1,1,0,0,1,0,0,0,2,1,0,,,bc0e570b
INT-World Cup,2026,2026-06-21 Uruguay-Cabo Verde,Cabo Verde,Laros Duarte,15,MF,29-113,20,0,0,0,0,2,2,0,0,0,1,0,0,0,0,0,,,bc0e570b
INT-World Cup,2026,2026-06-21 Uruguay-Cabo Verde,Cabo Verde,Nuno da Costa,21,"FW,MF",35-131,33,0,0,0,0,0,0,0,0,0,1,0,1,0,0,0,,,bc0e570b
INT-World Cup,2026,2026-06-21 Uruguay-Cabo Verde,Cabo Verde,Pico,4,CB,34-004,90,0,0,0,0,1,0,0,0,0,0,0,0,3,1,0,,,bc0e570b
INT-World Cup,2026,2026-06-21 Uruguay-Cabo Verde,Cabo Verde,Ryan Mendes,20,RW,36-164,90,0,0,0,0,2,0,0,0,0,0,0,0,0,2,0,,,bc0e570b
INT-World Cup,2026,2026-06-21 Uruguay-Cabo Verde,Cabo Verde,Sidny Lopes Cabral,13,LB,23-276,90,0,0,0,0,2,0,1,0,1,5,0,4,1,1,0,,,bc0e570b
INT-World Cup,2026,2026-06-21 Uruguay-Cabo Verde,Cabo Verde,Steven Moreira,22,RB,31-312,90,0,0,0,0,0,0,0,0,0,0,0,0,3,1,0,,,bc0e570b
INT-World Cup,2026,2026-06-21 Uruguay-Cabo Verde,Cabo Verde,Telmo Arcanjo,18,AM,25-000,45,0,0,0,0,0,0,0,0,0,1,0,0,0,0,0,,,bc0e570b
INT-World Cup,2026,2026-06-21 Uruguay-Cabo Verde,Cabo Verde,Vozinha,1,GK,40-018,90,0,0,0,0,0,0,0,0,0,0,0,0,0,0,0,,,bc0e570b
INT-World Cup,2026,2026-06-21 Uruguay-Cabo Verde,Cabo Verde,Yannick,16,MF,30-174,11,0,0,0,0,0,0,0,0,1,1,0,0,1,1,0,,,bc0e570b
INT-World Cup,2026,2026-06-21 Uruguay-Cabo Verde,Uruguay,Agustín Canobbio,14,FW,27-263,90,1,0,0,0,2,1,0,0,4,0,0,2,3,0,0,,,bc0e570b
INT-World Cup,2026,2026-06-21 Uruguay-Cabo Verde,Uruguay,Brian Rodríguez,18,"FW,MF",26-032,10,0,0,0,0,1,0,0,0,0,0,0,6,0,0,0,,,bc0e570b
INT-World Cup,2026,2026-06-21 Uruguay-Cabo Verde,Uruguay,Darwin Núñez,9,FW,26-362,21,0,0,0,0,0,0,0,0,0,0,0,0,0,0,0,,,bc0e570b
INT-World Cup,2026,2026-06-21 Uruguay-Cabo Verde,Uruguay,Federico Valverde,8,CM,27-334,90,0,0,0,0,7,0,0,0,0,0,0,2,0,1,0,,,bc0e570b
INT-World Cup,2026,2026-06-21 Uruguay-Cabo Verde,Uruguay,Federico Viñas,21,FW,27-356,69,0,0,0,0,0,0,0,0,0,1,1,0,0,0,0,,,bc0e570b
INT-World Cup,2026,2026-06-21 Uruguay-Cabo Verde,Uruguay,Fernando Muslera,23,GK,40-005,90,0,0,0,0,0,0,0,0,0,0,0,0,0,0,0,,,bc0e570b
INT-World Cup,2026,2026-06-21 Uruguay-Cabo Verde,Uruguay,Guillermo Varela,13,RB,33-089,90,0,0,0,0,0,0,0,0,0,0,0,2,1,1,0,,,bc0e570b
INT-World Cup,2026,2026-06-21 Uruguay-Cabo Verde,Uruguay,Juan Manuel Sanabria,25,LB,26-084,90,0,0,0,0,0,0,0,0,0,0,0,7,0,0,0,,,bc0e570b
INT-World Cup,2026,2026-06-21 Uruguay-Cabo Verde,Uruguay,Manuel Ugarte,5,DM,25-071,69,0,0,0,0,1,0,0,0,1,0,0,0,0,0,0,,,bc0e570b
INT-World Cup,2026,2026-06-21 Uruguay-Cabo Verde,Uruguay,Mathías Olivera,16,CB,28-233,90,0,0,0,0,0,0,1,0,1,0,0,1,0,1,0,,,bc0e570b
INT-World Cup,2026,2026-06-21 Uruguay-Cabo Verde,Uruguay,Maxi Araújo,20,FW,26-126,80,1,1,0,0,2,1,0,0,1,1,2,7,0,0,0,,,bc0e570b
INT-World Cup,2026,2026-06-21 Uruguay-Cabo Verde,Uruguay,Nicolás De La Cruz,7,MF,29-020,21,0,0,0,0,1,0,0,0,0,1,0,1,1,1,0,,,bc0e570b
INT-World Cup,2026,2026-06-21 Uruguay-Cabo Verde,Uruguay,Rodrigo Bentancur,6,CM,28-361,90,0,0,0,0,2,0,1,0,3,1,0,1,2,4,0,,,bc0e570b
INT-World Cup,2026,2026-06-21 Uruguay-Cabo Verde,Uruguay,Sebastián Cáceres,3,CB,26-307,90,0,0,0,0,1,0,0,0,1,0,0,0,1,0,0,,,bc0e570b
INT-World Cup,2026,2026-06-22 Argentina-Austria,Argentina,Alexis Mac Allister,20,CM,27-180,90,0,0,0,0,0,0,0,0,2,1,0,0,3,1,0,,,e7d8a062
INT-World Cup,2026,2026-06-22 Argentina-Austria,Argentina,Cristian Romero,13,CB,28-056,56,0,0,0,0,0,0,0,0,1,0,0,0,0,2,0,,,e7d8a062
INT-World Cup,2026,2026-06-22 Argentina-Austria,Argentina,Emiliano Martínez,23,GK,33-293,90,0,0,0,0,0,0,0,0,0,0,0,0,0,0,0,,,e7d8a062
INT-World Cup,2026,2026-06-22 Argentina-Austria,Argentina,Enzo Fernández,24,CM,25-156,90,0,0,0,0,2,0,0,0,2,1,0,0,1,1,0,,,e7d8a062
INT-World Cup,2026,2026-06-22 Argentina-Austria,Argentina,Facundo Medina,25,LB,27-025,81,0,1,0,0,0,0,1,0,1,1,0,0,1,1,0,,,e7d8a062
INT-World Cup,2026,2026-06-22 Argentina-Austria,Argentina,Julián Álvarez,9,"FW,MF",26-142,27,0,0,0,0,1,1,0,0,0,0,0,0,0,0,0,,,e7d8a062
INT-World Cup,2026,2026-06-22 Argentina-Austria,Argentina,Lautaro Martínez,22,FW,28-304,64,0,0,0,0,0,0,0,0,2,2,0,0,1,0,0,,,e7d8a062
INT-World Cup,2026,2026-06-22 Argentina-Austria,Argentina,Leandro Paredes,5,MF,31-358,9,0,0,0,0,0,0,1,0,1,0,0,0,0,0,0,,,e7d8a062
INT-World Cup,2026,2026-06-22 Argentina-Austria,Argentina,Lionel Messi,10,FW,38-363,90,2,0,0,1,7,4,0,0,0,4,1,2,2,0,0,,,e7d8a062
INT-World Cup,2026,2026-06-22 Argentina-Austria,Argentina,Lisandro Martínez,6,CB,28-155,90,0,0,0,0,0,0,0,0,1,0,0,0,0,0,0,,,e7d8a062
INT-World Cup,2026,2026-06-22 Argentina-Austria,Argentina,Nahuel Molina,26,RB,28-077,90,0,0,0,0,0,0,0,0,1,0,0,0,1,2,0,,,e7d8a062
INT-World Cup,2026,2026-06-22 Argentina-Austria,Argentina,Nicolás González,15,"FW,MF",28-077,26,0,0,0,0,2,0,0,0,0,2,0,0,0,0,0,,,e7d8a062
INT-World Cup,2026,2026-06-22 Argentina-Austria,Argentina,Nicolás Otamendi,19,DF,38-130,34,0,0,0,0,0,0,0,0,2,0,0,0,0,1,0,,,e7d8a062
INT-World Cup,2026,2026-06-22 Argentina-Austria,Argentina,Nicolás Tagliafico,3,DF,33-295,9,0,0,0,0,0,0,0,0,0,1,0,0,0,0,0,,,e7d8a062
INT-World Cup,2026,2026-06-22 Argentina-Austria,Argentina,Rodrigo De Paul,7,RW,32-029,81,0,0,0,0,0,0,0,0,0,0,0,2,0,0,0,,,e7d8a062
INT-World Cup,2026,2026-06-22 Argentina-Austria,Argentina,Thiago Almada,16,LW,25-057,63,0,0,0,0,0,0,0,0,0,0,1,0,2,0,0,,,e7d8a062
INT-World Cup,2026,2026-06-22 Argentina-Austria,Austria,Alexander Prass,22,"DF,MF",25-027,23,0,0,0,0,0,0,0,0,0,0,0,3,0,0,0,,,e7d8a062
INT-World Cup,2026,2026-06-22 Argentina-Austria,Austria,Alexander Schlager,1,GK,30-141,90,0,0,0,0,0,0,0,0,0,0,0,0,0,0,0,,,e7d8a062
INT-World Cup,2026,2026-06-22 Argentina-Austria,Austria,Carney Chukwuemeka,17,MF,22-245,6,0,0,0,0,0,0,0,0,0,1,0,0,0,0,0,,,e7d8a062
INT-World Cup,2026,2026-06-22 Argentina-Austria,Austria,David Alaba,8,CB,33-363,66,0,0,0,0,0,0,0,0,0,0,0,0,1,1,0,,,e7d8a062
INT-World Cup,2026,2026-06-22 Argentina-Austria,Austria,Kevin Danso,3,CB,27-276,90,0,0,0,0,0,0,0,0,1,0,0,1,0,0,0,,,e7d8a062
INT-World Cup,2026,2026-06-22 Argentina-Austria,Austria,Konrad Laimer,20,LB,29-026,90,0,0,0,0,0,0,1,0,1,3,0,0,0,1,0,,,e7d8a062
INT-World Cup,2026,2026-06-22 Argentina-Austria,Austria,Marcel Sabitzer,9,AM,32-097,90,0,0,0,0,3,1,0,0,0,1,0,7,1,1,0,,,e7d8a062
INT-World Cup,2026,2026-06-22 Argentina-Austria,Austria,Marco Friedl,23,DF,28-098,24,0,0,0,0,0,0,0,0,0,0,0,0,0,0,0,,,e7d8a062
INT-World Cup,2026,2026-06-22 Argentina-Austria,Austria,Marko Arnautović,7,"FW,MF",37-064,23,0,0,0,0,0,0,0,0,0,0,0,0,0,0,0,,,e7d8a062
INT-World Cup,2026,2026-06-22 Argentina-Austria,Austria,Michael Gregoritsch,11,FW,32-065,84,0,0,0,0,1,0,0,0,0,1,0,0,0,0,0,,,e7d8a062
INT-World Cup,2026,2026-06-22 Argentina-Austria,Austria,Nicolas Seiwald,6,DM,25-049,90,0,0,0,0,0,0,0,0,0,0,0,1,1,3,0,,,e7d8a062
INT-World Cup,2026,2026-06-22 Argentina-Austria,Austria,Patrick Wimmer,21,"FW,MF",25-023,13,0,0,0,0,1,0,0,0,3,1,0,0,0,1,0,,,e7d8a062
INT-World Cup,2026,2026-06-22 Argentina-Austria,Austria,Paul Wanner,24,AM,20-181,67,0,0,0,0,1,0,0,0,2,1,0,1,1,1,0,,,e7d8a062
INT-World Cup,2026,2026-06-22 Argentina-Austria,Austria,Romano Schmid,18,AM,26-146,77,0,0,0,0,0,0,0,0,2,4,0,0,2,0,0,,,e7d8a062
INT-World Cup,2026,2026-06-22 Argentina-Austria,Austria,Stefan Posch,5,RB,29-039,67,0,0,0,0,0,0,1,0,1,0,0,2,1,0,0,,,e7d8a062
INT-World Cup,2026,2026-06-22 Argentina-Austria,Austria,Xaver Schlager,4,DM,28-267,90,0,0,0,0,0,0,0,0,3,0,0,1,2,1,0,,,e7d8a062
INT-World Cup,2026,2026-06-22 France-Iraq,France,Adrien Rabiot,14,DM,31-080,90,0,0,0,0,1,0,0,0,2,0,0,0,1,0,0,,,31f1f241
INT-World Cup,2026,2026-06-22 France-Iraq,France,Bradley Barcola,12,AM,23-293,82,0,0,0,0,1,0,0,0,0,0,0,1,2,1,0,,,31f1f241
INT-World Cup,2026,2026-06-22 France-Iraq,France,Dayot Upamecano,4,CB,27-238,90,0,0,0,0,0,0,0,0,1,0,0,0,1,2,0,,,31f1f241
INT-World Cup,2026,2026-06-22 France-Iraq,France,Désiré Doué,20,"FW,MF",21-019,23,0,0,0,0,0,0,0,0,0,0,0,0,0,0,0,,,31f1f241
INT-World Cup,2026,2026-06-22 France-Iraq,France,Jules Koundé,5,RB,27-222,82,0,0,0,0,0,0,0,0,0,1,0,1,0,0,0,,,31f1f241
INT-World Cup,2026,2026-06-22 France-Iraq,France,Kylian Mbappé,10,FW,27-184,89,2,0,0,0,8,3,0,0,1,1,1,1,1,0,0,,,31f1f241
INT-World Cup,2026,2026-06-22 France-Iraq,France,Lucas Digne,3,LB,32-337,90,0,0,0,0,0,0,0,0,1,0,0,6,0,0,0,,,31f1f241
INT-World Cup,2026,2026-06-22 France-Iraq,France,Maghnes Akliouche,25,MF,24-117,8,0,0,0,0,0,0,0,0,0,0,0,1,0,0,0,,,31f1f241
INT-World Cup,2026,2026-06-22 France-Iraq,France,Malo Gusto,2,"DF,MF",23-034,8,0,0,0,0,0,0,0,0,1,0,0,0,0,0,0,,,31f1f241
INT-World Cup,2026,2026-06-22 France-Iraq,France,Manu Koné,6,DM,25-036,90,0,0,0,0,1,0,0,0,2,1,0,0,2,0,0,,,31f1f241
INT-World Cup,2026,2026-06-22 France-Iraq,France,Marcus Thuram,9,"FW,MF",28-320,1,0,0,0,0,0,0,0,0,0,0,0,0,0,0,0,,,31f1f241
INT-World Cup,2026,2026-06-22 France-Iraq,France,Michael Olise,11,AM,24-192,67,0,2,0,0,3,0,0,0,0,1,0,0,1,0,0,,,31f1f241
INT-World Cup,2026,2026-06-22 France-Iraq,France,Mike Maignan,16,GK,30-354,90,0,0,0,0,0,0,0,0,0,0,0,0,0,0,0,,,31f1f241
INT-World Cup,2026,2026-06-22 France-Iraq,France,Ousmane Dembélé,7,AM,29-038,67,1,1,0,0,4,2,0,0,0,0,0,4,0,0,0,,,31f1f241
INT-World Cup,2026,2026-06-22 France-Iraq,France,Rayan Cherki,24,"FW,MF",22-309,23,0,0,0,0,0,0,0,0,0,0,0,0,1,0,0,,,31f1f241
INT-World Cup,2026,2026-06-22 France-Iraq,France,William Saliba,17,CB,25-090,90,0,0,0,0,1,0,0,0,0,0,0,0,0,2,0,,,31f1f241
INT-World Cup,2026,2026-06-22 France-Iraq,Iraq,Ahmed Basil,22,GK,29-307,90,0,0,0,0,0,0,0,0,0,0,0,0,0,0,0,,,31f1f241
INT-World Cup,2026,2026-06-22 France-Iraq,Iraq,Ahmed Qasem,11,FW,22-345,90,0,0,0,0,0,0,0,0,0,1,0,1,0,0,0,,,31f1f241
INT-World Cup,2026,2026-06-22 France-Iraq,Iraq,Aimar Sher,20,MF,23-184,23,0,0,0,0,0,0,0,0,0,0,0,1,0,0,0,,,31f1f241
INT-World Cup,2026,2026-06-22 France-Iraq,Iraq,Akam Hashim,5,CB,27-310,90,0,0,0,0,0,0,0,0,0,0,0,0,0,2,0,,,31f1f241
INT-World Cup,2026,2026-06-22 France-Iraq,Iraq,Ali Al Hamadi,9,FW,24-113,65,0,0,0,0,3,0,0,0,0,3,0,0,0,0,0,,,31f1f241
INT-World Cup,2026,2026-06-22 France-Iraq,Iraq,Amir Al Ammari,16,DM,28-330,67,0,0,0,0,0,0,1,0,1,0,0,2,1,1,0,,,31f1f241
INT-World Cup,2026,2026-06-22 France-Iraq,Iraq,Ayman Hussein,18,FW,30-092,25,0,0,0,0,0,0,0,0,0,0,0,0,0,0,0,,,31f1f241
INT-World Cup,2026,2026-06-22 France-Iraq,Iraq,Hussein Ali,3,RB,24-113,90,0,0,0,0,0,0,0,0,0,0,0,1,2,1,0,,,31f1f241
INT-World Cup,2026,2026-06-22 France-Iraq,Iraq,Ibrahim Bayesh,8,FW,26-052,68,0,0,0,0,0,0,0,0,1,0,0,0,1,0,0,,,31f1f241
INT-World Cup,2026,2026-06-22 France-Iraq,Iraq,Marko Farji,21,MF,22-098,22,0,0,0,0,0,0,0,0,0,1,0,2,0,0,0,,,31f1f241
INT-World Cup,2026,2026-06-22 France-Iraq,Iraq,Merchas Doski,23,LB,26-197,90,0,0,0,0,0,0,0,0,1,2,0,1,2,4,0,,,31f1f241
INT-World Cup,2026,2026-06-22 France-Iraq,Iraq,Rebin Sulaka,2,DF,34-071,31,0,0,0,0,1,0,0,0,0,0,0,0,0,1,0,,,31f1f241
INT-World Cup,2026,2026-06-22 France-Iraq,Iraq,Youssef Amyn,7,MF,22-305,31,0,0,0,0,0,0,0,0,0,0,0,0,0,0,0,,,31f1f241
INT-World Cup,2026,2026-06-22 France-Iraq,Iraq,Zaid Ismail,24,CM,24-170,59,0,0,0,0,0,0,0,0,0,0,0,0,1,1,0,,,31f1f241
INT-World Cup,2026,2026-06-22 France-Iraq,Iraq,Zaid Tahseen,4,CB,25-144,59,0,0,0,0,0,0,0,0,0,0,0,0,1,0,0,,,31f1f241
INT-World Cup,2026,2026-06-22 France-Iraq,Iraq,Zidane Iqbal,14,CM,23-056,90,0,0,0,0,0,0,0,0,1,1,0,1,1,1,0,,,31f1f241
INT-World Cup,2026,2026-06-22 Jordan-Algeria,Algeria,Amine Gouiri,9,FW,26-126,85,1,0,0,0,3,2,0,0,0,0,0,0,1,0,0,,,eb19002c
INT-World Cup,2026,2026-06-22 Jordan-Algeria,Algeria,Anis Hadj Moussa,11,"FW,MF",24-131,15,0,0,0,0,1,0,0,0,0,0,0,3,0,1,0,,,eb19002c
INT-World Cup,2026,2026-06-22 Jordan-Algeria,Algeria,Aïssa Mandi,2,CB,34-243,90,0,0,0,0,0,0,0,0,0,0,0,0,1,0,0,,,eb19002c
INT-World Cup,2026,2026-06-22 Jordan-Algeria,Algeria,Fares Chaïbi,10,AM,23-206,90,0,0,0,0,2,1,0,0,0,1,0,3,1,2,0,,,eb19002c
INT-World Cup,2026,2026-06-22 Jordan-Algeria,Algeria,Hicham Boudaoui,14,DM,26-272,45,0,0,0,0,0,0,0,0,0,0,0,0,1,1,0,,,eb19002c
INT-World Cup,2026,2026-06-22 Jordan-Algeria,Algeria,Ibrahim Maza,22,AM,20-210,90,0,0,0,0,4,2,0,0,0,1,0,1,1,0,0,,,eb19002c
INT-World Cup,2026,2026-06-22 Jordan-Algeria,Algeria,Jaouen Hadjam,13,DF,23-088,6,0,0,0,0,0,0,0,0,0,0,0,0,0,0,0,,,eb19002c
INT-World Cup,2026,2026-06-22 Jordan-Algeria,Algeria,Luca Zidane,23,GK,28-040,90,0,0,0,0,0,0,0,0,0,0,0,0,0,0,0,,,eb19002c
INT-World Cup,2026,2026-06-22 Jordan-Algeria,Algeria,Nabil Bentaleb,19,MF,31-210,45,0,0,0,0,1,0,0,0,0,3,0,1,0,0,0,,,eb19002c
INT-World Cup,2026,2026-06-22 Jordan-Algeria,Algeria,Nadhir Benbouali,12,FW,26-066,45,1,0,0,0,2,2,0,0,0,0,0,0,1,0,0,,,eb19002c
INT-World Cup,2026,2026-06-22 Jordan-Algeria,Algeria,Rafik Belghali,17,RB,24-015,90,0,0,0,0,1,0,0,0,1,0,0,2,0,0,0,,,eb19002c
INT-World Cup,2026,2026-06-22 Jordan-Algeria,Algeria,Ramiz Zerrouki,6,DM,28-027,45,0,0,0,0,0,0,1,0,2,0,0,0,1,2,0,,,eb19002c
INT-World Cup,2026,2026-06-22 Jordan-Algeria,Algeria,Ramy Bensebaini,21,CB,31-067,90,0,0,0,0,1,0,0,0,1,2,0,0,5,3,0,,,eb19002c
INT-World Cup,2026,2026-06-22 Jordan-Algeria,Algeria,Rayan Aït-Nouri,15,LB,25-016,84,0,0,0,0,1,0,0,0,2,2,0,4,5,1,0,,,eb19002c
INT-World Cup,2026,2026-06-22 Jordan-Algeria,Algeria,Riyad Mahrez,7,AM,35-121,75,0,1,0,0,1,1,0,0,0,2,0,7,1,0,0,,,eb19002c
INT-World Cup,2026,2026-06-22 Jordan-Algeria,Algeria,Zineddine Belaïd,5,DF,27-094,5,0,0,0,0,0,0,0,0,0,0,0,0,0,0,0,,,eb19002c
INT-World Cup,2026,2026-06-22 Jordan-Algeria,Jordan,Abdallah Nasib,3,CB,32-117,90,0,0,0,0,0,0,0,0,0,0,0,0,2,0,0,,,eb19002c
INT-World Cup,2026,2026-06-22 Jordan-Algeria,Jordan,Ali Azaizeh,24,MF,22-070,7,0,0,0,0,0,0,0,0,1,0,0,0,1,0,0,,,eb19002c
INT-World Cup,2026,2026-06-22 Jordan-Algeria,Jordan,Ali Olwan,9,RM,26-088,89,0,0,0,0,2,1,0,0,0,0,1,0,0,0,0,,,eb19002c
INT-World Cup,2026,2026-06-22 Jordan-Algeria,Jordan,Husam Abu Dahab,4,CB,26-040,89,0,0,0,0,0,0,1,0,1,1,0,0,1,0,0,,,eb19002c
INT-World Cup,2026,2026-06-22 Jordan-Algeria,Jordan,Ihsan Haddad,23,RB,32-137,90,0,0,0,0,0,0,0,0,2,0,0,2,1,0,0,,,eb19002c
INT-World Cup,2026,2026-06-22 Jordan-Algeria,Jordan,Mahmoud Al-Mardi,13,LM,32-259,75,0,0,0,0,1,1,0,0,2,1,0,3,0,0,0,,,eb19002c
INT-World Cup,2026,2026-06-22 Jordan-Algeria,Jordan,Mohammad Abu Hasheesh,2,DF,31-044,6,0,0,0,0,0,0,0,0,0,0,0,0,2,0,0,,,eb19002c
INT-World Cup,2026,2026-06-22 Jordan-Algeria,Jordan,Mohannad Abu Taha,20,LB,23-140,84,0,0,0,0,0,0,0,0,0,0,0,0,2,1,0,,,eb19002c
INT-World Cup,2026,2026-06-22 Jordan-Algeria,Jordan,Musa Al-Taamari,10,FW,29-012,83,0,1,0,0,2,1,0,0,1,1,0,0,0,0,0,,,eb19002c
INT-World Cup,2026,2026-06-22 Jordan-Algeria,Jordan,Nizar Al Rashdan,21,CM,27-091,90,1,0,0,0,2,1,0,0,1,2,0,0,2,0,0,,,eb19002c
INT-World Cup,2026,2026-06-22 Jordan-Algeria,Jordan,Noor Al Rawabdeh,8,CM,29-118,90,0,0,0,0,1,0,0,0,1,0,0,0,4,0,0,,,eb19002c
INT-World Cup,2026,2026-06-22 Jordan-Algeria,Jordan,Odeh Al-Fakhouri,11,MF,20-212,15,0,0,0,0,0,0,0,0,1,0,0,0,0,0,0,,,eb19002c
INT-World Cup,2026,2026-06-22 Jordan-Algeria,Jordan,Salim Obaid,17,DF,34-156,1,0,0,0,0,0,0,0,0,0,0,0,0,1,0,0,,,eb19002c
INT-World Cup,2026,2026-06-22 Jordan-Algeria,Jordan,Sharara,7,FW,28-174,1,0,0,0,0,0,0,0,0,0,0,0,0,0,0,0,,,eb19002c
INT-World Cup,2026,2026-06-22 Jordan-Algeria,Jordan,Yazan Al-Arab,5,CB,30-142,90,0,0,0,0,0,0,0,0,1,0,0,0,0,1,0,,,eb19002c
INT-World Cup,2026,2026-06-22 Jordan-Algeria,Jordan,Yazeed Abulaila,1,GK,33-165,90,0,0,0,0,0,0,0,0,0,0,0,0,0,0,0,,,eb19002c
INT-World Cup,2026,2026-06-22 Norway-Senegal,Norway,Alexander Sørloth,7,FW,30-199,83,0,0,0,0,0,0,0,0,1,1,0,0,1,0,0,,,7382111b
INT-World Cup,2026,2026-06-22 Norway-Senegal,Norway,Andreas Schjelderup,21,"FW,MF",22-021,20,0,0,0,0,0,0,0,0,0,0,0,0,0,0,0,,,7382111b
INT-World Cup,2026,2026-06-22 Norway-Senegal,Norway,Antonio Nusa,20,FW,21-066,70,0,0,0,0,2,0,0,0,0,0,0,0,0,1,0,,,7382111b
INT-World Cup,2026,2026-06-22 Norway-Senegal,Norway,David Møller Wolfe,5,LB,24-060,90,0,0,0,0,0,0,0,0,2,0,0,1,1,1,0,,,7382111b
INT-World Cup,2026,2026-06-22 Norway-Senegal,Norway,Erling Haaland,9,FW,25-336,90,2,0,0,0,5,3,0,0,2,0,0,0,0,0,0,,,7382111b
INT-World Cup,2026,2026-06-22 Norway-Senegal,Norway,Fredrik Aursnes,14,CM,30-194,45,0,0,0,0,0,0,0,0,4,0,0,1,0,0,0,,,7382111b
INT-World Cup,2026,2026-06-22 Norway-Senegal,Norway,Julian Ryerson,26,RB,28-217,12,0,0,0,0,0,0,0,0,0,0,0,2,1,0,0,,,7382111b
INT-World Cup,2026,2026-06-22 Norway-Senegal,Norway,Kristoffer Ajer,3,CB,28-066,90,0,0,0,0,1,1,0,0,0,0,0,0,3,1,0,,,7382111b
INT-World Cup,2026,2026-06-22 Norway-Senegal,Norway,Leo Østigård,4,"DF,FW",26-206,7,0,0,0,0,0,0,0,0,0,1,0,0,1,0,0,,,7382111b
INT-World Cup,2026,2026-06-22 Norway-Senegal,Norway,Marcus Pedersen,16,"DF,MF",25-341,78,1,0,0,0,1,1,0,0,1,1,0,2,0,0,0,,,7382111b
INT-World Cup,2026,2026-06-22 Norway-Senegal,Norway,Martin Ødegaard,10,CM,27-187,90,0,1,0,0,3,1,0,0,0,1,0,3,1,1,0,,,7382111b
INT-World Cup,2026,2026-06-22 Norway-Senegal,Norway,Oscar Bobb,22,"FW,MF",22-345,7,0,0,0,0,1,1,0,0,0,0,0,0,0,0,0,,,7382111b
INT-World Cup,2026,2026-06-22 Norway-Senegal,Norway,Patrick Berg,6,"DF,MF",28-210,45,0,1,0,0,0,0,0,0,2,0,0,0,0,0,0,,,7382111b
INT-World Cup,2026,2026-06-22 Norway-Senegal,Norway,Sander Berge,8,DM,28-128,90,0,0,0,0,0,0,0,0,1,0,0,1,1,4,0,,,7382111b
INT-World Cup,2026,2026-06-22 Norway-Senegal,Norway,Torbjørn Heggem,17,CB,27-161,83,0,0,0,0,0,0,0,0,0,0,0,0,2,0,0,,,7382111b
INT-World Cup,2026,2026-06-22 Norway-Senegal,Norway,Ørjan Nyland,1,GK,35-285,90,0,0,0,0,0,0,0,0,0,0,0,0,0,0,0,,,7382111b
INT-World Cup,2026,2026-06-22 Norway-Senegal,Senegal,El Hadji Malick Diouf,25,LB,21-176,53,0,0,0,0,0,0,0,0,1,0,0,3,1,0,0,,,7382111b
INT-World Cup,2026,2026-06-22 Norway-Senegal,Senegal,Ibrahim Mbaye,20,FW,18-149,37,0,0,0,0,1,0,0,0,0,1,0,2,0,0,0,,,7382111b
INT-World Cup,2026,2026-06-22 Norway-Senegal,Senegal,Idrissa Gueye,5,DM,36-269,90,0,0,0,0,2,0,0,0,0,1,0,0,0,2,0,,,7382111b
INT-World Cup,2026,2026-06-22 Norway-Senegal,Senegal,Ismail Jakobs,14,"DF,MF",26-309,37,0,0,0,0,0,0,0,0,0,0,0,6,1,0,0,,,7382111b
INT-World Cup,2026,2026-06-22 Norway-Senegal,Senegal,Ismaila Sarr,18,AM,28-117,90,2,0,0,0,6,3,0,0,0,2,1,1,1,1,0,,,7382111b
INT-World Cup,2026,2026-06-22 Norway-Senegal,Senegal,Kalidou Koulibaly,3,CB,35-002,71,0,0,0,0,0,0,0,0,0,0,0,0,0,1,0,,,7382111b
INT-World Cup,2026,2026-06-22 Norway-Senegal,Senegal,Krépin Diatta,15,RB,27-117,90,0,0,0,0,0,0,0,0,0,1,0,4,0,1,0,,,7382111b
INT-World Cup,2026,2026-06-22 Norway-Senegal,Senegal,Lamine Camara,8,AM,22-172,62,0,0,0,0,2,0,0,0,0,2,0,0,0,2,0,,,7382111b
INT-World Cup,2026,2026-06-22 Norway-Senegal,Senegal,Mory Diaw,23,GK,33-000,28,0,0,0,0,0,0,0,0,0,1,0,0,0,0,0,,,7382111b
INT-World Cup,2026,2026-06-22 Norway-Senegal,Senegal,Moussa Niakhaté,19,CB,30-106,90,0,0,0,0,0,0,0,0,0,4,0,2,1,2,0,,,7382111b
INT-World Cup,2026,2026-06-22 Norway-Senegal,Senegal,Nicolas Jackson,11,FW,25-002,90,0,1,0,0,3,1,0,0,0,0,2,0,0,1,0,,,7382111b
INT-World Cup,2026,2026-06-22 Norway-Senegal,Senegal,Pape Gueye,26,DM,27-149,53,0,0,0,0,0,0,0,0,0,0,0,0,1,0,0,,,7382111b
INT-World Cup,2026,2026-06-22 Norway-Senegal,Senegal,Pape Matar Sarr,17,MF,23-281,19,0,0,0,0,2,0,0,0,1,0,0,0,0,0,0,,,7382111b
INT-World Cup,2026,2026-06-22 Norway-Senegal,Senegal,Pathé Ciss,6,"DF,MF",32-098,28,0,0,0,0,0,0,0,0,1,0,0,0,0,0,0,,,7382111b
INT-World Cup,2026,2026-06-22 Norway-Senegal,Senegal,Sadio Mané,10,AM,34-073,90,0,1,0,0,0,0,0,0,2,1,1,5,2,0,0,,,7382111b
INT-World Cup,2026,2026-06-22 Norway-Senegal,Senegal,Édouard Mendy,16,GK,34-113,62,0,0,0,0,0,0,0,0,0,0,0,0,0,0,0,,,7382111b
INT-World Cup,2026,2026-06-23 Colombia-Congo DR,Colombia,Camilo Vargas,12,GK,37-106,90,0,0,0,0,0,0,0,0,0,0,0,0,0,0,0,,,f2e8741b
INT-World Cup,2026,2026-06-23 Colombia-Congo DR,Colombia,Daniel Muñoz,2,RB,30-028,90,1,0,0,0,2,1,0,0,2,0,1,1,0,0,0,,,f2e8741b
INT-World Cup,2026,2026-06-23 Colombia-Congo DR,Colombia,Davinson Sánchez,23,CB,30-011,90,0,0,0,0,1,1,0,0,1,1,0,0,1,2,0,,,f2e8741b
INT-World Cup,2026,2026-06-23 Colombia-Congo DR,Colombia,Gustavo Puerta,14,CM,22-335,90,0,0,0,0,5,2,0,0,1,4,0,1,1,1,0,,,f2e8741b
INT-World Cup,2026,2026-06-23 Colombia-Congo DR,Colombia,James Rodríguez,10,FW,34-346,57,0,0,0,0,1,1,0,0,0,2,0,5,0,1,0,,,f2e8741b
INT-World Cup,2026,2026-06-23 Colombia-Congo DR,Colombia,Jefferson Lerma,16,DM,31-241,90,0,0,0,0,0,0,1,0,1,2,0,0,0,1,0,,,f2e8741b
INT-World Cup,2026,2026-06-23 Colombia-Congo DR,Colombia,Jhon Arias,11,CM,28-275,76,0,0,0,0,2,1,0,0,0,1,0,1,3,2,0,,,f2e8741b
INT-World Cup,2026,2026-06-23 Colombia-Congo DR,Colombia,Jhon Córdoba,9,FW,33-043,33,0,0,0,0,0,0,0,0,1,1,1,0,0,0,0,,,f2e8741b
INT-World Cup,2026,2026-06-23 Colombia-Congo DR,Colombia,Jhon Lucumí,3,CB,27-362,90,0,0,0,0,1,0,1,0,1,0,0,0,0,1,0,,,f2e8741b
INT-World Cup,2026,2026-06-23 Colombia-Congo DR,Colombia,Johan Mojica,17,LB,33-306,90,0,0,0,0,1,1,0,0,0,2,0,2,1,2,0,,,f2e8741b
INT-World Cup,2026,2026-06-23 Colombia-Congo DR,Colombia,Juan Quintero,20,"FW,MF",33-156,33,0,1,0,0,1,0,0,0,0,0,0,2,0,0,0,,,f2e8741b
INT-World Cup,2026,2026-06-23 Colombia-Congo DR,Colombia,Luis Díaz,7,FW,29-161,90,0,0,0,0,5,2,0,0,3,0,5,0,0,0,0,,,f2e8741b
INT-World Cup,2026,2026-06-23 Colombia-Congo DR,Colombia,Luis Suárez,25,FW,28-203,57,0,0,0,0,1,0,0,0,1,1,0,0,0,0,0,,,f2e8741b
INT-World Cup,2026,2026-06-23 Colombia-Congo DR,Colombia,Richard Ríos,6,MF,26-021,14,0,0,0,0,0,0,0,0,1,1,0,0,0,0,0,,,f2e8741b
INT-World Cup,2026,2026-06-23 Colombia-Congo DR,Congo DR,Aaron Wan-Bissaka,2,RB,28-209,90,0,0,0,0,0,0,0,0,0,0,0,1,3,3,0,,,f2e8741b
INT-World Cup,2026,2026-06-23 Colombia-Congo DR,Congo DR,Arthur Masuaku,26,LB,32-228,71,0,0,0,0,0,0,0,0,0,1,0,5,1,0,0,,,f2e8741b
INT-World Cup,2026,2026-06-23 Colombia-Congo DR,Congo DR,Axel Tuanzebe,4,CB,28-221,90,0,0,0,0,0,0,0,0,2,1,0,0,0,0,0,,,f2e8741b
INT-World Cup,2026,2026-06-23 Colombia-Congo DR,Congo DR,Chancel Mbemba,22,CB,31-319,90,0,0,0,0,0,0,0,0,0,2,0,1,0,0,0,,,f2e8741b
INT-World Cup,2026,2026-06-23 Colombia-Congo DR,Congo DR,Charles Pickel,18,"DF,MF",29-039,19,0,0,0,0,1,0,1,0,2,1,0,0,0,0,0,,,f2e8741b
INT-World Cup,2026,2026-06-23 Colombia-Congo DR,Congo DR,Cédric Bakambu,17,FW,35-073,56,0,0,0,0,1,0,0,0,1,0,0,0,0,0,0,,,f2e8741b
INT-World Cup,2026,2026-06-23 Colombia-Congo DR,Congo DR,Edo Kayembe,25,CM,28-020,71,0,0,0,0,1,0,0,0,3,1,0,2,0,0,0,,,f2e8741b
INT-World Cup,2026,2026-06-23 Colombia-Congo DR,Congo DR,Joris Kayembe,12,"DF,FW",31-319,19,0,0,0,0,1,0,0,0,0,0,0,2,2,1,0,,,f2e8741b
INT-World Cup,2026,2026-06-23 Colombia-Congo DR,Congo DR,Lionel Mpasi,1,GK,31-326,90,0,0,0,0,0,0,0,0,0,0,0,0,0,0,0,,,f2e8741b
INT-World Cup,2026,2026-06-23 Colombia-Congo DR,Congo DR,Nathanaël Mbuku,7,"FW,MF",24-099,9,0,0,0,0,1,1,0,0,1,2,0,2,0,0,0,,,f2e8741b
INT-World Cup,2026,2026-06-23 Colombia-Congo DR,Congo DR,Ngal'Ayel Mukau,6,CM,21-232,45,0,0,0,0,0,0,0,0,0,2,0,0,1,1,0,,,f2e8741b
INT-World Cup,2026,2026-06-23 Colombia-Congo DR,Congo DR,Noah Sadiki,14,MF,21-188,45,0,0,0,0,0,0,0,0,0,0,0,0,0,0,0,,,f2e8741b
INT-World Cup,2026,2026-06-23 Colombia-Congo DR,Congo DR,Samuel Moutoussamy,8,CM,29-315,81,0,0,0,0,1,0,0,0,3,0,0,1,2,1,0,,,f2e8741b
INT-World Cup,2026,2026-06-23 Colombia-Congo DR,Congo DR,Simon Banza,23,"FW,MF",29-314,34,0,0,0,0,0,0,0,0,1,0,0,0,1,0,0,,,f2e8741b
INT-World Cup,2026,2026-06-23 Colombia-Congo DR,Congo DR,Steve Kapuadi,3,CB,28-054,90,0,0,0,0,0,0,0,0,2,0,0,0,0,1,0,,,f2e8741b
INT-World Cup,2026,2026-06-23 Colombia-Congo DR,Congo DR,Yoane Wissa,20,FW,29-293,90,0,0,0,0,1,0,0,0,1,1,0,0,0,0,0,,,f2e8741b
INT-World Cup,2026,2026-06-23 England-Ghana,England,Anthony Gordon,18,AM,25-119,64,0,0,0,0,1,1,0,0,1,3,0,1,1,0,0,,,3dac8725
INT-World Cup,2026,2026-06-23 England-Ghana,England,Bukayo Saka,7,"FW,MF",24-291,26,0,0,0,0,2,1,0,0,0,3,1,1,0,0,0,,,3dac8725
INT-World Cup,2026,2026-06-23 England-Ghana,England,Declan Rice,4,DM,27-160,90,0,0,0,0,3,0,1,0,1,0,0,12,1,0,0,,,3dac8725
INT-World Cup,2026,2026-06-23 England-Ghana,England,Djed Spence,25,LB,25-318,65,0,0,0,0,0,0,0,0,0,0,0,1,1,0,0,,,3dac8725
INT-World Cup,2026,2026-06-23 England-Ghana,England,Eberechi Eze,21,"FW,MF",27-359,17,0,0,0,0,0,0,0,0,0,1,0,0,0,0,0,,,3dac8725
INT-World Cup,2026,2026-06-23 England-Ghana,England,Elliot Anderson,8,DM,23-229,73,0,0,0,0,4,0,0,0,2,3,0,0,3,0,0,,,3dac8725
INT-World Cup,2026,2026-06-23 England-Ghana,England,Ezri Konsa,2,CB,28-243,90,0,0,0,0,0,0,0,0,2,2,0,0,1,0,0,,,3dac8725
INT-World Cup,2026,2026-06-23 England-Ghana,England,Harry Kane,9,FW,32-330,90,0,0,0,0,3,1,0,0,1,2,0,0,0,0,0,,,3dac8725
INT-World Cup,2026,2026-06-23 England-Ghana,England,Jordan Pickford,1,GK,32-108,90,0,0,0,0,0,0,0,0,0,2,0,0,0,0,0,,,3dac8725
INT-World Cup,2026,2026-06-23 England-Ghana,England,Jude Bellingham,10,AM,22-359,73,0,0,0,0,1,0,0,0,2,0,1,1,0,0,0,,,3dac8725
INT-World Cup,2026,2026-06-23 England-Ghana,England,Marc Guéhi,6,CB,25-345,90,0,0,0,0,1,0,0,0,2,7,0,0,0,0,0,,,3dac8725
INT-World Cup,2026,2026-06-23 England-Ghana,England,Marcus Rashford,11,"FW,MF",28-235,8,0,0,0,0,0,0,0,0,2,0,0,4,0,0,0,,,3dac8725
INT-World Cup,2026,2026-06-23 England-Ghana,England,Morgan Rogers,17,"FW,MF",23-332,17,0,0,0,0,0,0,0,0,1,0,0,1,0,0,0,,,3dac8725
INT-World Cup,2026,2026-06-23 England-Ghana,England,Nico O'Reilly,3,"DF,MF",21-094,25,0,0,0,0,2,0,0,0,0,0,0,0,0,0,0,,,3dac8725
INT-World Cup,2026,2026-06-23 England-Ghana,England,Noni Madueke,20,AM,24-105,82,0,0,0,0,2,0,0,0,0,1,0,5,0,0,0,,,3dac8725
INT-World Cup,2026,2026-06-23 England-Ghana,England,Reece James,24,RB,26-197,90,0,0,0,0,0,0,0,0,0,0,0,4,0,1,0,,,3dac8725
INT-World Cup,2026,2026-06-23 England-Ghana,Ghana,Abdul Fatawu Issahaku,7,"FW,MF",22-107,25,0,0,0,0,0,0,0,0,0,1,0,0,0,0,0,,,3dac8725
INT-World Cup,2026,2026-06-23 England-Ghana,Ghana,Abdul Rahman Baba,17,"DF,MF",31-356,1,0,0,0,0,0,0,0,0,0,0,0,0,0,0,0,,,3dac8725
INT-World Cup,2026,2026-06-23 England-Ghana,Ghana,Antoine Semenyo,11,LW,26-167,90,0,0,0,0,0,0,0,0,3,0,1,1,0,0,0,,,3dac8725
INT-World Cup,2026,2026-06-23 England-Ghana,Ghana,Benjamin Asare,16,GK,33-345,90,0,0,0,0,0,0,0,0,0,0,0,0,0,0,0,,,3dac8725
INT-World Cup,2026,2026-06-23 England-Ghana,Ghana,Caleb Yirenkyi,3,AM,20-159,90,0,0,0,0,0,0,0,0,3,2,0,0,1,0,0,,,3dac8725
INT-World Cup,2026,2026-06-23 England-Ghana,Ghana,Gideon Mensah,14,LB,27-340,90,0,0,0,0,0,0,0,0,2,1,0,0,3,2,0,,,3dac8725
INT-World Cup,2026,2026-06-23 England-Ghana,Ghana,Iñaki Williams,19,RW,32-008,65,0,0,0,0,0,0,1,0,2,0,1,0,0,0,0,,,3dac8725
INT-World Cup,2026,2026-06-23 England-Ghana,Ghana,Jerome Opoku,18,CB,27-252,90,0,0,0,0,0,0,0,0,1,3,0,0,1,1,0,,,3dac8725
INT-World Cup,2026,2026-06-23 England-Ghana,Ghana,Jonas Adjetey,4,CB,22-192,90,0,0,0,0,0,0,0,0,1,0,0,0,1,0,0,,,3dac8725
INT-World Cup,2026,2026-06-23 England-Ghana,Ghana,Jordan Ayew,9,FW,34-285,66,0,0,0,0,0,0,0,0,4,3,0,2,2,0,0,,,3dac8725
INT-World Cup,2026,2026-06-23 England-Ghana,Ghana,Kojo Peprah Oppong,21,DF,22-019,4,0,0,0,0,0,0,0,0,0,0,0,0,0,0,0,,,3dac8725
INT-World Cup,2026,2026-06-23 England-Ghana,Ghana,Kwasi Sibo,8,AM,27-364,90,0,0,0,0,0,0,0,0,4,0,0,0,0,1,0,,,3dac8725
INT-World Cup,2026,2026-06-23 England-Ghana,Ghana,Marvin Senaya,26,RB,25-146,86,0,0,0,0,1,0,0,0,2,2,0,2,5,2,0,,,3dac8725
INT-World Cup,2026,2026-06-23 England-Ghana,Ghana,Prince Kwabena Adu,25,FW,22-273,23,0,0,0,0,1,1,0,0,1,0,0,0,0,0,0,,,3dac8725
INT-World Cup,2026,2026-06-23 England-Ghana,Ghana,Thomas Partey,5,DM,33-010,90,0,0,0,0,0,0,0,0,1,1,0,0,4,2,0,,,3dac8725
INT-World Cup,2026,2026-06-23 Panama-Croatia,Croatia,Andrej Kramarić,9,"FW,MF",35-004,45,0,0,0,0,0,0,0,0,0,0,1,0,1,0,0,,,28a6d770
INT-World Cup,2026,2026-06-23 Panama-Croatia,Croatia,Ante Budimir,11,FW,34-336,45,1,0,0,0,1,1,0,0,2,2,0,0,1,0,0,,,28a6d770
INT-World Cup,2026,2026-06-23 Panama-Croatia,Croatia,Dominik Livaković,1,GK,31-165,90,0,0,0,0,0,0,0,0,0,0,0,0,0,0,0,,,28a6d770
INT-World Cup,2026,2026-06-23 Panama-Croatia,Croatia,Ivan Perišić,14,AM,37-141,90,0,0,0,0,0,0,0,0,0,0,0,3,1,0,0,,,28a6d770
INT-World Cup,2026,2026-06-23 Panama-Croatia,Croatia,Josip Stanišić,2,RB,26-082,90,0,1,0,0,0,0,0,0,0,3,0,2,0,2,0,,,28a6d770
INT-World Cup,2026,2026-06-23 Panama-Croatia,Croatia,Josip Šutalo,6,CB,26-115,90,0,0,0,0,0,0,0,0,2,0,0,0,1,1,0,,,28a6d770
INT-World Cup,2026,2026-06-23 Panama-Croatia,Croatia,Joško Gvardiol,4,LB,24-151,45,0,0,0,0,0,0,0,0,2,2,0,0,1,0,0,,,28a6d770
INT-World Cup,2026,2026-06-23 Panama-Croatia,Croatia,Luka Modrić,10,DM,40-287,80,0,0,0,0,1,0,0,0,1,2,0,1,0,0,0,,,28a6d770
INT-World Cup,2026,2026-06-23 Panama-Croatia,Croatia,Luka Sučić,21,"FW,MF",23-288,19,0,0,0,0,1,0,0,0,0,0,0,0,0,0,0,,,28a6d770
INT-World Cup,2026,2026-06-23 Panama-Croatia,Croatia,Marco Pašalić,24,AM,25-282,71,0,0,0,0,2,1,0,0,0,2,1,8,1,1,0,,,28a6d770
INT-World Cup,2026,2026-06-23 Panama-Croatia,Croatia,Marin Pongračić,3,CB,28-285,90,0,0,0,0,0,0,0,0,1,0,0,0,0,0,0,,,28a6d770
INT-World Cup,2026,2026-06-23 Panama-Croatia,Croatia,Mario Pašalić,15,"FW,MF",31-134,10,0,0,0,0,0,0,0,0,1,0,0,0,0,0,0,,,28a6d770
INT-World Cup,2026,2026-06-23 Panama-Croatia,Croatia,Martin Baturina,16,AM,23-127,90,0,0,0,0,1,0,0,0,0,7,0,3,0,0,0,,,28a6d770
INT-World Cup,2026,2026-06-23 Panama-Croatia,Croatia,Mateo Kovačić,8,DM,32-048,71,0,0,0,0,0,0,0,0,1,0,0,0,0,1,0,,,28a6d770
INT-World Cup,2026,2026-06-23 Panama-Croatia,Croatia,Petar Musa,26,FW,28-111,45,0,0,0,0,0,0,0,0,0,0,0,0,0,0,0,,,28a6d770
INT-World Cup,2026,2026-06-23 Panama-Croatia,Croatia,Petar Sučić,17,MF,22-241,19,0,0,0,0,0,0,1,0,2,0,0,0,0,0,0,,,28a6d770
INT-World Cup,2026,2026-06-23 Panama-Croatia,Panama,Andrés Andrade Cedeño,16,CB,27-250,90,0,0,0,0,0,0,0,0,1,0,0,4,0,1,0,,,28a6d770
INT-World Cup,2026,2026-06-23 Panama-Croatia,Panama,Azarías Londoño,24,MF,25-002,8,0,0,0,0,0,0,0,0,0,0,0,0,0,0,0,,,28a6d770
INT-World Cup,2026,2026-06-23 Panama-Croatia,Panama,Carlos Harvey,14,CM,26-140,90,0,0,0,0,2,0,0,0,1,2,0,0,0,0,0,,,28a6d770
INT-World Cup,2026,2026-06-23 Panama-Croatia,Panama,Cecilio Waterman,18,"FW,MF",35-071,14,0,0,0,0,1,0,0,0,1,1,0,0,0,0,0,,,28a6d770
INT-World Cup,2026,2026-06-23 Panama-Croatia,Panama,Cristian Martínez,6,RM,29-137,90,0,0,0,0,0,0,0,0,3,3,1,7,1,0,0,,,28a6d770
INT-World Cup,2026,2026-06-23 Panama-Croatia,Panama,César Blackman,2,LB,28-082,89,0,0,0,0,0,0,0,0,1,1,0,0,0,0,0,,,28a6d770
INT-World Cup,2026,2026-06-23 Panama-Croatia,Panama,Erick Davis,15,DF,35-084,1,0,0,0,0,0,0,0,0,0,0,0,2,1,0,0,,,28a6d770
INT-World Cup,2026,2026-06-23 Panama-Croatia,Panama,Jiovany Ramos,13,CB,29-148,76,0,0,0,0,0,0,0,0,1,0,0,0,0,1,0,,,28a6d770
INT-World Cup,2026,2026-06-23 Panama-Croatia,Panama,José Córdoba,3,CB,25-109,90,0,0,0,0,0,0,0,0,4,0,0,1,1,1,0,,,28a6d770
INT-World Cup,2026,2026-06-23 Panama-Croatia,Panama,José Fajardo,17,FW,32-309,82,0,0,0,0,1,0,0,0,2,2,0,0,1,0,0,,,28a6d770
INT-World Cup,2026,2026-06-23 Panama-Croatia,Panama,José Luis Rodríguez,7,LM,28-004,90,0,0,0,0,1,0,0,0,2,1,0,8,1,0,0,,,28a6d770
INT-World Cup,2026,2026-06-23 Panama-Croatia,Panama,Michael Amir Murillo,23,RB,30-132,90,0,0,0,0,3,1,0,0,1,0,0,4,0,1,0,,,28a6d770
INT-World Cup,2026,2026-06-23 Panama-Croatia,Panama,Orlando Mosquera,22,GK,31-180,90,0,0,0,0,0,0,0,0,0,0,0,0,0,0,0,,,28a6d770
INT-World Cup,2026,2026-06-23 Panama-Croatia,Panama,Tomás Rodríguez,9,FW,27-106,1,0,0,0,0,0,0,0,0,0,1,0,0,0,0,0,,,28a6d770
INT-World Cup,2026,2026-06-23 Panama-Croatia,Panama,Yoel Bárcenas,11,CM,32-243,89,0,0,0,0,0,0,1,0,2,1,0,3,0,0,0,,,28a6d770
INT-World Cup,2026,2026-06-23 Portugal-Uzbekistan,Portugal,Bernardo Silva,10,"FW,MF",31-317,15,0,0,0,0,0,0,0,0,0,0,0,0,0,1,0,,,904bbbdc
INT-World Cup,2026,2026-06-23 Portugal-Uzbekistan,Portugal,Bruno Fernandes,8,AM,31-288,90,0,1,0,0,2,1,0,0,1,1,0,6,1,0,0,,,904bbbdc
INT-World Cup,2026,2026-06-23 Portugal-Uzbekistan,Portugal,Cristiano Ronaldo,7,FW,41-138,90,2,0,0,0,7,5,0,0,1,1,2,0,1,1,0,,,904bbbdc
INT-World Cup,2026,2026-06-23 Portugal-Uzbekistan,Portugal,Diogo Costa,1,GK,26-277,90,0,0,0,0,0,0,0,0,0,0,0,0,0,0,0,,,904bbbdc
INT-World Cup,2026,2026-06-23 Portugal-Uzbekistan,Portugal,Francisco Conceição,26,MF,23-191,45,0,0,0,0,0,0,0,0,0,1,0,1,2,0,0,,,904bbbdc
INT-World Cup,2026,2026-06-23 Portugal-Uzbekistan,Portugal,Francisco Trincão,16,"FW,MF",26-176,28,0,0,0,0,1,0,0,0,0,0,0,0,1,0,0,,,904bbbdc
INT-World Cup,2026,2026-06-23 Portugal-Uzbekistan,Portugal,João Cancelo,20,RB,32-027,45,0,1,0,0,1,0,0,0,2,1,0,5,0,1,0,,,904bbbdc
INT-World Cup,2026,2026-06-23 Portugal-Uzbekistan,Portugal,João Félix,11,AM,26-225,62,0,0,0,0,3,1,0,0,1,2,0,1,2,0,0,,,904bbbdc
INT-World Cup,2026,2026-06-23 Portugal-Uzbekistan,Portugal,João Neves,15,DM,21-269,75,0,0,0,0,0,0,0,0,0,1,0,1,1,0,0,,,904bbbdc
INT-World Cup,2026,2026-06-23 Portugal-Uzbekistan,Portugal,Nuno Mendes,25,LB,24-004,90,1,0,0,0,1,1,0,0,3,4,0,6,2,0,0,,,904bbbdc
INT-World Cup,2026,2026-06-23 Portugal-Uzbekistan,Portugal,Nélson Semedo,2,"DF,MF",32-219,45,0,0,0,0,0,0,0,0,0,0,0,1,0,0,0,,,904bbbdc
INT-World Cup,2026,2026-06-23 Portugal-Uzbekistan,Portugal,Pedro Neto,18,AM,26-106,45,0,0,0,0,0,0,0,0,1,1,0,1,0,0,0,,,904bbbdc
INT-World Cup,2026,2026-06-23 Portugal-Uzbekistan,Portugal,Rafael Leão,17,"FW,MF",27-013,8,1,0,0,0,1,1,0,0,1,1,0,0,0,0,0,,,904bbbdc
INT-World Cup,2026,2026-06-23 Portugal-Uzbekistan,Portugal,Renato Veiga,13,CB,22-329,90,0,0,0,0,0,0,1,0,1,1,0,0,0,1,0,,,904bbbdc
INT-World Cup,2026,2026-06-23 Portugal-Uzbekistan,Portugal,Rúben Dias,3,CB,29-040,90,0,0,0,0,0,0,0,0,1,1,0,0,1,1,0,,,904bbbdc
INT-World Cup,2026,2026-06-23 Portugal-Uzbekistan,Portugal,Vitinha,23,DM,26-130,82,0,0,0,0,1,0,0,0,2,0,0,0,0,0,0,,,904bbbdc
INT-World Cup,2026,2026-06-23 Portugal-Uzbekistan,Uzbekistan,Abbosbek Fayzullayev,22,LM,22-263,72,0,0,0,0,1,1,0,0,1,1,0,1,2,1,0,,,904bbbdc
INT-World Cup,2026,2026-06-23 Portugal-Uzbekistan,Uzbekistan,Abdukodir Khusanov,2,CB,22-114,90,0,0,0,0,0,0,0,0,0,0,0,0,0,4,0,,,904bbbdc
INT-World Cup,2026,2026-06-23 Portugal-Uzbekistan,Uzbekistan,Abdulla Abdullaev,18,CB,28-295,90,0,0,0,0,0,0,0,0,2,1,0,0,1,3,0,,,904bbbdc
INT-World Cup,2026,2026-06-23 Portugal-Uzbekistan,Uzbekistan,Abduvohid Nematov,12,GK,25-095,90,0,0,0,0,0,0,0,0,0,0,0,0,0,0,1,,,904bbbdc
INT-World Cup,2026,2026-06-23 Portugal-Uzbekistan,Uzbekistan,Akmal Mozgovoy,6,MF,27-082,45,0,0,0,0,0,0,0,0,0,0,0,0,0,0,0,,,904bbbdc
INT-World Cup,2026,2026-06-23 Portugal-Uzbekistan,Uzbekistan,Aziz Gʻaniyev,19,RM,28-121,90,0,0,0,0,1,0,0,0,1,1,0,4,2,0,0,,,904bbbdc
INT-World Cup,2026,2026-06-23 Portugal-Uzbekistan,Uzbekistan,Bekhruz Karimov,24,RB,18-320,89,0,0,0,0,0,0,0,0,5,4,0,1,4,0,0,,,904bbbdc
INT-World Cup,2026,2026-06-23 Portugal-Uzbekistan,Uzbekistan,Eldor Shomurodov,14,FW,30-359,90,0,0,0,0,1,0,0,0,2,2,1,0,1,0,0,,,904bbbdc
INT-World Cup,2026,2026-06-23 Portugal-Uzbekistan,Uzbekistan,Igor Sergeev,21,FW,33-054,18,0,0,0,0,0,0,0,0,0,0,1,0,0,0,0,,,904bbbdc
INT-World Cup,2026,2026-06-23 Portugal-Uzbekistan,Uzbekistan,Khojiakbar Alijonov,3,DF,29-065,45,0,0,0,0,0,0,0,0,1,1,0,1,0,2,0,,,904bbbdc
INT-World Cup,2026,2026-06-23 Portugal-Uzbekistan,Uzbekistan,Odiljon Hamrobekov,9,CM,30-130,45,0,0,0,0,1,0,1,0,1,1,0,0,0,0,0,,,904bbbdc
INT-World Cup,2026,2026-06-23 Portugal-Uzbekistan,Uzbekistan,Otabek Shukurov,7,CM,30-001,89,0,0,0,0,2,0,0,0,1,2,0,0,1,0,0,,,904bbbdc
INT-World Cup,2026,2026-06-23 Portugal-Uzbekistan,Uzbekistan,Ruslanbek Jiyanov,10,FW,25-018,1,0,0,0,0,0,0,0,0,0,0,0,0,1,0,0,,,904bbbdc
INT-World Cup,2026,2026-06-23 Portugal-Uzbekistan,Uzbekistan,Rustam Ashurmatov,5,CB,29-351,90,0,0,0,0,0,0,0,0,1,0,0,0,2,2,0,,,904bbbdc
INT-World Cup,2026,2026-06-23 Portugal-Uzbekistan,Uzbekistan,Sherzod Esanov,23,MF,23-142,1,0,0,0,0,0,0,0,0,0,0,0,0,0,1,0,,,904bbbdc
INT-World Cup,2026,2026-06-23 Portugal-Uzbekistan,Uzbekistan,Sherzod Nasrullaev,13,LB,27-335,45,0,0,0,0,1,1,0,0,0,0,0,1,0,1,0,,,904bbbdc
INT-World Cup,2026,2026-06-24 Bosnia–Herz-Qatar,Bosnia and Herzegovina,Amar Memić,15,"DF,MF",25-155,45,0,0,0,0,0,0,0,0,0,1,0,0,1,0,0,,,a59cb59d
INT-World Cup,2026,2026-06-24 Bosnia–Herz-Qatar,Bosnia and Herzegovina,Arjan Malic,24,RB,20-300,45,0,0,0,0,0,0,0,0,1,1,0,2,0,0,0,,,a59cb59d
INT-World Cup,2026,2026-06-24 Bosnia–Herz-Qatar,Bosnia and Herzegovina,Benjamin Tahirovic,6,MF,23-113,45,0,0,0,0,0,0,0,0,0,1,0,0,2,1,0,,,a59cb59d
INT-World Cup,2026,2026-06-24 Bosnia–Herz-Qatar,Bosnia and Herzegovina,Dennis Hadžikadunić,3,DF,27-350,27,0,1,0,0,0,0,0,0,1,0,0,0,2,0,0,,,a59cb59d
INT-World Cup,2026,2026-06-24 Bosnia–Herz-Qatar,Bosnia and Herzegovina,Dženis Burnić,17,MF,28-033,9,0,0,0,0,0,0,0,0,0,0,0,0,0,0,0,,,a59cb59d
INT-World Cup,2026,2026-06-24 Bosnia–Herz-Qatar,Bosnia and Herzegovina,Edin Džeko,11,FW,40-099,63,0,0,0,0,1,0,0,0,0,0,0,0,0,0,0,,,a59cb59d
INT-World Cup,2026,2026-06-24 Bosnia–Herz-Qatar,Bosnia and Herzegovina,Ermedin Demirović,10,FW,28-091,90,0,0,0,0,1,1,0,0,4,1,0,0,0,0,0,,,a59cb59d
INT-World Cup,2026,2026-06-24 Bosnia–Herz-Qatar,Bosnia and Herzegovina,Ermin Mahmić,26,MF,21-102,27,1,0,0,0,1,1,1,0,0,1,0,0,1,0,0,,,a59cb59d
INT-World Cup,2026,2026-06-24 Bosnia–Herz-Qatar,Bosnia and Herzegovina,Esmir Bajraktarevic,20,RW,21-106,90,0,0,0,0,2,1,0,0,0,1,0,5,0,1,0,,,a59cb59d
INT-World Cup,2026,2026-06-24 Bosnia–Herz-Qatar,Bosnia and Herzegovina,Ivan Bašić,13,CM,24-055,90,0,1,0,0,4,0,0,0,0,3,0,5,1,1,0,,,a59cb59d
INT-World Cup,2026,2026-06-24 Bosnia–Herz-Qatar,Bosnia and Herzegovina,Ivan Šunjić,14,CM,29-258,45,0,0,0,0,1,1,0,0,1,0,0,0,1,0,0,,,a59cb59d
INT-World Cup,2026,2026-06-24 Bosnia–Herz-Qatar,Bosnia and Herzegovina,Kerim Alajbegović,19,LW,18-276,81,1,0,0,0,2,1,0,0,2,4,1,5,0,0,0,,,a59cb59d
INT-World Cup,2026,2026-06-24 Bosnia–Herz-Qatar,Bosnia and Herzegovina,Nikola Katić,18,CB,29-257,63,0,0,0,0,1,0,0,0,0,0,0,0,0,0,0,,,a59cb59d
INT-World Cup,2026,2026-06-24 Bosnia–Herz-Qatar,Bosnia and Herzegovina,Nikola Vasilj,1,GK,30-204,90,0,0,0,0,0,0,0,0,0,0,0,0,0,0,0,,,a59cb59d
INT-World Cup,2026,2026-06-24 Bosnia–Herz-Qatar,Bosnia and Herzegovina,Sead Kolašinac,5,LB,33-004,90,0,0,0,0,0,0,0,0,0,1,0,5,1,1,0,,,a59cb59d
INT-World Cup,2026,2026-06-24 Bosnia–Herz-Qatar,Bosnia and Herzegovina,Stjepan Radeljić,21,CB,28-292,90,0,0,0,0,1,0,0,0,0,0,0,0,0,0,0,,,a59cb59d
INT-World Cup,2026,2026-06-24 Bosnia–Herz-Qatar,Qatar,Abdulaziz Hatem,6,MF,36-174,45,0,0,0,0,0,0,0,0,1,0,0,0,0,0,0,,,a59cb59d
INT-World Cup,2026,2026-06-24 Bosnia–Herz-Qatar,Qatar,Ahmed Al-Ganehi,17,FW,25-275,36,0,0,0,0,1,0,0,0,1,0,0,1,1,0,0,,,a59cb59d
INT-World Cup,2026,2026-06-24 Bosnia–Herz-Qatar,Qatar,Ahmed Alaaeldin,7,FW,33-144,12,0,0,0,0,0,0,0,0,1,1,0,0,0,0,0,,,a59cb59d
INT-World Cup,2026,2026-06-24 Bosnia–Herz-Qatar,Qatar,Ahmed Fathy,20,DM,33-150,78,0,0,0,0,0,0,1,0,1,0,0,0,1,1,0,,,a59cb59d
INT-World Cup,2026,2026-06-24 Bosnia–Herz-Qatar,Qatar,Akram Afif,11,FW,29-218,90,0,0,0,0,2,0,0,0,0,1,2,6,0,0,0,,,a59cb59d
INT-World Cup,2026,2026-06-24 Bosnia–Herz-Qatar,Qatar,Almoez Ali,19,FW,29-309,19,0,0,0,0,1,1,0,0,0,0,0,0,0,0,0,,,a59cb59d
INT-World Cup,2026,2026-06-24 Bosnia–Herz-Qatar,Qatar,Boualem Khoukhi,16,CB,35-350,90,0,0,0,0,1,0,0,0,0,0,0,2,1,0,0,,,a59cb59d
INT-World Cup,2026,2026-06-24 Bosnia–Herz-Qatar,Qatar,Edmilson Junior,8,AM,31-309,78,0,1,0,0,0,0,0,0,1,0,1,2,0,0,0,,,a59cb59d
INT-World Cup,2026,2026-06-24 Bosnia–Herz-Qatar,Qatar,Hassan Al-Haydos,10,AM,35-195,54,1,0,0,0,1,1,0,0,1,1,0,0,0,0,0,,,a59cb59d
INT-World Cup,2026,2026-06-24 Bosnia–Herz-Qatar,Qatar,Issa Laye,4,CB,28-184,90,0,0,0,0,0,0,0,0,0,2,0,0,0,0,0,,,a59cb59d
INT-World Cup,2026,2026-06-24 Bosnia–Herz-Qatar,Qatar,Jassem Gaber,5,DM,24-124,45,0,0,0,0,0,0,0,0,4,0,0,0,0,0,0,,,a59cb59d
INT-World Cup,2026,2026-06-24 Bosnia–Herz-Qatar,Qatar,Karim Boudiaf,12,DM,35-281,71,0,0,0,0,0,0,0,0,0,1,0,0,0,0,0,,,a59cb59d
INT-World Cup,2026,2026-06-24 Bosnia–Herz-Qatar,Qatar,Mahmoud Abunada,1,GK,26-139,90,0,0,0,0,0,0,0,0,0,0,0,0,0,0,1,,,a59cb59d
INT-World Cup,2026,2026-06-24 Bosnia–Herz-Qatar,Qatar,Mohamed Manai,26,DF,23-242,12,0,0,0,0,0,0,0,0,2,0,0,0,0,0,0,,,a59cb59d
INT-World Cup,2026,2026-06-24 Bosnia–Herz-Qatar,Qatar,Ró-Ró,2,RB,35-322,90,0,0,0,0,3,1,0,0,0,2,0,2,2,1,0,,,a59cb59d
INT-World Cup,2026,2026-06-24 Bosnia–Herz-Qatar,Qatar,Sultan Al-Brake,18,LB,30-078,90,0,0,0,0,0,0,0,0,2,0,0,4,0,2,0,,,a59cb59d
INT-World Cup,2026,2026-06-24 Czechia-Mexico,Czechia,Adam Hložek,9,FW,23-334,63,0,0,0,0,0,0,0,0,1,3,0,0,0,0,0,,,f26b468c
INT-World Cup,2026,2026-06-24 Czechia-Mexico,Czechia,Alexandr Sojka,24,MF,23-083,4,0,0,0,0,0,0,0,0,0,0,0,1,0,0,0,,,f26b468c
INT-World Cup,2026,2026-06-24 Czechia-Mexico,Czechia,David Douděra,21,LM,28-024,90,0,0,0,0,4,0,0,0,0,1,0,5,0,1,0,,,f26b468c
INT-World Cup,2026,2026-06-24 Czechia-Mexico,Czechia,Denis Višinský,26,FW,23-095,55,0,0,0,0,3,0,0,0,0,1,0,0,0,0,0,,,f26b468c
INT-World Cup,2026,2026-06-24 Czechia-Mexico,Czechia,Ladislav Krejčí,7,CB,27-065,90,0,0,0,0,0,0,0,0,0,0,0,0,0,0,0,,,f26b468c
INT-World Cup,2026,2026-06-24 Czechia-Mexico,Czechia,Lukáš Provod,17,"FW,MF",29-244,35,0,0,0,0,0,0,0,0,1,0,0,3,0,0,0,,,f26b468c
INT-World Cup,2026,2026-06-24 Czechia-Mexico,Czechia,Lukáš Červ,12,CM,25-075,86,0,0,0,0,2,1,0,0,1,1,0,0,3,0,0,,,f26b468c
INT-World Cup,2026,2026-06-24 Czechia-Mexico,Czechia,Matej Kovar,1,GK,26-038,90,0,0,0,0,0,0,0,0,0,0,0,0,0,0,0,,,f26b468c
INT-World Cup,2026,2026-06-24 Czechia-Mexico,Czechia,Michal Sadílek,18,CM,27-024,90,0,0,0,0,2,0,0,0,0,2,0,7,2,1,0,,,f26b468c
INT-World Cup,2026,2026-06-24 Czechia-Mexico,Czechia,Patrik Schick,10,FW,30-151,27,0,0,0,0,0,0,0,0,1,0,0,0,0,0,0,,,f26b468c
INT-World Cup,2026,2026-06-24 Czechia-Mexico,Czechia,Pavel Šulc,15,FW,25-177,90,0,0,0,0,1,0,0,0,0,0,1,1,0,0,0,,,f26b468c
INT-World Cup,2026,2026-06-24 Czechia-Mexico,Czechia,Robin Hranáč,4,CB,26-146,90,0,0,0,0,0,0,0,0,2,0,0,1,0,0,0,,,f26b468c
INT-World Cup,2026,2026-06-24 Czechia-Mexico,Czechia,Tomáš Chorý,19,FW,31-149,4,0,0,0,0,0,0,0,0,0,0,0,0,0,0,0,,,f26b468c
INT-World Cup,2026,2026-06-24 Czechia-Mexico,Czechia,Tomáš Holeš,3,CB,33-085,63,0,0,0,0,0,0,0,0,1,2,0,0,3,1,0,,,f26b468c
INT-World Cup,2026,2026-06-24 Czechia-Mexico,Czechia,Tomáš Souček,22,MF,31-117,23,0,0,0,0,0,0,0,0,1,0,0,0,0,0,0,,,f26b468c
INT-World Cup,2026,2026-06-24 Czechia-Mexico,Czechia,Vladimír Coufal,5,RM,33-306,90,0,0,0,0,1,0,0,0,1,2,0,8,0,0,0,,,f26b468c
INT-World Cup,2026,2026-06-24 Czechia-Mexico,Mexico,César Montes,3,CB,29-120,90,0,0,0,0,0,0,0,0,1,1,0,0,1,0,0,,,f26b468c
INT-World Cup,2026,2026-06-24 Czechia-Mexico,Mexico,Edson Álvarez,4,DM,28-243,90,0,0,0,0,0,0,1,0,4,1,0,0,3,1,0,,,f26b468c
INT-World Cup,2026,2026-06-24 Czechia-Mexico,Mexico,Gilberto Mora,19,CM,17-253,71,0,0,0,0,1,0,0,0,0,1,0,1,0,0,0,,,f26b468c
INT-World Cup,2026,2026-06-24 Czechia-Mexico,Mexico,Guillermo Martínez Ayala,22,FW,31-101,62,0,0,0,0,0,0,0,0,3,1,0,0,0,0,0,,,f26b468c
INT-World Cup,2026,2026-06-24 Czechia-Mexico,Mexico,Guillermo Ochoa,13,GK,40-346,13,0,0,0,0,0,0,0,0,0,0,0,0,0,0,0,,,f26b468c
INT-World Cup,2026,2026-06-24 Czechia-Mexico,Mexico,Israel Reyes,15,CB,26-032,90,0,0,0,0,1,0,0,0,0,0,0,0,0,1,0,,,f26b468c
INT-World Cup,2026,2026-06-24 Czechia-Mexico,Mexico,Jesús Gallardo,23,"DF,MF",31-313,13,0,0,0,0,0,0,0,0,0,0,0,0,0,1,0,,,f26b468c
INT-World Cup,2026,2026-06-24 Czechia-Mexico,Mexico,Jorge Sánchez,2,RB,28-196,90,0,1,0,0,1,1,0,0,1,1,0,5,1,2,0,,,f26b468c
INT-World Cup,2026,2026-06-24 Czechia-Mexico,Mexico,Julián Quiñones,16,FW,29-092,90,1,0,0,0,4,1,0,0,1,1,0,0,0,0,0,,,f26b468c
INT-World Cup,2026,2026-06-24 Czechia-Mexico,Mexico,Luis Romo,7,CM,31-019,62,0,1,0,0,0,0,0,0,1,1,0,0,1,0,0,,,f26b468c
INT-World Cup,2026,2026-06-24 Czechia-Mexico,Mexico,Mateo Chávez,20,LB,22-043,77,1,0,0,0,1,1,0,0,1,1,0,1,1,0,0,,,f26b468c
INT-World Cup,2026,2026-06-24 Czechia-Mexico,Mexico,Obed Vargas,18,MF,20-323,28,0,0,0,0,0,0,0,0,1,0,0,0,1,0,0,,,f26b468c
INT-World Cup,2026,2026-06-24 Czechia-Mexico,Mexico,Raúl Rangel,1,GK,26-119,77,0,0,0,0,0,0,0,0,0,0,0,0,0,0,0,,,f26b468c
INT-World Cup,2026,2026-06-24 Czechia-Mexico,Mexico,Roberto Alvarado,25,FW,27-290,90,0,1,0,0,1,0,0,0,0,0,0,5,0,1,0,,,f26b468c
INT-World Cup,2026,2026-06-24 Czechia-Mexico,Mexico,Santiago Giménez,11,FW,25-067,28,0,0,0,0,1,1,0,0,0,1,0,0,0,0,0,,,f26b468c
INT-World Cup,2026,2026-06-24 Czechia-Mexico,Mexico,Álvaro Fidalgo,8,MF,29-076,19,1,0,0,0,1,1,0,0,0,0,0,1,0,1,0,,,f26b468c
INT-World Cup,2026,2026-06-24 Morocco-Haiti,Haiti,Carlens Arcus,2,DF,29-361,11,0,0,0,0,0,0,0,0,0,0,0,0,1,1,0,,,2307866a
INT-World Cup,2026,2026-06-24 Morocco-Haiti,Haiti,Danley Jean-Jacques,17,CM,26-035,79,0,0,0,0,0,0,0,0,1,0,0,0,2,1,0,,,2307866a
INT-World Cup,2026,2026-06-24 Morocco-Haiti,Haiti,Dominique Simon,25,MF,25-330,11,0,0,0,0,0,0,0,0,0,1,0,1,0,0,0,,,2307866a
INT-World Cup,2026,2026-06-24 Morocco-Haiti,Haiti,Duckens Nazon,9,"FW,MF",32-078,24,0,0,0,0,1,1,1,0,0,1,0,0,0,0,0,,,2307866a
INT-World Cup,2026,2026-06-24 Morocco-Haiti,Haiti,Frantzdy Pierrot,20,FW,31-087,8,0,0,0,0,0,0,0,0,0,0,0,0,0,0,0,,,2307866a
INT-World Cup,2026,2026-06-24 Morocco-Haiti,Haiti,Hannes Delcroix,5,CB,27-116,90,0,0,0,0,0,0,0,0,1,0,0,0,1,0,0,,,2307866a
INT-World Cup,2026,2026-06-24 Morocco-Haiti,Haiti,Jean-Kevin Duverne,22,RB,28-347,79,0,1,0,0,0,0,0,0,1,0,0,0,1,3,0,,,2307866a
INT-World Cup,2026,2026-06-24 Morocco-Haiti,Haiti,Jean-Ricner Bellegarde,10,CM,27-362,90,0,0,0,0,3,0,0,0,3,2,0,0,1,1,0,,,2307866a
INT-World Cup,2026,2026-06-24 Morocco-Haiti,Haiti,Johny Placide,1,GK,38-146,90,0,0,0,0,0,0,1,0,0,0,0,0,0,0,0,,,2307866a
INT-World Cup,2026,2026-06-24 Morocco-Haiti,Haiti,Josué Casimir,21,RW,24-273,90,0,0,0,0,0,0,1,0,2,2,0,1,0,0,0,,,2307866a
INT-World Cup,2026,2026-06-24 Morocco-Haiti,Haiti,Lenny Joseph,16,FW,25-255,82,0,0,0,0,2,0,0,0,4,1,0,0,0,0,0,,,2307866a
INT-World Cup,2026,2026-06-24 Morocco-Haiti,Haiti,Louicius Deedson,11,MF,25-133,24,0,0,0,0,1,0,0,0,1,0,0,0,0,1,0,,,2307866a
INT-World Cup,2026,2026-06-24 Morocco-Haiti,Haiti,Martin Expérience,8,LB,27-107,90,0,0,0,0,0,0,0,0,2,1,0,0,1,3,0,,,2307866a
INT-World Cup,2026,2026-06-24 Morocco-Haiti,Haiti,Ricardo Adé,4,CB,36-034,90,0,0,0,0,1,0,0,0,2,0,0,0,1,3,0,,,2307866a
INT-World Cup,2026,2026-06-24 Morocco-Haiti,Haiti,Ruben Providence,15,LW,24-352,66,0,0,0,0,0,0,0,0,1,1,0,1,2,0,0,,,2307866a
INT-World Cup,2026,2026-06-24 Morocco-Haiti,Haiti,Wilson Isidor,18,FW,25-301,66,1,0,0,0,1,1,0,0,0,1,0,0,1,1,0,,,2307866a
INT-World Cup,2026,2026-06-24 Morocco-Haiti,Morocco,Achraf Hakimi,2,RB,27-232,90,1,1,0,0,5,3,0,0,1,2,0,9,0,1,0,,,2307866a
INT-World Cup,2026,2026-06-24 Morocco-Haiti,Morocco,Anass Salah-Eddine,26,LB,24-157,82,0,0,0,0,0,0,0,0,1,1,0,2,1,0,0,,,2307866a
INT-World Cup,2026,2026-06-24 Morocco-Haiti,Morocco,Ayoub El Kaabi,20,FW,32-363,69,0,0,0,0,3,2,0,0,1,1,3,0,2,0,0,,,2307866a
INT-World Cup,2026,2026-06-24 Morocco-Haiti,Morocco,Azzedine Ounahi,8,MF,26-066,21,0,0,0,0,1,0,0,0,0,0,0,0,0,0,0,,,2307866a
INT-World Cup,2026,2026-06-24 Morocco-Haiti,Morocco,Bilal El Khannouss,23,LW,22-045,90,0,0,0,0,2,2,0,0,1,1,0,3,1,0,0,,,2307866a
INT-World Cup,2026,2026-06-24 Morocco-Haiti,Morocco,Brahim Díaz,10,RW,26-325,69,0,0,0,0,1,0,0,0,0,2,0,3,0,1,0,,,2307866a
INT-World Cup,2026,2026-06-24 Morocco-Haiti,Morocco,Chadi Riad,18,CB,23-007,90,0,1,0,0,1,0,0,0,0,0,0,0,1,1,0,,,2307866a
INT-World Cup,2026,2026-06-24 Morocco-Haiti,Morocco,Gessime Yassine,16,MF,20-214,21,1,0,0,0,1,1,0,0,1,1,0,0,0,0,0,,,2307866a
INT-World Cup,2026,2026-06-24 Morocco-Haiti,Morocco,Ismael Saibari,11,FW,25-147,69,1,0,0,0,5,1,0,0,1,1,1,5,1,0,0,,,2307866a
INT-World Cup,2026,2026-06-24 Morocco-Haiti,Morocco,Neil El Aynaoui,24,CM,24-357,82,0,0,0,0,1,1,0,0,0,3,0,0,0,1,0,,,2307866a
INT-World Cup,2026,2026-06-24 Morocco-Haiti,Morocco,Noussair Mazraoui,3,"DF,MF",28-222,8,0,0,0,0,0,0,0,0,0,0,0,0,0,0,0,,,2307866a
INT-World Cup,2026,2026-06-24 Morocco-Haiti,Morocco,Redouane Halhal,25,CB,23-111,90,0,0,0,0,0,0,0,0,1,3,1,0,1,0,0,,,2307866a
INT-World Cup,2026,2026-06-24 Morocco-Haiti,Morocco,Samir El Mourabet,15,MF,20-261,8,0,0,0,0,0,0,0,0,0,0,0,0,1,1,0,,,2307866a
INT-World Cup,2026,2026-06-24 Morocco-Haiti,Morocco,Sofyan Amrabat,4,CM,29-307,90,0,0,0,0,0,0,0,0,1,1,0,0,1,2,0,,,2307866a
INT-World Cup,2026,2026-06-24 Morocco-Haiti,Morocco,Soufiane Rahimi,9,FW,30-022,21,1,1,0,0,2,1,0,0,2,2,0,0,0,0,0,,,2307866a
INT-World Cup,2026,2026-06-24 Morocco-Haiti,Morocco,Yassine Bounou,1,GK,35-080,90,0,0,0,0,0,0,0,0,0,0,0,0,0,0,1,,,2307866a
INT-World Cup,2026,2026-06-24 Scotland-Brazil,Brazil,Alex Sandro,6,"DF,MF",35-149,9,0,0,0,0,0,0,0,0,1,0,0,0,0,0,0,,,0ef71ab6
INT-World Cup,2026,2026-06-24 Scotland-Brazil,Brazil,Alisson,1,GK,33-265,90,0,0,0,0,0,0,0,0,0,0,0,0,0,0,0,,,0ef71ab6
INT-World Cup,2026,2026-06-24 Scotland-Brazil,Brazil,Bruno Guimarães,8,CM,28-220,90,0,2,0,0,1,0,0,0,1,2,0,3,0,0,0,,,0ef71ab6
INT-World Cup,2026,2026-06-24 Scotland-Brazil,Brazil,Casemiro,5,DM,34-121,65,0,0,0,0,1,0,0,0,1,1,0,1,1,2,0,,,0ef71ab6
INT-World Cup,2026,2026-06-24 Scotland-Brazil,Brazil,Danilo,13,RB,34-344,90,0,0,0,0,0,0,1,0,3,0,0,1,0,2,0,,,0ef71ab6
INT-World Cup,2026,2026-06-24 Scotland-Brazil,Brazil,Douglas Santos,16,LB,32-094,81,0,0,0,0,1,0,0,0,0,0,0,0,1,2,0,,,0ef71ab6
INT-World Cup,2026,2026-06-24 Scotland-Brazil,Brazil,Endrick,19,FW,19-338,9,0,0,0,0,0,0,0,0,0,0,0,0,0,1,0,,,0ef71ab6
INT-World Cup,2026,2026-06-24 Scotland-Brazil,Brazil,Fabinho,17,"DF,MF",32-244,25,0,0,0,0,0,0,1,0,1,0,0,0,0,2,0,,,0ef71ab6
INT-World Cup,2026,2026-06-24 Scotland-Brazil,Brazil,Gabriel Magalhães,3,CB,28-187,90,0,0,0,0,1,0,0,0,0,0,0,0,1,1,0,,,0ef71ab6
INT-World Cup,2026,2026-06-24 Scotland-Brazil,Brazil,Gabriel Martinelli,22,"FW,MF",25-006,25,0,0,0,0,0,0,0,0,2,0,0,0,0,0,0,,,0ef71ab6
INT-World Cup,2026,2026-06-24 Scotland-Brazil,Brazil,Lucas Paquetá,20,CM,28-301,65,0,0,0,0,1,0,0,0,0,2,0,2,1,1,0,,,0ef71ab6
INT-World Cup,2026,2026-06-24 Scotland-Brazil,Brazil,Marquinhos,4,CB,32-041,90,0,0,0,0,0,0,0,0,0,0,0,0,0,0,0,,,0ef71ab6
INT-World Cup,2026,2026-06-24 Scotland-Brazil,Brazil,Matheus Cunha,9,FW,27-028,75,1,0,0,0,5,2,0,0,0,0,0,0,0,1,0,,,0ef71ab6
INT-World Cup,2026,2026-06-24 Scotland-Brazil,Brazil,Neymar,10,"FW,MF",34-139,15,0,0,0,0,1,1,0,0,0,1,0,4,0,0,0,,,0ef71ab6
INT-World Cup,2026,2026-06-24 Scotland-Brazil,Brazil,Rayan,26,FW,19-325,81,0,1,0,0,2,1,0,0,1,1,0,1,2,1,0,,,0ef71ab6
INT-World Cup,2026,2026-06-24 Scotland-Brazil,Brazil,Vinicius Júnior,7,FW,25-347,90,2,0,0,0,8,5,0,0,1,3,1,0,0,0,0,,,0ef71ab6
INT-World Cup,2026,2026-06-24 Scotland-Brazil,Scotland,Andy Robertson,3,LB,32-105,45,0,0,0,0,0,0,0,0,0,0,0,3,1,0,0,,,0ef71ab6
INT-World Cup,2026,2026-06-24 Scotland-Brazil,Scotland,Angus Gunn,1,GK,30-153,90,0,0,0,0,0,0,0,0,0,0,0,0,0,0,0,,,0ef71ab6
INT-World Cup,2026,2026-06-24 Scotland-Brazil,Scotland,Anthony Ralston,24,DF,27-220,9,0,0,0,0,1,1,0,0,1,0,0,1,0,0,0,,,0ef71ab6
INT-World Cup,2026,2026-06-24 Scotland-Brazil,Scotland,Ben Gannon-Doak,17,AM,20-225,81,0,0,0,0,2,0,0,0,1,0,0,1,1,0,0,,,0ef71ab6
INT-World Cup,2026,2026-06-24 Scotland-Brazil,Scotland,Ché Adams,10,"FW,MF",29-346,1,0,0,0,0,0,0,0,0,0,0,0,0,0,0,0,,,0ef71ab6
INT-World Cup,2026,2026-06-24 Scotland-Brazil,Scotland,Findlay Curtis,25,MF,19-266,1,0,0,0,0,0,0,0,0,0,0,0,0,0,0,0,,,0ef71ab6
INT-World Cup,2026,2026-06-24 Scotland-Brazil,Scotland,Jack Hendry,13,CB,31-048,90,0,0,0,0,0,0,0,0,1,1,0,0,0,0,0,,,0ef71ab6
INT-World Cup,2026,2026-06-24 Scotland-Brazil,Scotland,John McGinn,7,AM,31-249,89,0,0,0,0,0,0,0,0,0,4,0,5,0,0,0,,,0ef71ab6
INT-World Cup,2026,2026-06-24 Scotland-Brazil,Scotland,Kenny McLean,23,DM,34-167,90,0,0,0,0,1,0,0,0,0,1,0,1,0,1,0,,,0ef71ab6
INT-World Cup,2026,2026-06-24 Scotland-Brazil,Scotland,Kieran Tierney,6,"DF,MF",29-019,45,0,0,0,0,1,0,0,0,1,1,0,5,0,0,0,,,0ef71ab6
INT-World Cup,2026,2026-06-24 Scotland-Brazil,Scotland,Lawrence Shankland,20,FW,30-318,89,0,0,0,0,2,0,0,0,1,1,0,0,0,0,0,,,0ef71ab6
INT-World Cup,2026,2026-06-24 Scotland-Brazil,Scotland,Lewis Ferguson,19,DM,26-304,90,0,0,0,0,2,1,0,0,2,1,0,6,2,0,0,,,0ef71ab6
INT-World Cup,2026,2026-06-24 Scotland-Brazil,Scotland,Nathan Patterson,22,RB,24-251,81,0,0,0,0,0,0,0,0,1,0,0,0,2,1,0,,,0ef71ab6
INT-World Cup,2026,2026-06-24 Scotland-Brazil,Scotland,Ryan Christie,11,"FW,MF",31-122,9,0,0,0,0,1,0,1,0,1,1,0,1,0,0,0,,,0ef71ab6
INT-World Cup,2026,2026-06-24 Scotland-Brazil,Scotland,Scott McKenna,26,CB,29-224,90,0,0,0,0,0,0,0,0,0,0,0,0,0,0,0,,,0ef71ab6
INT-World Cup,2026,2026-06-24 Scotland-Brazil,Scotland,Scott McTominay,4,AM,29-198,90,0,0,0,0,4,3,0,0,1,0,0,0,1,0,0,,,0ef71ab6
INT-World Cup,2026,2026-06-24 South Africa-Korea Republic,Korea Republic,Cho Gue-sung,9,FW,28-150,17,0,0,0,0,0,0,1,0,1,0,0,0,0,0,0,,,311661a5
INT-World Cup,2026,2026-06-24 South Africa-Korea Republic,Korea Republic,Hwang Hee-chan,11,FW,30-149,45,0,0,0,0,1,0,0,0,1,0,0,0,1,0,0,,,311661a5
INT-World Cup,2026,2026-06-24 South Africa-Korea Republic,Korea Republic,Hwang In-beom,6,CM,29-277,90,0,0,0,0,0,0,0,0,0,1,0,2,2,1,0,,,311661a5
INT-World Cup,2026,2026-06-24 South Africa-Korea Republic,Korea Republic,Jens Castrop,23,MF,22-330,45,0,0,0,0,0,0,0,0,3,0,0,3,0,0,0,,,311661a5
INT-World Cup,2026,2026-06-24 South Africa-Korea Republic,Korea Republic,Kim Jin-gyu,24,MF,29-120,45,0,0,0,0,0,0,0,0,0,0,0,1,1,0,0,,,311661a5
INT-World Cup,2026,2026-06-24 South Africa-Korea Republic,Korea Republic,Kim Min-jae,4,CB,29-221,65,0,0,0,0,1,1,0,0,0,0,0,0,0,0,0,,,311661a5
INT-World Cup,2026,2026-06-24 South Africa-Korea Republic,Korea Republic,Kim Seung-gyu,1,GK,35-267,90,0,0,0,0,0,0,0,0,0,0,0,0,0,0,0,,,311661a5
INT-World Cup,2026,2026-06-24 South Africa-Korea Republic,Korea Republic,Lee Gi-hyuk,3,CB,25-352,90,0,0,0,0,0,0,0,0,1,0,0,2,2,2,0,,,311661a5
INT-World Cup,2026,2026-06-24 South Africa-Korea Republic,Korea Republic,Lee Han-beom,2,CB,24-007,90,0,0,0,0,0,0,0,0,1,0,0,1,1,1,0,,,311661a5
INT-World Cup,2026,2026-06-24 South Africa-Korea Republic,Korea Republic,Lee Kang-in,19,FW,25-125,90,0,0,0,0,1,0,0,0,0,2,0,13,0,0,0,,,311661a5
INT-World Cup,2026,2026-06-24 South Africa-Korea Republic,Korea Republic,Lee Tae-seok,13,LM,23-331,45,0,0,0,0,0,0,0,0,2,0,0,5,2,0,0,,,311661a5
INT-World Cup,2026,2026-06-24 South Africa-Korea Republic,Korea Republic,Oh Hyeon-gyu,18,FW,25-073,73,0,0,0,0,2,1,0,0,0,0,0,1,0,0,0,,,311661a5
INT-World Cup,2026,2026-06-24 South Africa-Korea Republic,Korea Republic,Paik Seung-ho,8,CM,29-099,45,0,0,0,0,0,0,0,0,0,0,0,0,0,0,0,,,311661a5
INT-World Cup,2026,2026-06-24 South Africa-Korea Republic,Korea Republic,Park Jinseob,16,"DF,MF",30-244,25,0,0,0,0,1,1,0,0,0,1,0,0,0,0,0,,,311661a5
INT-World Cup,2026,2026-06-24 South Africa-Korea Republic,Korea Republic,Seol Young-woo,22,RM,27-201,90,0,0,0,0,1,0,0,0,0,2,0,4,0,0,0,,,311661a5
INT-World Cup,2026,2026-06-24 South Africa-Korea Republic,Korea Republic,Son Heung-min,7,"FW,MF",33-351,45,0,0,0,0,1,0,0,0,0,1,0,1,0,0,0,,,311661a5
INT-World Cup,2026,2026-06-24 South Africa-Korea Republic,South Africa,Aubrey Modiba,6,LB,30-337,90,0,0,0,0,1,0,1,0,1,0,1,2,0,0,0,,,311661a5
INT-World Cup,2026,2026-06-24 South Africa-Korea Republic,South Africa,Evidence Makgopa,17,FW,26-019,90,0,0,0,0,2,1,0,0,1,1,2,0,0,1,0,,,311661a5
INT-World Cup,2026,2026-06-24 South Africa-Korea Republic,South Africa,Ime Okon,21,CB,22-124,90,0,0,0,0,0,0,0,0,0,0,0,0,0,2,0,,,311661a5
INT-World Cup,2026,2026-06-24 South Africa-Korea Republic,South Africa,Iqraam Rayners,15,"FW,MF",30-187,16,0,0,0,0,0,0,0,0,0,0,0,1,0,0,0,,,311661a5
INT-World Cup,2026,2026-06-24 South Africa-Korea Republic,South Africa,Jayden Adams,23,MF,25-050,11,0,0,0,0,0,0,0,0,0,0,0,0,0,1,0,,,311661a5
INT-World Cup,2026,2026-06-24 South Africa-Korea Republic,South Africa,Khuliso Mudau,20,RB,31-059,90,0,0,0,0,0,0,0,0,1,2,0,0,0,4,0,,,311661a5
INT-World Cup,2026,2026-06-24 South Africa-Korea Republic,South Africa,Mbekezeli Mbokazi,14,CB,20-278,90,0,0,0,0,0,0,0,0,0,0,0,0,1,2,0,,,311661a5
INT-World Cup,2026,2026-06-24 South Africa-Korea Republic,South Africa,Oswin Appollis,7,AM,24-303,61,0,0,0,0,1,1,0,0,1,0,0,2,1,0,0,,,311661a5
INT-World Cup,2026,2026-06-24 South Africa-Korea Republic,South Africa,Relebohile Mofokeng,10,AM,21-244,79,0,0,0,0,2,0,0,0,0,0,0,1,2,0,0,,,311661a5
INT-World Cup,2026,2026-06-24 South Africa-Korea Republic,South Africa,Ronwen Williams,1,GK,34-154,90,0,0,0,0,0,0,0,0,0,0,0,0,0,0,0,,,311661a5
INT-World Cup,2026,2026-06-24 South Africa-Korea Republic,South Africa,Sphephelo Sithole,13,DM,27-113,90,0,0,0,0,0,0,0,0,1,1,0,0,0,2,0,,,311661a5
INT-World Cup,2026,2026-06-24 South Africa-Korea Republic,South Africa,Thalente Mbatha,5,DM,26-100,90,0,0,0,0,2,1,0,0,1,0,0,1,1,3,0,,,311661a5
INT-World Cup,2026,2026-06-24 South Africa-Korea Republic,South Africa,Thapelo Maseko,12,AM,22-225,74,1,0,0,0,5,1,0,0,0,4,0,1,0,0,0,,,311661a5
INT-World Cup,2026,2026-06-24 South Africa-Korea Republic,South Africa,Tshepang Moremi,8,MF,25-265,29,0,1,0,0,0,0,0,0,1,1,0,0,1,0,0,,,311661a5
INT-World Cup,2026,2026-06-24 Switzerland-Canada,Canada,Ali Ahmed,20,LW,25-257,57,0,0,0,0,1,1,0,0,0,2,0,1,0,0,0,,,199a57aa
INT-World Cup,2026,2026-06-24 Switzerland-Canada,Canada,Alistair Johnston,2,RB,27-259,90,0,0,0,0,2,1,0,0,2,1,0,3,0,3,0,,,199a57aa
INT-World Cup,2026,2026-06-24 Switzerland-Canada,Canada,Cyle Larin,9,FW,31-068,57,0,0,0,0,1,1,1,0,0,0,3,0,0,0,0,,,199a57aa
INT-World Cup,2026,2026-06-24 Switzerland-Canada,Canada,Derek Cornelius,13,CB,28-211,90,0,0,0,0,2,0,0,0,2,1,0,0,1,1,0,,,199a57aa
INT-World Cup,2026,2026-06-24 Switzerland-Canada,Canada,Jacob Shaffelburg,14,MF,26-210,8,0,0,0,0,0,0,0,0,0,0,0,2,0,1,0,,,199a57aa
INT-World Cup,2026,2026-06-24 Switzerland-Canada,Canada,Jonathan David,10,FW,26-161,90,0,0,0,0,2,0,0,0,0,3,0,1,0,1,0,,,199a57aa
INT-World Cup,2026,2026-06-24 Switzerland-Canada,Canada,Liam Millar,11,"FW,MF",26-270,33,0,0,0,0,1,0,1,0,1,1,0,4,0,0,0,,,199a57aa
INT-World Cup,2026,2026-06-24 Switzerland-Canada,Canada,Luc De Fougerolles,4,CB,20-255,90,0,0,0,0,1,1,0,0,3,2,0,0,1,0,0,,,199a57aa
INT-World Cup,2026,2026-06-24 Switzerland-Canada,Canada,Mathieu Choinière,6,CM,27-137,57,0,0,0,0,0,0,0,0,1,1,0,4,1,2,0,,,199a57aa
INT-World Cup,2026,2026-06-24 Switzerland-Canada,Canada,Maxime Crépeau,16,GK,32-044,90,0,0,0,0,0,0,0,0,0,0,0,0,0,0,0,,,199a57aa
INT-World Cup,2026,2026-06-24 Switzerland-Canada,Canada,Nathan Saliba,25,CM,22-137,90,0,1,0,0,0,0,0,0,2,0,0,1,2,1,0,,,199a57aa
INT-World Cup,2026,2026-06-24 Switzerland-Canada,Canada,Promise David,24,FW,24-356,16,1,0,0,0,3,3,0,0,0,0,0,0,0,1,0,,,199a57aa
INT-World Cup,2026,2026-06-24 Switzerland-Canada,Canada,Richie Laryea,22,LB,31-168,82,0,0,0,0,0,0,0,0,2,5,0,0,0,1,0,,,199a57aa
INT-World Cup,2026,2026-06-24 Switzerland-Canada,Canada,Stephen Eustáquio,7,MF,29-185,33,0,0,0,0,0,0,0,0,0,0,0,8,0,1,0,,,199a57aa
INT-World Cup,2026,2026-06-24 Switzerland-Canada,Canada,Tajon Buchanan,17,RW,27-136,74,0,0,0,0,0,0,0,0,0,3,0,1,1,1,0,,,199a57aa
INT-World Cup,2026,2026-06-24 Switzerland-Canada,Canada,Tani Oluwaseyi,12,FW,26-040,33,0,0,0,0,0,0,0,0,0,0,0,1,0,0,0,,,199a57aa
INT-World Cup,2026,2026-06-24 Switzerland-Canada,Switzerland,Breel Embolo,7,FW,29-130,84,0,1,0,0,2,2,0,0,3,4,0,0,0,1,0,,,199a57aa
INT-World Cup,2026,2026-06-24 Switzerland-Canada,Switzerland,Cedric Itten,26,"FW,MF",29-179,6,0,0,0,0,0,0,0,0,1,0,0,1,0,0,0,,,199a57aa
INT-World Cup,2026,2026-06-24 Switzerland-Canada,Switzerland,Christian Fassnacht,16,"FW,MF",32-225,6,0,0,0,0,0,0,0,0,0,0,0,0,1,0,0,,,199a57aa
INT-World Cup,2026,2026-06-24 Switzerland-Canada,Switzerland,Dan Ndoye,11,"FW,MF",25-242,11,0,0,0,0,0,0,0,0,0,2,0,0,0,0,0,,,199a57aa
INT-World Cup,2026,2026-06-24 Switzerland-Canada,Switzerland,Djibril Sow,15,RW,29-138,73,0,0,0,0,0,0,0,0,1,0,0,0,1,1,0,,,199a57aa
INT-World Cup,2026,2026-06-24 Switzerland-Canada,Switzerland,Granit Xhaka,10,CM,33-270,90,0,0,0,0,1,0,1,0,0,2,0,0,0,0,0,,,199a57aa
INT-World Cup,2026,2026-06-24 Switzerland-Canada,Switzerland,Gregor Kobel,1,GK,28-200,90,0,0,0,0,0,0,0,0,0,1,0,0,0,0,0,,,199a57aa
INT-World Cup,2026,2026-06-24 Switzerland-Canada,Switzerland,Johan Manzambi,9,FW,20-253,84,1,1,0,0,2,1,0,0,1,1,1,1,0,0,0,,,199a57aa
INT-World Cup,2026,2026-06-24 Switzerland-Canada,Switzerland,Luca Jaquez,25,RB,23-022,73,0,0,0,0,0,0,0,0,3,1,0,2,0,1,0,,,199a57aa
INT-World Cup,2026,2026-06-24 Switzerland-Canada,Switzerland,Manuel Akanji,5,CB,30-340,90,0,0,0,0,0,0,0,0,0,0,0,0,2,0,0,,,199a57aa
INT-World Cup,2026,2026-06-24 Switzerland-Canada,Switzerland,Michel Aebischer,20,MF,29-169,17,0,0,0,0,0,0,0,0,2,0,0,0,0,0,0,,,199a57aa
INT-World Cup,2026,2026-06-24 Switzerland-Canada,Switzerland,Nico Elvedi,4,CB,29-267,90,0,0,0,0,0,0,0,0,0,0,0,0,0,0,0,,,199a57aa
INT-World Cup,2026,2026-06-24 Switzerland-Canada,Switzerland,Remo Freuler,8,CM,34-070,90,0,0,0,0,0,0,0,0,2,1,0,0,1,2,0,,,199a57aa
INT-World Cup,2026,2026-06-24 Switzerland-Canada,Switzerland,Ricardo Rodríguez,13,LB,33-303,90,0,0,0,0,0,0,0,0,3,1,0,0,2,0,0,,,199a57aa
INT-World Cup,2026,2026-06-24 Switzerland-Canada,Switzerland,Ruben Vargas,17,LW,27-323,79,1,0,0,0,1,1,0,0,3,0,0,2,0,0,0,,,199a57aa
INT-World Cup,2026,2026-06-24 Switzerland-Canada,Switzerland,Silvan Widmer,3,"DF,MF",33-111,17,0,0,0,0,0,0,0,0,0,0,0,0,0,0,0,,,199a57aa
INT-World Cup,2026,2026-06-25 Curaçao-Côte d'Ivoire,Curaçao,Armando Obispo,18,CB,27-112,90,0,0,0,0,0,0,0,0,1,0,0,0,0,3,0,,,89835aff
INT-World Cup,2026,2026-06-25 Curaçao-Côte d'Ivoire,Curaçao,Brandley Kuwas,17,"FW,MF",33-279,1,0,0,0,0,0,0,0,0,0,0,0,1,0,0,0,,,89835aff
INT-World Cup,2026,2026-06-25 Curaçao-Côte d'Ivoire,Curaçao,Deveron Fonville,24,CB,23-040,76,0,0,0,0,0,0,0,0,1,0,0,0,2,2,0,,,89835aff
INT-World Cup,2026,2026-06-25 Curaçao-Côte d'Ivoire,Curaçao,Eloy Room,1,GK,37-139,90,0,0,0,0,0,0,0,0,0,0,0,0,0,0,0,,,89835aff
INT-World Cup,2026,2026-06-25 Curaçao-Côte d'Ivoire,Curaçao,Gervane Kastaneer,19,"FW,MF",30-016,14,0,0,0,0,1,0,1,0,0,0,0,0,0,0,0,,,89835aff
INT-World Cup,2026,2026-06-25 Curaçao-Côte d'Ivoire,Curaçao,Jeremy Antonisse,11,"FW,MF",24-088,30,0,0,0,0,1,0,0,0,0,0,0,5,1,0,0,,,89835aff
INT-World Cup,2026,2026-06-25 Curaçao-Côte d'Ivoire,Curaçao,Joshua Brenet,20,RB,32-097,89,0,0,0,0,0,0,0,0,0,1,1,0,2,1,0,,,89835aff
INT-World Cup,2026,2026-06-25 Curaçao-Côte d'Ivoire,Curaçao,Juninho Bacuna,7,LM,28-322,90,0,0,0,0,1,0,1,0,3,0,0,4,1,0,0,,,89835aff
INT-World Cup,2026,2026-06-25 Curaçao-Côte d'Ivoire,Curaçao,Juriën Gaari,3,CB,32-184,76,0,0,0,0,2,0,0,0,2,0,0,0,0,0,0,,,89835aff
INT-World Cup,2026,2026-06-25 Curaçao-Côte d'Ivoire,Curaçao,Jürgen Locadia,9,FW,32-230,89,0,0,0,0,0,0,0,0,1,0,0,0,0,1,0,,,89835aff
INT-World Cup,2026,2026-06-25 Curaçao-Côte d'Ivoire,Curaçao,Leandro Bacuna,10,CM,34-308,90,0,0,0,0,2,0,0,0,0,1,0,1,2,0,0,,,89835aff
INT-World Cup,2026,2026-06-25 Curaçao-Côte d'Ivoire,Curaçao,Livano Comenencia,8,CM,22-142,60,0,0,0,0,0,0,0,0,1,0,0,0,1,5,0,,,89835aff
INT-World Cup,2026,2026-06-25 Curaçao-Côte d'Ivoire,Curaçao,Sherel Floranus,5,LB,27-306,90,0,0,0,0,1,0,0,0,1,0,1,0,3,1,0,,,89835aff
INT-World Cup,2026,2026-06-25 Curaçao-Côte d'Ivoire,Curaçao,Shurandy Sambo,2,DF,24-310,1,0,0,0,0,0,0,0,0,0,0,0,0,0,1,0,,,89835aff
INT-World Cup,2026,2026-06-25 Curaçao-Côte d'Ivoire,Curaçao,Tahith Chong,21,RM,26-203,90,0,0,0,0,3,2,0,0,1,2,0,1,0,1,0,,,89835aff
INT-World Cup,2026,2026-06-25 Curaçao-Côte d'Ivoire,Curaçao,Tyrese Noslin,13,MF,23-287,14,0,0,0,0,0,0,0,0,0,2,0,3,0,0,0,,,89835aff
INT-World Cup,2026,2026-06-25 Curaçao-Côte d'Ivoire,Côte d'Ivoire,Amad Diallo,15,RW,23-349,45,0,0,0,0,3,0,0,0,0,2,0,0,2,0,0,,,89835aff
INT-World Cup,2026,2026-06-25 Curaçao-Côte d'Ivoire,Côte d'Ivoire,Ange-Yoan Bonny,9,FW,22-243,66,0,0,0,0,0,0,0,0,0,1,0,0,1,1,0,,,89835aff
INT-World Cup,2026,2026-06-25 Curaçao-Côte d'Ivoire,Côte d'Ivoire,Bazoumana Touré,24,MF,20-115,24,0,0,0,0,0,0,0,0,0,0,0,2,0,0,0,,,89835aff
INT-World Cup,2026,2026-06-25 Curaçao-Côte d'Ivoire,Côte d'Ivoire,Christ Inao Oulaï,26,MF,20-080,45,0,0,0,0,0,0,0,0,1,2,0,0,1,3,0,,,89835aff
INT-World Cup,2026,2026-06-25 Curaçao-Côte d'Ivoire,Côte d'Ivoire,Christopher Opéri,13,LB,29-057,90,0,0,0,0,0,0,0,0,2,0,0,2,2,1,0,,,89835aff
INT-World Cup,2026,2026-06-25 Curaçao-Côte d'Ivoire,Côte d'Ivoire,Elye Wahi,12,FW,23-174,24,0,0,0,0,1,1,0,0,0,0,0,0,0,0,0,,,89835aff
INT-World Cup,2026,2026-06-25 Curaçao-Côte d'Ivoire,Côte d'Ivoire,Franck Kessié,8,CM,29-188,76,0,0,0,0,1,0,0,0,1,0,0,0,1,0,0,,,89835aff
INT-World Cup,2026,2026-06-25 Curaçao-Côte d'Ivoire,Côte d'Ivoire,Guéla Doué,17,RB,23-251,90,0,0,0,0,0,0,0,0,0,2,0,5,0,1,0,,,89835aff
INT-World Cup,2026,2026-06-25 Curaçao-Côte d'Ivoire,Côte d'Ivoire,Ibrahim Sangaré,18,CM,28-205,90,0,1,0,0,0,0,0,0,1,2,0,0,1,2,0,,,89835aff
INT-World Cup,2026,2026-06-25 Curaçao-Côte d'Ivoire,Côte d'Ivoire,Jean Seri,4,MF,34-341,14,0,0,0,0,0,0,0,0,0,0,0,3,1,0,0,,,89835aff
INT-World Cup,2026,2026-06-25 Curaçao-Côte d'Ivoire,Côte d'Ivoire,Nicolas Pépé,19,FW,31-027,66,2,0,0,0,2,2,1,0,1,0,1,1,0,2,0,,,89835aff
INT-World Cup,2026,2026-06-25 Curaçao-Côte d'Ivoire,Côte d'Ivoire,Odilon Kossounou,7,CB,25-172,90,0,0,0,0,0,0,0,0,0,0,0,0,1,0,0,,,89835aff
INT-World Cup,2026,2026-06-25 Curaçao-Côte d'Ivoire,Côte d'Ivoire,Oumar Diakité,14,FW,22-187,24,0,0,0,0,0,0,0,0,0,0,0,0,0,0,0,,,89835aff
INT-World Cup,2026,2026-06-25 Curaçao-Côte d'Ivoire,Côte d'Ivoire,Ousmane Diomande,2,CB,22-203,90,0,0,0,0,0,0,0,0,0,0,0,0,0,1,0,,,89835aff
INT-World Cup,2026,2026-06-25 Curaçao-Côte d'Ivoire,Côte d'Ivoire,Yahia Fofana,1,GK,25-308,90,0,0,0,0,0,0,0,0,0,1,0,0,0,0,0,,,89835aff
INT-World Cup,2026,2026-06-25 Curaçao-Côte d'Ivoire,Côte d'Ivoire,Yan Diomandé,11,LW,19-223,66,0,1,0,0,0,0,0,0,0,1,0,3,0,1,0,,,89835aff
INT-World Cup,2026,2026-06-25 Ecuador-Germany,Ecuador,Alan Franco,21,RB,27-308,63,0,0,0,0,0,0,1,0,2,0,,2,2,1,0,,,cc4ebc5b
INT-World Cup,2026,2026-06-25 Ecuador-Germany,Ecuador,Enner Valencia,13,FW,36-233,63,0,0,0,0,2,1,0,0,0,2,,0,0,0,0,,,cc4ebc5b
INT-World Cup,2026,2026-06-25 Ecuador-Germany,Ecuador,Félix Torres Caicedo,2,DF,29-165,6,0,0,0,0,0,0,0,0,0,0,,0,0,0,0,,,cc4ebc5b
INT-World Cup,2026,2026-06-25 Ecuador-Germany,Ecuador,Gonzalo Plata,19,FW,25-236,90,1,0,0,0,2,1,1,0,4,1,,2,0,0,0,,,cc4ebc5b
INT-World Cup,2026,2026-06-25 Ecuador-Germany,Ecuador,Hernán Galíndez,1,GK,39-087,90,0,0,0,0,0,0,0,0,0,0,,0,0,0,0,,,cc4ebc5b
INT-World Cup,2026,2026-06-25 Ecuador-Germany,Ecuador,Joel Ordóñez,4,CB,22-065,90,0,0,0,0,0,0,0,0,1,1,,0,3,0,0,,,cc4ebc5b
INT-World Cup,2026,2026-06-25 Ecuador-Germany,Ecuador,John Yeboah,9,RW,26-002,84,0,0,0,0,0,0,0,0,0,1,,3,0,1,0,,,cc4ebc5b
INT-World Cup,2026,2026-06-25 Ecuador-Germany,Ecuador,Jordy Caicedo,16,FW,28-219,6,0,0,0,0,0,0,0,0,0,0,,0,0,0,0,,,cc4ebc5b
INT-World Cup,2026,2026-06-25 Ecuador-Germany,Ecuador,Kevin Rodríguez,11,FW,26-113,27,0,1,0,0,1,0,0,0,2,0,,0,0,0,0,,,cc4ebc5b
INT-World Cup,2026,2026-06-25 Ecuador-Germany,Ecuador,Moisés Caicedo,23,CM,24-235,90,0,0,0,0,1,0,0,0,1,0,,1,2,1,0,,,cc4ebc5b
INT-World Cup,2026,2026-06-25 Ecuador-Germany,Ecuador,Nilson Angulo,20,LW,23-006,84,1,0,0,0,1,1,0,0,2,2,,1,0,1,0,,,cc4ebc5b
INT-World Cup,2026,2026-06-25 Ecuador-Germany,Ecuador,Pedro Vite,15,CM,24-108,90,0,1,0,0,0,0,0,0,0,2,,1,6,2,0,,,cc4ebc5b
INT-World Cup,2026,2026-06-25 Ecuador-Germany,Ecuador,Pervis Estupiñán,7,"DF,MF",28-155,20,0,0,0,0,0,0,0,0,1,0,,0,1,0,0,,,cc4ebc5b
INT-World Cup,2026,2026-06-25 Ecuador-Germany,Ecuador,Piero Hincapié,3,LB,24-167,70,0,0,0,0,0,0,1,0,2,0,,2,1,1,0,,,cc4ebc5b
INT-World Cup,2026,2026-06-25 Ecuador-Germany,Ecuador,Willian Pacho,6,CB,24-252,90,0,0,0,0,0,0,0,0,0,1,,0,1,4,0,,,cc4ebc5b
INT-World Cup,2026,2026-06-25 Ecuador-Germany,Ecuador,Ángelo Preciado,17,"DF,MF",28-127,27,0,0,0,0,0,0,0,0,0,0,,0,0,1,0,,,cc4ebc5b
INT-World Cup,2026,2026-06-25 Ecuador-Germany,Germany,Aleksandar Pavlovic,5,DM,22-053,45,0,0,0,0,0,0,1,0,1,2,,0,0,0,0,,,cc4ebc5b
INT-World Cup,2026,2026-06-25 Ecuador-Germany,Germany,Angelo Stiller,16,MF,25-082,45,0,0,0,0,0,0,0,0,0,0,,0,1,1,0,,,cc4ebc5b
INT-World Cup,2026,2026-06-25 Ecuador-Germany,Germany,Antonio Rüdiger,2,CB,33-114,90,0,0,0,0,0,0,0,0,0,0,,0,0,0,0,,,cc4ebc5b
INT-World Cup,2026,2026-06-25 Ecuador-Germany,Germany,David Raum,22,LB,28-064,90,0,0,0,0,0,0,0,0,2,0,,11,1,0,0,,,cc4ebc5b
INT-World Cup,2026,2026-06-25 Ecuador-Germany,Germany,Deniz Undav,26,"FW,MF",29-341,31,0,0,0,0,1,0,0,0,0,0,,0,0,0,0,,,cc4ebc5b
INT-World Cup,2026,2026-06-25 Ecuador-Germany,Germany,Felix Nmecha,23,DM,25-258,63,0,0,0,0,2,0,0,0,0,1,,0,1,0,0,,,cc4ebc5b
INT-World Cup,2026,2026-06-25 Ecuador-Germany,Germany,Florian Wirtz,17,AM,23-053,72,0,1,0,0,3,0,0,0,0,0,,2,1,0,0,,,cc4ebc5b
INT-World Cup,2026,2026-06-25 Ecuador-Germany,Germany,Jamal Musiala,10,AM,23-119,90,0,0,0,0,1,0,0,0,1,5,,1,0,1,0,,,cc4ebc5b
INT-World Cup,2026,2026-06-25 Ecuador-Germany,Germany,Jonathan Tah,4,CB,30-134,90,0,0,0,0,0,0,0,0,1,0,,0,2,0,0,,,cc4ebc5b
INT-World Cup,2026,2026-06-25 Ecuador-Germany,Germany,Joshua Kimmich,6,RB,31-137,59,0,0,0,0,0,0,0,0,0,3,,1,0,1,0,,,cc4ebc5b
INT-World Cup,2026,2026-06-25 Ecuador-Germany,Germany,Kai Havertz,7,FW,27-014,59,0,0,0,0,1,1,0,0,0,0,,0,2,0,0,,,cc4ebc5b
INT-World Cup,2026,2026-06-25 Ecuador-Germany,Germany,Leroy Sané,19,AM,30-165,90,1,0,0,0,2,2,0,0,2,1,,0,1,1,0,,,cc4ebc5b
INT-World Cup,2026,2026-06-25 Ecuador-Germany,Germany,Malick Thiaw,24,"DF,MF",24-321,31,0,0,0,0,0,0,0,0,1,1,,0,2,0,0,,,cc4ebc5b
INT-World Cup,2026,2026-06-25 Ecuador-Germany,Germany,Manuel Neuer,1,GK,40-090,90,0,0,0,0,0,0,0,0,0,0,,0,0,0,0,,,cc4ebc5b
INT-World Cup,2026,2026-06-25 Ecuador-Germany,Germany,Maximilian Beier,14,"FW,MF",23-251,27,0,0,0,0,0,0,0,0,1,1,,0,0,0,0,,,cc4ebc5b
INT-World Cup,2026,2026-06-25 Ecuador-Germany,Germany,Pascal Groß,13,"DF,MF",35-010,18,0,0,0,0,1,0,0,0,1,0,,1,2,0,0,,,cc4ebc5b
INT-World Cup,2026,2026-06-25 Japan-Sweden,Japan,Ao Tanaka,7,DM,27-288,90,0,0,0,0,1,0,0,0,4,2,0,0,1,1,0,,,994aa701
INT-World Cup,2026,2026-06-25 Japan-Sweden,Japan,Ayase Ueda,18,FW,27-288,65,0,0,0,0,1,0,0,0,2,2,1,0,0,0,0,,,994aa701
INT-World Cup,2026,2026-06-25 Japan-Sweden,Japan,Ayumu Seko,20,CB,26-018,74,0,0,0,0,0,0,0,0,0,0,0,0,1,1,0,,,994aa701
INT-World Cup,2026,2026-06-25 Japan-Sweden,Japan,Daichi Kamada,15,DM,29-324,90,0,0,0,0,0,0,0,0,1,3,1,2,0,0,0,,,994aa701
INT-World Cup,2026,2026-06-25 Japan-Sweden,Japan,Daizen Maeda,11,AM,28-248,90,1,0,0,0,2,1,0,0,2,0,1,0,2,0,0,,,994aa701
INT-World Cup,2026,2026-06-25 Japan-Sweden,Japan,Hiroki Ito,21,CB,27-044,90,0,0,0,0,0,0,0,0,3,0,0,3,1,0,0,,,994aa701
INT-World Cup,2026,2026-06-25 Japan-Sweden,Japan,Junya Itō,14,"FW,MF",33-108,24,0,0,0,0,0,0,0,0,0,1,0,1,0,0,0,,,994aa701
INT-World Cup,2026,2026-06-25 Japan-Sweden,Japan,Keito Nakamura,13,DM,25-332,74,0,0,0,0,1,1,0,0,0,0,0,2,0,0,0,,,994aa701
INT-World Cup,2026,2026-06-25 Japan-Sweden,Japan,Ko Itakura,4,CB,29-149,38,0,0,0,0,0,0,0,0,0,0,0,0,0,0,0,,,994aa701
INT-World Cup,2026,2026-06-25 Japan-Sweden,Japan,Kōki Ogawa,19,FW,28-321,25,0,0,0,0,1,0,0,0,1,0,0,0,0,0,0,,,994aa701
INT-World Cup,2026,2026-06-25 Japan-Sweden,Japan,Ritsu Doan,10,AM,28-009,66,0,1,0,0,1,0,0,0,3,2,0,2,0,1,0,,,994aa701
INT-World Cup,2026,2026-06-25 Japan-Sweden,Japan,Shogo Taniguchi,3,"DF,MF",34-345,52,0,0,0,0,0,0,1,0,1,0,0,0,0,0,0,,,994aa701
INT-World Cup,2026,2026-06-25 Japan-Sweden,Japan,Tsuyoshi Watanabe,16,DF,29-140,16,0,0,0,0,0,0,0,0,0,0,0,0,0,0,0,,,994aa701
INT-World Cup,2026,2026-06-25 Japan-Sweden,Japan,Yukinari Sugawara,2,DM,25-362,90,0,0,0,0,1,1,0,0,3,1,0,2,2,0,0,,,994aa701
INT-World Cup,2026,2026-06-25 Japan-Sweden,Japan,Yūto Nagatomo,5,"DF,MF",39-286,16,0,0,0,0,0,0,0,0,0,0,0,1,0,1,0,,,994aa701
INT-World Cup,2026,2026-06-25 Japan-Sweden,Japan,Zion Suzuki,1,GK,23-308,90,0,0,0,0,0,0,0,0,0,0,0,0,0,0,0,,,994aa701
INT-World Cup,2026,2026-06-25 Japan-Sweden,Sweden,Alexander Bernhardsson,21,RM,27-290,74,0,0,0,0,1,1,0,0,2,1,0,0,1,0,0,,,994aa701
INT-World Cup,2026,2026-06-25 Japan-Sweden,Sweden,Alexander Isak,9,FW,26-277,90,0,0,0,0,2,2,0,0,0,0,1,0,0,0,0,,,994aa701
INT-World Cup,2026,2026-06-25 Japan-Sweden,Sweden,Anthony Elanga,11,FW,24-059,90,1,0,0,0,2,2,0,0,0,5,1,3,0,1,0,,,994aa701
INT-World Cup,2026,2026-06-25 Japan-Sweden,Sweden,Benjamin Nygren,10,"FW,MF",24-352,3,0,0,0,0,0,0,0,0,0,0,0,0,0,0,0,,,994aa701
INT-World Cup,2026,2026-06-25 Japan-Sweden,Sweden,Carl Starfelt,15,DF,31-024,4,0,0,0,0,0,0,0,0,0,0,0,0,0,0,0,,,994aa701
INT-World Cup,2026,2026-06-25 Japan-Sweden,Sweden,Daniel Svensson,8,"DF,MF",24-133,16,0,0,0,0,1,0,0,0,0,0,0,0,0,0,0,,,994aa701
INT-World Cup,2026,2026-06-25 Japan-Sweden,Sweden,Elliot Stroud,24,LM,24-003,74,0,0,0,0,0,0,0,0,3,0,0,2,0,1,0,,,994aa701
INT-World Cup,2026,2026-06-25 Japan-Sweden,Sweden,Gabriel Gudmundsson,5,CB,27-057,87,0,0,0,0,0,0,0,0,1,3,0,1,0,1,0,,,994aa701
INT-World Cup,2026,2026-06-25 Japan-Sweden,Sweden,Gustaf Lagerbielke,2,CB,26-076,90,0,0,0,0,2,0,0,0,0,1,0,0,1,1,0,,,994aa701
INT-World Cup,2026,2026-06-25 Japan-Sweden,Sweden,Isak Hien,4,CB,27-163,36,0,0,0,0,0,0,1,0,1,1,0,0,0,0,0,,,994aa701
INT-World Cup,2026,2026-06-25 Japan-Sweden,Sweden,Jacob Widell Zetterström,1,GK,27-349,90,0,0,0,0,0,0,0,0,0,0,0,0,0,0,0,,,994aa701
INT-World Cup,2026,2026-06-25 Japan-Sweden,Sweden,Ken Sema,13,"FW,MF",32-268,16,0,0,0,0,1,0,0,0,0,1,0,0,1,0,0,,,994aa701
INT-World Cup,2026,2026-06-25 Japan-Sweden,Sweden,Lucas Bergvall,7,MF,20-143,54,0,0,0,0,0,0,0,0,2,2,0,2,0,0,0,,,994aa701
INT-World Cup,2026,2026-06-25 Japan-Sweden,Sweden,Victor Lindelöf,3,CM,31-343,86,0,0,0,0,1,0,0,0,0,0,0,0,0,0,0,,,994aa701
INT-World Cup,2026,2026-06-25 Japan-Sweden,Sweden,Viktor Gyökeres,17,FW,28-021,90,0,1,0,0,1,0,1,0,2,2,0,0,0,0,0,,,994aa701
INT-World Cup,2026,2026-06-25 Japan-Sweden,Sweden,Yasin Ayari,18,CM,22-262,90,0,0,0,0,0,0,0,0,0,3,0,8,0,1,0,,,994aa701
INT-World Cup,2026,2026-06-25 Paraguay-Australia,Australia,Aiden O'Neill,13,DM,27-356,90,0,0,0,0,1,0,0,0,0,1,0,1,2,0,0,,,c8fa19f5
INT-World Cup,2026,2026-06-25 Paraguay-Australia,Australia,Ajdin Hrustic,10,MF,29-355,33,0,0,0,0,1,0,0,0,0,0,0,0,0,0,0,,,c8fa19f5
INT-World Cup,2026,2026-06-25 Paraguay-Australia,Australia,Alessandro Circati,3,CB,22-258,90,0,0,0,0,0,0,0,0,1,1,0,0,2,1,0,,,c8fa19f5
INT-World Cup,2026,2026-06-25 Paraguay-Australia,Australia,Aziz Behich,16,DM,35-191,90,0,0,0,0,0,0,0,0,0,2,0,2,2,0,0,,,c8fa19f5
INT-World Cup,2026,2026-06-25 Paraguay-Australia,Australia,Connor Metcalfe,8,AM,26-232,90,0,0,0,0,1,0,0,0,0,0,0,1,3,0,0,,,c8fa19f5
INT-World Cup,2026,2026-06-25 Paraguay-Australia,Australia,Cristian Volpato,20,AM,22-222,57,0,0,0,0,1,1,0,0,1,0,0,5,0,0,0,,,c8fa19f5
INT-World Cup,2026,2026-06-25 Paraguay-Australia,Australia,Harry Souttar,19,CB,27-246,90,0,0,0,0,0,0,0,0,0,0,0,0,0,2,0,,,c8fa19f5
INT-World Cup,2026,2026-06-25 Paraguay-Australia,Australia,Jackson Irvine,22,DM,33-110,83,0,0,0,0,2,1,1,0,1,1,0,1,0,0,0,,,c8fa19f5
INT-World Cup,2026,2026-06-25 Paraguay-Australia,Australia,Jordy Bos,5,DM,23-239,90,0,0,0,0,3,2,0,0,1,3,0,3,2,1,0,,,c8fa19f5
INT-World Cup,2026,2026-06-25 Paraguay-Australia,Australia,Lucas Herrington,25,CB,18-293,90,0,0,0,0,0,0,0,0,1,0,0,0,1,1,0,,,c8fa19f5
INT-World Cup,2026,2026-06-25 Paraguay-Australia,Australia,Nestory Irankunda,17,FW,20-136,83,0,0,0,0,2,0,0,0,1,1,0,0,0,1,0,,,c8fa19f5
INT-World Cup,2026,2026-06-25 Paraguay-Australia,Australia,Patrick Beach,18,GK,22-323,90,0,0,0,0,0,0,0,0,0,0,0,0,0,0,0,,,c8fa19f5
INT-World Cup,2026,2026-06-25 Paraguay-Australia,Australia,Paul Okon-Engstler,24,MF,21-152,7,0,0,0,0,0,0,0,0,0,0,0,0,0,1,0,,,c8fa19f5
INT-World Cup,2026,2026-06-25 Paraguay-Australia,Australia,Tete Yengi,26,FW,25-209,7,0,0,0,0,1,1,0,0,0,0,0,0,0,0,0,,,c8fa19f5
INT-World Cup,2026,2026-06-25 Paraguay-Australia,Paraguay,Alexandro Maidana,26,LB,20-334,45,0,0,0,0,0,0,0,0,0,0,0,1,0,1,0,,,c8fa19f5
INT-World Cup,2026,2026-06-25 Paraguay-Australia,Paraguay,Andrés Cubas,14,CM,30-034,90,0,0,0,0,1,0,0,0,1,1,0,0,2,2,0,,,c8fa19f5
INT-World Cup,2026,2026-06-25 Paraguay-Australia,Paraguay,Damián Bobadilla,16,MF,24-349,1,0,0,0,0,0,0,0,0,0,0,0,0,0,0,0,,,c8fa19f5
INT-World Cup,2026,2026-06-25 Paraguay-Australia,Paraguay,Diego Gómez,8,CM,23-090,89,0,0,0,0,0,0,1,0,2,1,0,1,3,4,0,,,c8fa19f5
INT-World Cup,2026,2026-06-25 Paraguay-Australia,Paraguay,Gabriel Ávalos,21,FW,35-256,66,0,0,0,0,1,0,0,0,0,1,0,0,1,0,0,,,c8fa19f5
INT-World Cup,2026,2026-06-25 Paraguay-Australia,Paraguay,Gustavo Gómez,15,CB,33-050,90,0,0,0,0,0,0,0,0,0,0,0,0,2,0,0,,,c8fa19f5
INT-World Cup,2026,2026-06-25 Paraguay-Australia,Paraguay,Gustavo Velásquez,2,CB,35-069,90,0,0,0,0,0,0,0,0,0,0,0,2,0,0,0,,,c8fa19f5
INT-World Cup,2026,2026-06-25 Paraguay-Australia,Paraguay,José Canale,13,DF,29-340,7,0,0,0,0,0,0,0,0,0,0,0,0,0,0,0,,,c8fa19f5
INT-World Cup,2026,2026-06-25 Paraguay-Australia,Paraguay,Juan Cáceres,4,RB,26-024,90,0,0,0,0,1,0,0,0,2,0,0,2,0,0,0,,,c8fa19f5
INT-World Cup,2026,2026-06-25 Paraguay-Australia,Paraguay,Julio Enciso,19,FW,22-153,90,0,0,0,0,2,0,0,0,1,2,0,0,1,0,0,,,c8fa19f5
INT-World Cup,2026,2026-06-25 Paraguay-Australia,Paraguay,Júnior Alonso,6,DF,33-136,1,0,0,0,0,0,0,0,0,0,0,0,0,0,0,0,,,c8fa19f5
INT-World Cup,2026,2026-06-25 Paraguay-Australia,Paraguay,Matías Galarza,23,CM,24-134,89,0,0,0,0,0,0,0,0,1,0,0,1,5,1,0,,,c8fa19f5
INT-World Cup,2026,2026-06-25 Paraguay-Australia,Paraguay,Mauricio,11,MF,25-034,45,0,0,0,0,2,2,0,0,2,0,0,0,2,0,0,,,c8fa19f5
INT-World Cup,2026,2026-06-25 Paraguay-Australia,Paraguay,Omar Alderete,3,CB,29-181,83,0,0,0,0,0,0,0,0,0,1,0,0,0,0,0,,,c8fa19f5
INT-World Cup,2026,2026-06-25 Paraguay-Australia,Paraguay,Orlando Gill,12,GK,26-014,90,0,0,0,0,0,0,0,0,0,0,0,0,0,0,0,,,c8fa19f5
INT-World Cup,2026,2026-06-25 Paraguay-Australia,Paraguay,Álex Arce,18,FW,31-009,24,0,0,0,0,0,0,0,0,0,0,0,0,0,0,0,,,c8fa19f5
INT-World Cup,2026,2026-06-25 Tunisia-Netherlands,Netherlands,Bart Verbruggen,1,GK,23-311,90,0,0,0,0,0,0,0,0,0,0,0,0,0,0,0,,,63b14e23
INT-World Cup,2026,2026-06-25 Tunisia-Netherlands,Netherlands,Brian Brobbey,19,FW,24-144,76,1,0,0,0,2,1,0,0,1,0,0,0,1,0,0,,,63b14e23
INT-World Cup,2026,2026-06-25 Tunisia-Netherlands,Netherlands,Cody Gakpo,11,FW,27-049,83,0,0,0,0,2,0,0,0,0,0,1,4,0,0,0,,,63b14e23
INT-World Cup,2026,2026-06-25 Tunisia-Netherlands,Netherlands,Crysencio Summerville,24,"FW,MF",24-238,19,0,0,0,0,0,0,0,0,0,0,0,1,0,1,0,,,63b14e23
INT-World Cup,2026,2026-06-25 Tunisia-Netherlands,Netherlands,Denzel Dumfries,22,RB,30-068,90,0,0,0,0,4,2,0,0,0,1,0,7,1,0,0,,,63b14e23
INT-World Cup,2026,2026-06-25 Tunisia-Netherlands,Netherlands,Donyell Malen,18,FW,27-167,71,0,0,0,0,2,0,0,0,0,2,0,3,0,0,0,,,63b14e23
INT-World Cup,2026,2026-06-25 Tunisia-Netherlands,Netherlands,Frenkie de Jong,21,DM,29-044,71,0,0,0,0,1,0,0,0,1,1,0,1,0,3,0,,,63b14e23
INT-World Cup,2026,2026-06-25 Tunisia-Netherlands,Netherlands,Jan Paul van Hecke,6,CB,26-017,90,1,0,0,0,2,1,0,0,2,0,0,0,1,1,0,,,63b14e23
INT-World Cup,2026,2026-06-25 Tunisia-Netherlands,Netherlands,Justin Kluivert,7,"FW,MF",27-051,19,0,0,0,0,0,0,0,0,0,2,0,1,0,0,0,,,63b14e23
INT-World Cup,2026,2026-06-25 Tunisia-Netherlands,Netherlands,Memphis,10,"FW,MF",32-132,14,0,0,0,0,0,0,0,0,0,0,0,0,0,0,0,,,63b14e23
INT-World Cup,2026,2026-06-25 Tunisia-Netherlands,Netherlands,Nathan Aké,5,LB,31-127,90,0,0,0,0,1,0,0,0,2,2,0,1,0,2,0,,,63b14e23
INT-World Cup,2026,2026-06-25 Tunisia-Netherlands,Netherlands,Noa Lang,17,"FW,MF",27-008,7,0,0,0,0,0,0,0,0,0,0,0,0,0,0,0,,,63b14e23
INT-World Cup,2026,2026-06-25 Tunisia-Netherlands,Netherlands,Ryan Gravenberch,8,CM,24-040,90,0,0,0,0,2,0,0,0,2,1,0,1,0,2,0,,,63b14e23
INT-World Cup,2026,2026-06-25 Tunisia-Netherlands,Netherlands,Teun Koopmeiners,20,"DF,MF",28-117,19,0,0,0,0,0,0,0,0,1,0,0,2,0,0,0,,,63b14e23
INT-World Cup,2026,2026-06-25 Tunisia-Netherlands,Netherlands,Tijjani Reijnders,14,CM,27-331,71,0,1,0,0,3,2,0,0,0,1,0,7,0,0,0,,,63b14e23
INT-World Cup,2026,2026-06-25 Tunisia-Netherlands,Netherlands,Virgil van Dijk,4,CB,34-352,90,0,1,0,0,1,1,0,0,1,1,0,0,1,1,0,,,63b14e23
INT-World Cup,2026,2026-06-25 Tunisia-Netherlands,Tunisia,Ali Abdi,2,LB,32-187,90,0,0,0,0,1,0,0,0,0,0,0,0,2,1,0,,,63b14e23
INT-World Cup,2026,2026-06-25 Tunisia-Netherlands,Tunisia,Anis Ben Slimane,25,RM,25-101,67,0,0,0,0,1,1,0,0,0,0,0,3,0,1,0,,,63b14e23
INT-World Cup,2026,2026-06-25 Tunisia-Netherlands,Tunisia,Aymen Dahmen,16,GK,29-148,90,0,0,0,0,0,0,0,0,0,0,0,0,0,0,0,,,63b14e23
INT-World Cup,2026,2026-06-25 Tunisia-Netherlands,Tunisia,Elias Achouri,7,"FW,MF",27-135,23,0,0,0,0,2,0,0,0,0,0,0,0,1,0,0,,,63b14e23
INT-World Cup,2026,2026-06-25 Tunisia-Netherlands,Tunisia,Ellyes Skhiri,17,CB,31-046,90,0,0,0,0,0,0,0,0,0,1,0,0,0,0,1,,,63b14e23
INT-World Cup,2026,2026-06-25 Tunisia-Netherlands,Tunisia,Firas Chaouat,19,FW,30-048,16,0,0,0,0,0,0,0,0,1,0,1,0,0,0,0,,,63b14e23
INT-World Cup,2026,2026-06-25 Tunisia-Netherlands,Tunisia,Hadj Mahmoud,15,MF,26-062,24,0,0,0,0,0,0,0,0,2,0,0,0,0,0,0,,,63b14e23
INT-World Cup,2026,2026-06-25 Tunisia-Netherlands,Tunisia,Hannibal Mejbri,10,LM,23-155,90,0,1,0,0,1,1,0,0,1,5,0,4,1,1,0,,,63b14e23
INT-World Cup,2026,2026-06-25 Tunisia-Netherlands,Tunisia,Hazem Mastouri,9,FW,29-007,89,1,0,0,0,3,2,0,0,2,2,0,1,0,1,0,,,63b14e23
INT-World Cup,2026,2026-06-25 Tunisia-Netherlands,Tunisia,Ismaël Gharbi,11,CM,22-076,74,0,0,0,0,2,0,0,0,0,0,0,0,1,0,0,,,63b14e23
INT-World Cup,2026,2026-06-25 Tunisia-Netherlands,Tunisia,Mohamed Amine Ben Hamida,21,CB,30-192,67,0,0,0,0,0,0,0,0,3,0,0,0,3,1,0,,,63b14e23
INT-World Cup,2026,2026-06-25 Tunisia-Netherlands,Tunisia,Montassar Talbi,3,CB,28-030,90,0,0,0,0,0,0,0,0,0,0,0,0,0,1,0,,,63b14e23
INT-World Cup,2026,2026-06-25 Tunisia-Netherlands,Tunisia,Mortadha Ben Ouanes,12,"DF,MF",31-358,23,0,0,0,0,0,0,0,0,0,1,0,0,0,0,0,,,63b14e23
INT-World Cup,2026,2026-06-25 Tunisia-Netherlands,Tunisia,Rani Khedira,13,CM,32-149,66,0,0,0,0,0,0,0,0,2,0,0,0,1,0,0,,,63b14e23
INT-World Cup,2026,2026-06-25 Tunisia-Netherlands,Tunisia,Sebastian Tounekti,26,"FW,MF",23-347,1,0,0,0,0,0,0,0,0,0,0,0,1,0,0,0,,,63b14e23
INT-World Cup,2026,2026-06-25 Tunisia-Netherlands,Tunisia,Yan Valery,20,RB,27-123,90,0,0,0,0,0,0,0,0,0,0,1,4,0,2,0,,,63b14e23
INT-World Cup,2026,2026-06-25 Türkiye-USA,Türkiye,Abdülkerim Bardakcı,14,CB,31-291,90,0,0,0,0,1,0,0,0,0,1,0,0,3,1,0,,,358fd0fc
INT-World Cup,2026,2026-06-25 Türkiye-USA,Türkiye,Arda Güler,8,RM,21-120,90,1,0,0,0,1,1,0,0,3,2,1,1,1,0,0,,,358fd0fc
INT-World Cup,2026,2026-06-25 Türkiye-USA,Türkiye,Barış Alper Yılmaz,21,FW,26-033,89,1,1,0,0,1,1,0,0,2,1,1,1,0,0,0,,,358fd0fc
INT-World Cup,2026,2026-06-25 Türkiye-USA,Türkiye,Can Uzun,26,MF,20-226,7,0,1,0,0,1,0,0,0,0,0,0,0,0,0,0,,,358fd0fc
INT-World Cup,2026,2026-06-25 Türkiye-USA,Türkiye,Eren Elmalı,13,LB,25-353,90,0,0,0,0,0,0,0,0,0,1,0,1,1,2,0,,,358fd0fc
INT-World Cup,2026,2026-06-25 Türkiye-USA,Türkiye,Kaan Ayhan,22,"DF,MF",31-227,3,1,0,0,0,1,1,0,0,0,0,0,0,0,0,0,,,358fd0fc
INT-World Cup,2026,2026-06-25 Türkiye-USA,Türkiye,Kenan Yıldız,11,LM,21-052,83,0,0,0,0,2,0,0,0,1,2,0,0,1,0,0,,,358fd0fc
INT-World Cup,2026,2026-06-25 Türkiye-USA,Türkiye,Mert Müldür,18,DF,27-083,1,0,0,0,0,0,0,0,0,0,0,0,1,0,0,0,,,358fd0fc
INT-World Cup,2026,2026-06-25 Türkiye-USA,Türkiye,Orkun Kökçü,6,CM,25-178,87,0,1,0,0,2,0,0,0,2,1,0,1,1,0,0,,,358fd0fc
INT-World Cup,2026,2026-06-25 Türkiye-USA,Türkiye,Ozan Kabak,15,CB,26-092,90,0,0,0,0,0,0,0,0,3,0,0,1,2,0,0,,,358fd0fc
INT-World Cup,2026,2026-06-25 Türkiye-USA,Türkiye,Oğuz Aydın,24,RB,25-241,89,0,0,0,0,0,0,0,0,0,2,0,3,6,0,0,,,358fd0fc
INT-World Cup,2026,2026-06-25 Türkiye-USA,Türkiye,Salih Özcan,5,CM,28-165,90,0,0,0,0,0,0,0,0,2,1,0,1,1,4,0,,,358fd0fc
INT-World Cup,2026,2026-06-25 Türkiye-USA,Türkiye,Uğurcan Çakır,23,GK,30-081,90,0,0,0,0,0,0,0,0,0,0,0,0,0,0,0,,,358fd0fc
INT-World Cup,2026,2026-06-25 Türkiye-USA,Türkiye,Zeki Çelik,2,CB,29-128,83,0,0,0,0,0,0,0,0,0,0,0,1,3,1,0,,,358fd0fc
INT-World Cup,2026,2026-06-25 Türkiye-USA,Türkiye,Çağlar Söyüncü,4,DF,30-033,7,0,0,0,0,0,0,0,0,0,0,0,0,0,0,0,,,358fd0fc
INT-World Cup,2026,2026-06-25 Türkiye-USA,Türkiye,İrfan Can Kahveci,17,MF,30-345,1,0,0,0,0,0,0,0,0,0,0,0,0,1,0,0,,,358fd0fc
INT-World Cup,2026,2026-06-25 Türkiye-USA,United States,Alejandro Zendejas,26,"FW,MF",28-138,14,0,0,0,0,1,0,0,0,1,0,0,1,1,0,0,,,358fd0fc
INT-World Cup,2026,2026-06-25 Türkiye-USA,United States,Alex Freeman,16,DF,21-320,14,0,0,0,0,0,0,0,0,0,0,0,0,1,0,0,,,358fd0fc
INT-World Cup,2026,2026-06-25 Türkiye-USA,United States,Auston Trusty,6,LB,27-317,90,1,0,0,0,3,2,0,0,2,0,0,1,1,4,0,,,358fd0fc
INT-World Cup,2026,2026-06-25 Türkiye-USA,United States,Brenden Aaronson,11,AM,25-246,76,0,0,0,0,3,1,0,0,2,1,0,1,1,0,0,,,358fd0fc
INT-World Cup,2026,2026-06-25 Türkiye-USA,United States,Christian Pulisic,10,"FW,MF",27-280,33,0,0,0,0,3,2,0,0,0,3,1,0,0,0,0,,,358fd0fc
INT-World Cup,2026,2026-06-25 Türkiye-USA,United States,Gio Reyna,7,AM,23-224,75,0,0,0,0,1,0,0,0,0,1,0,1,0,0,0,,,358fd0fc
INT-World Cup,2026,2026-06-25 Türkiye-USA,United States,Joe Scally,23,RB,23-176,76,0,0,0,0,0,0,0,0,0,1,1,4,1,1,0,,,358fd0fc
INT-World Cup,2026,2026-06-25 Türkiye-USA,United States,Malik Tillman,17,"FW,MF",24-028,5,0,0,0,0,0,0,0,0,0,0,0,0,0,0,0,,,358fd0fc
INT-World Cup,2026,2026-06-25 Türkiye-USA,United States,Mark McKenzie,22,CB,27-120,90,0,0,0,0,0,0,0,0,1,1,0,0,1,1,0,,,358fd0fc
INT-World Cup,2026,2026-06-25 Türkiye-USA,United States,Matt Turner,1,GK,32-001,90,0,0,0,0,0,0,0,0,0,0,0,0,0,0,0,,,358fd0fc
INT-World Cup,2026,2026-06-25 Türkiye-USA,United States,Miles Robinson,12,CB,29-103,90,0,0,0,0,1,0,0,0,2,0,0,0,1,1,0,,,358fd0fc
INT-World Cup,2026,2026-06-25 Türkiye-USA,United States,Ricardo Pepi,9,FW,23-167,90,0,0,0,0,2,0,0,0,1,2,1,0,0,0,0,,,358fd0fc
INT-World Cup,2026,2026-06-25 Türkiye-USA,United States,Sebastian Berhalter,14,DM,25-046,90,1,1,0,0,1,1,1,0,3,4,0,8,0,2,0,,,358fd0fc
INT-World Cup,2026,2026-06-25 Türkiye-USA,United States,Sergiño Dest,2,"DF,MF",25-234,15,0,0,0,0,0,0,0,0,0,0,0,0,0,1,0,,,358fd0fc
INT-World Cup,2026,2026-06-25 Türkiye-USA,United States,Timothy Weah,21,AM,26-123,57,0,0,0,0,0,0,0,0,0,0,2,0,0,0,0,,,358fd0fc
INT-World Cup,2026,2026-06-25 Türkiye-USA,United States,Weston McKennie,8,DM,27-301,85,0,0,0,0,3,1,0,0,1,0,0,2,2,1,0,,,358fd0fc
INT-World Cup,2026,2026-06-26 Cabo Verde-Saudi Arabia,Cabo Verde,Dailon Livramento,19,FW,25-053,60,0,0,0,0,0,0,0,0,0,0,0,1,0,0,0,,,8d6d70b6
INT-World Cup,2026,2026-06-26 Cabo Verde-Saudi Arabia,Cabo Verde,Deroy Duarte,14,CM,26-357,90,0,0,0,0,1,0,0,0,0,1,0,0,3,1,0,,,8d6d70b6
INT-World Cup,2026,2026-06-26 Cabo Verde-Saudi Arabia,Cabo Verde,Diney,3,CB,31-160,90,0,0,0,0,0,0,0,0,1,0,0,0,1,0,0,,,8d6d70b6
INT-World Cup,2026,2026-06-26 Cabo Verde-Saudi Arabia,Cabo Verde,Garry Rodrigues,11,"FW,MF",35-211,19,0,0,0,0,1,0,0,0,0,0,2,1,1,0,0,,,8d6d70b6
INT-World Cup,2026,2026-06-26 Cabo Verde-Saudi Arabia,Cabo Verde,Hélio Varela,26,FW,24-054,30,0,0,0,0,0,0,0,0,1,1,0,0,0,0,0,,,8d6d70b6
INT-World Cup,2026,2026-06-26 Cabo Verde-Saudi Arabia,Cabo Verde,Jamiro Monteiro,10,CM,32-215,70,0,0,0,0,2,1,0,0,2,0,0,4,0,0,0,,,8d6d70b6
INT-World Cup,2026,2026-06-26 Cabo Verde-Saudi Arabia,Cabo Verde,João Paulo Fernandes,8,LB,28-031,90,0,0,0,0,2,0,0,0,0,3,0,5,1,4,0,,,8d6d70b6
INT-World Cup,2026,2026-06-26 Cabo Verde-Saudi Arabia,Cabo Verde,Kevin Pina,6,DM,29-150,90,0,0,0,0,2,0,0,0,2,2,0,2,2,1,0,,,8d6d70b6
INT-World Cup,2026,2026-06-26 Cabo Verde-Saudi Arabia,Cabo Verde,Laros Duarte,15,MF,29-118,20,0,0,0,0,1,1,0,0,0,0,0,1,0,1,0,,,8d6d70b6
INT-World Cup,2026,2026-06-26 Cabo Verde-Saudi Arabia,Cabo Verde,Nuno da Costa,21,"FW,MF",35-136,30,0,0,0,0,1,0,0,0,0,1,0,0,1,0,0,,,8d6d70b6
INT-World Cup,2026,2026-06-26 Cabo Verde-Saudi Arabia,Cabo Verde,Pico,4,CB,34-009,90,0,0,0,0,1,0,0,0,0,2,0,0,2,2,0,,,8d6d70b6
INT-World Cup,2026,2026-06-26 Cabo Verde-Saudi Arabia,Cabo Verde,Ryan Mendes,20,FW,36-169,71,0,0,0,0,1,0,0,0,1,0,0,1,1,1,0,,,8d6d70b6
INT-World Cup,2026,2026-06-26 Cabo Verde-Saudi Arabia,Cabo Verde,Steven Moreira,22,"DF,MF",31-317,1,0,0,0,0,0,0,0,0,0,0,0,0,0,0,0,,,8d6d70b6
INT-World Cup,2026,2026-06-26 Cabo Verde-Saudi Arabia,Cabo Verde,Vozinha,1,GK,40-023,90,0,0,0,0,0,0,0,0,0,0,0,0,0,0,0,,,8d6d70b6
INT-World Cup,2026,2026-06-26 Cabo Verde-Saudi Arabia,Cabo Verde,Wagner Pina,24,RB,23-235,89,0,0,0,0,1,0,1,0,1,3,0,2,0,1,0,,,8d6d70b6
INT-World Cup,2026,2026-06-26 Cabo Verde-Saudi Arabia,Cabo Verde,Willy Semedo,17,FW,32-060,60,0,0,0,0,2,0,0,0,2,2,0,1,0,2,0,,,8d6d70b6
INT-World Cup,2026,2026-06-26 Cabo Verde-Saudi Arabia,Saudi Arabia,Abdulelah Al-Amri,4,CB,29-162,90,0,0,0,0,1,0,0,0,0,0,0,1,1,1,0,,,8d6d70b6
INT-World Cup,2026,2026-06-26 Cabo Verde-Saudi Arabia,Saudi Arabia,Abdullah Al-Hamdan,19,FW,26-286,25,0,0,0,0,1,1,0,0,2,0,0,0,0,0,0,,,8d6d70b6
INT-World Cup,2026,2026-06-26 Cabo Verde-Saudi Arabia,Saudi Arabia,Abdullah Al-Khaibari,15,DM,29-314,45,0,0,0,0,0,0,0,0,0,2,0,0,0,0,0,,,8d6d70b6
INT-World Cup,2026,2026-06-26 Cabo Verde-Saudi Arabia,Saudi Arabia,Ali Lajami,3,DF,30-063,58,0,0,0,0,0,0,0,0,0,1,0,0,1,1,0,,,8d6d70b6
INT-World Cup,2026,2026-06-26 Cabo Verde-Saudi Arabia,Saudi Arabia,Firas Al-Buraikan,9,FW,26-043,90,0,0,0,0,0,0,1,0,1,1,0,0,0,0,0,,,8d6d70b6
INT-World Cup,2026,2026-06-26 Cabo Verde-Saudi Arabia,Saudi Arabia,Hassan Al Tambakti,5,CB,27-137,32,0,0,0,0,0,0,0,0,0,0,0,0,1,1,0,,,8d6d70b6
INT-World Cup,2026,2026-06-26 Cabo Verde-Saudi Arabia,Saudi Arabia,Mohamed Kanno,23,AM,31-277,90,0,0,0,0,1,1,0,0,4,0,0,0,3,1,0,,,8d6d70b6
INT-World Cup,2026,2026-06-26 Cabo Verde-Saudi Arabia,Saudi Arabia,Mohammed Abu Al-Shamat,26,"DF,MF",23-319,25,0,0,0,0,1,1,0,0,0,0,0,0,0,1,0,,,8d6d70b6
INT-World Cup,2026,2026-06-26 Cabo Verde-Saudi Arabia,Saudi Arabia,Mohammed Al-Owais,21,GK,34-259,90,0,0,0,0,0,0,0,0,0,0,0,0,0,0,0,,,8d6d70b6
INT-World Cup,2026,2026-06-26 Cabo Verde-Saudi Arabia,Saudi Arabia,Moteb Al-Harbi,24,DF,26-126,9,0,0,0,0,0,0,0,0,0,0,0,0,0,0,0,,,8d6d70b6
INT-World Cup,2026,2026-06-26 Cabo Verde-Saudi Arabia,Saudi Arabia,Musab Al Juwayr,7,MF,23-006,45,0,0,0,0,0,0,0,0,0,0,0,4,0,0,0,,,8d6d70b6
INT-World Cup,2026,2026-06-26 Cabo Verde-Saudi Arabia,Saudi Arabia,Nasser Al-Dawsari,6,DM,27-189,90,0,0,0,0,1,0,1,0,4,1,0,1,1,2,0,,,8d6d70b6
INT-World Cup,2026,2026-06-26 Cabo Verde-Saudi Arabia,Saudi Arabia,Nawaf Boushal,13,LB,26-283,81,0,0,0,0,0,0,0,0,0,1,0,0,0,1,0,,,8d6d70b6
INT-World Cup,2026,2026-06-26 Cabo Verde-Saudi Arabia,Saudi Arabia,Salem Al-Dawsari,10,AM,34-311,65,0,0,0,0,1,0,0,0,2,1,0,1,0,1,0,,,8d6d70b6
INT-World Cup,2026,2026-06-26 Cabo Verde-Saudi Arabia,Saudi Arabia,Saud Abdulhamid,12,RB,26-343,90,0,0,0,0,1,0,1,0,2,1,0,3,5,1,0,,,8d6d70b6
INT-World Cup,2026,2026-06-26 Cabo Verde-Saudi Arabia,Saudi Arabia,Sultan Mendash,20,AM,31-252,65,0,0,0,0,0,0,0,0,1,2,0,0,3,0,0,,,8d6d70b6
INT-World Cup,2026,2026-06-26 Egypt-IR Iran,Egypt,Ahmed Fatouh,13,LB,28-096,90,0,0,0,0,0,0,0,0,0,1,0,3,0,1,0,,,acc93b55
INT-World Cup,2026,2026-06-26 Egypt-IR Iran,Egypt,Emam Ashour,8,RW,28-126,45,0,0,0,0,0,0,0,0,0,0,0,2,1,1,0,,,acc93b55
INT-World Cup,2026,2026-06-26 Egypt-IR Iran,Egypt,Hamza Abdelkarim,9,FW,18-176,15,0,0,0,0,0,0,0,0,0,0,0,0,0,0,0,,,acc93b55
INT-World Cup,2026,2026-06-26 Egypt-IR Iran,Egypt,Mahmoud Saber,21,CM,24-331,45,1,0,0,0,3,1,1,0,2,1,0,1,0,0,0,,,acc93b55
INT-World Cup,2026,2026-06-26 Egypt-IR Iran,Egypt,Marwan Attia,19,MF,27-318,45,0,0,0,0,0,0,0,0,0,1,0,0,0,1,0,,,acc93b55
INT-World Cup,2026,2026-06-26 Egypt-IR Iran,Egypt,Mohamed Abdelmonem,6,CB,27-145,13,0,0,0,0,0,0,0,0,1,0,0,0,0,0,0,,,acc93b55
INT-World Cup,2026,2026-06-26 Egypt-IR Iran,Egypt,Mohamed Hany,3,RB,30-152,90,0,0,0,0,1,0,0,0,0,1,0,3,3,2,0,,,acc93b55
INT-World Cup,2026,2026-06-26 Egypt-IR Iran,Egypt,Mohamed Salah,10,FW,34-011,56,0,0,0,0,1,0,0,0,1,2,0,2,0,0,0,,,acc93b55
INT-World Cup,2026,2026-06-26 Egypt-IR Iran,Egypt,Mohanad Lasheen,17,CM,30-028,90,0,0,0,0,2,0,1,0,1,2,0,0,0,0,0,,,acc93b55
INT-World Cup,2026,2026-06-26 Egypt-IR Iran,Egypt,Mostafa Shobeir,23,GK,26-042,90,0,0,0,0,0,0,0,0,0,1,0,0,0,0,0,,,acc93b55
INT-World Cup,2026,2026-06-26 Egypt-IR Iran,Egypt,Mostafa Ziko,11,FW,29-060,75,0,0,0,0,1,0,0,0,2,1,0,0,0,0,0,,,acc93b55
INT-World Cup,2026,2026-06-26 Egypt-IR Iran,Egypt,Omar Marmoush,22,"FW,MF",27-139,45,0,0,0,0,1,0,0,0,1,2,0,1,2,1,0,,,acc93b55
INT-World Cup,2026,2026-06-26 Egypt-IR Iran,Egypt,Ramy Rabia,5,CB,33-037,90,0,0,0,0,0,0,0,0,0,0,0,0,0,0,0,,,acc93b55
INT-World Cup,2026,2026-06-26 Egypt-IR Iran,Egypt,Trézéguet,7,LW,31-268,90,0,1,0,0,5,2,0,0,1,2,0,0,0,1,0,,,acc93b55
INT-World Cup,2026,2026-06-26 Egypt-IR Iran,Egypt,Yasser Ibrahim,2,DF,33-136,77,0,0,0,0,0,0,1,0,1,1,0,0,3,0,0,,,acc93b55
INT-World Cup,2026,2026-06-26 Egypt-IR Iran,Egypt,Zizo,25,MF,30-167,34,0,0,0,0,1,0,0,0,1,0,0,3,1,0,0,,,acc93b55
INT-World Cup,2026,2026-06-26 Egypt-IR Iran,IR Iran,Ali Nemati,19,CB,30-138,90,0,0,0,0,0,0,1,0,2,0,0,2,1,0,0,,,acc93b55
INT-World Cup,2026,2026-06-26 Egypt-IR Iran,IR Iran,Alireza Beiranvand,1,GK,33-278,90,0,0,0,0,0,0,0,0,0,0,0,0,0,0,0,,,acc93b55
INT-World Cup,2026,2026-06-26 Egypt-IR Iran,IR Iran,Alireza Jahanbakhsh,7,"FW,MF",32-319,1,0,0,0,0,0,0,0,0,0,0,0,1,0,0,0,,,acc93b55
INT-World Cup,2026,2026-06-26 Egypt-IR Iran,IR Iran,Hossein Kanaanizadegan,13,CB,32-095,45,0,0,0,0,0,0,1,0,1,0,0,0,0,0,0,,,acc93b55
INT-World Cup,2026,2026-06-26 Egypt-IR Iran,IR Iran,Mehdi Taremi,9,FW,33-343,90,0,0,0,1,2,1,0,0,1,2,0,0,2,1,0,,,acc93b55
INT-World Cup,2026,2026-06-26 Egypt-IR Iran,IR Iran,Milad Mohammadi,5,LB,32-270,90,0,0,0,0,1,1,0,0,1,1,1,0,2,1,0,,,acc93b55
INT-World Cup,2026,2026-06-26 Egypt-IR Iran,IR Iran,Mohammad Ghorbani,21,CM,25-036,90,0,0,0,0,2,1,0,0,2,1,0,0,2,2,0,,,acc93b55
INT-World Cup,2026,2026-06-26 Egypt-IR Iran,IR Iran,Mohammad Mohebi,8,LM,27-188,89,0,0,0,0,0,0,0,0,1,0,0,1,1,0,0,,,acc93b55
INT-World Cup,2026,2026-06-26 Egypt-IR Iran,IR Iran,Ramin Rezaeian,23,RB,36-097,90,1,0,0,0,3,1,0,0,2,1,1,4,3,1,0,,,acc93b55
INT-World Cup,2026,2026-06-26 Egypt-IR Iran,IR Iran,Saeid Ezatolahi,6,CM,29-268,90,0,0,0,0,2,0,1,0,3,4,0,0,2,0,0,,,acc93b55
INT-World Cup,2026,2026-06-26 Egypt-IR Iran,IR Iran,Saleh Hardani,2,DF,27-182,45,0,0,0,0,0,0,0,0,0,1,0,1,2,1,0,,,acc93b55
INT-World Cup,2026,2026-06-26 Egypt-IR Iran,IR Iran,Saman Ghoddos,14,RM,32-293,66,0,0,0,0,2,0,0,0,2,0,0,1,1,1,0,,,acc93b55
INT-World Cup,2026,2026-06-26 Egypt-IR Iran,IR Iran,Shahriar Moghanlou,20,MF,31-187,24,0,0,0,0,0,0,0,0,0,0,0,0,0,0,0,,,acc93b55
INT-World Cup,2026,2026-06-26 Egypt-IR Iran,IR Iran,Shoja' Khalilzadeh,4,CB,37-043,90,0,0,0,0,1,0,1,0,1,0,1,0,0,1,0,,,acc93b55
INT-World Cup,2026,2026-06-26 New Zealand-Belgium,Belgium,Alexis Saelemaekers,22,MF,26-364,19,1,0,0,0,2,1,0,0,0,2,1,0,1,0,0,,,f527457d
INT-World Cup,2026,2026-06-26 New Zealand-Belgium,Belgium,Amadou Onana,24,MF,24-314,19,0,0,0,0,2,0,0,0,0,0,0,0,1,1,0,,,f527457d
INT-World Cup,2026,2026-06-26 New Zealand-Belgium,Belgium,Arthur Theate,3,CB,26-032,90,0,0,0,0,4,1,0,0,0,0,0,0,0,2,0,,,f527457d
INT-World Cup,2026,2026-06-26 New Zealand-Belgium,Belgium,Brandon Mechele,4,CB,33-149,90,0,0,0,0,1,0,0,0,2,0,0,0,1,0,0,,,f527457d
INT-World Cup,2026,2026-06-26 New Zealand-Belgium,Belgium,Charles De Ketelaere,17,FW,25-108,84,0,0,0,0,1,1,0,0,2,1,0,0,2,0,0,,,f527457d
INT-World Cup,2026,2026-06-26 New Zealand-Belgium,Belgium,Hans Vanaken,20,DM,33-306,90,0,1,0,0,2,0,0,0,0,2,0,0,0,0,0,,,f527457d
INT-World Cup,2026,2026-06-26 New Zealand-Belgium,Belgium,Jeremy Doku,11,AM,24-030,55,0,0,0,0,2,1,0,0,0,1,0,1,0,0,0,,,f527457d
INT-World Cup,2026,2026-06-26 New Zealand-Belgium,Belgium,Kevin De Bruyne,7,AM,34-363,71,1,0,0,0,7,2,0,0,0,0,0,4,1,0,0,,,f527457d
INT-World Cup,2026,2026-06-26 New Zealand-Belgium,Belgium,Leandro Trossard,10,AM,31-204,71,2,0,0,0,7,2,0,0,1,1,0,0,0,1,0,,,f527457d
INT-World Cup,2026,2026-06-26 New Zealand-Belgium,Belgium,Matias Fernandez-Pardo,26,"FW,MF",21-143,35,0,0,0,0,2,0,0,0,0,0,0,2,1,0,0,,,f527457d
INT-World Cup,2026,2026-06-26 New Zealand-Belgium,Belgium,Maxim De Cuyper,5,LB,25-186,90,0,0,0,0,2,1,0,0,1,0,0,3,1,2,0,,,f527457d
INT-World Cup,2026,2026-06-26 New Zealand-Belgium,Belgium,Nicolas Raskin,23,MF,25-123,6,0,1,0,0,0,0,0,0,0,0,0,1,0,0,0,,,f527457d
INT-World Cup,2026,2026-06-26 New Zealand-Belgium,Belgium,Romelu Lukaku,9,FW,33-044,6,1,1,0,0,1,1,0,0,0,0,0,0,0,0,0,,,f527457d
INT-World Cup,2026,2026-06-26 New Zealand-Belgium,Belgium,Thibaut Courtois,1,GK,34-046,90,0,0,0,0,0,0,0,0,0,0,0,0,0,0,0,,,f527457d
INT-World Cup,2026,2026-06-26 New Zealand-Belgium,Belgium,Timothy Castagne,21,RB,30-203,90,0,0,0,0,1,0,0,0,0,0,0,5,0,4,0,,,f527457d
INT-World Cup,2026,2026-06-26 New Zealand-Belgium,Belgium,Youri Tielemans,8,DM,29-050,84,0,0,0,0,1,0,0,0,1,3,0,0,0,0,0,,,f527457d
INT-World Cup,2026,2026-06-26 New Zealand-Belgium,New Zealand,Ben Old,19,MF,23-317,45,0,0,0,0,0,0,0,0,0,0,0,0,0,1,0,,,f527457d
INT-World Cup,2026,2026-06-26 New Zealand-Belgium,New Zealand,Callum McCowatt,20,"FW,MF",27-057,27,0,0,0,0,0,0,0,0,2,0,0,1,0,0,0,,,f527457d
INT-World Cup,2026,2026-06-26 New Zealand-Belgium,New Zealand,Chris Wood,9,FW,34-201,90,0,0,0,0,0,0,0,0,1,1,1,0,1,0,0,,,f527457d
INT-World Cup,2026,2026-06-26 New Zealand-Belgium,New Zealand,Elijah Just,11,AM,26-056,90,1,0,0,0,3,2,1,0,1,0,0,1,1,1,0,,,f527457d
INT-World Cup,2026,2026-06-26 New Zealand-Belgium,New Zealand,Finn Surman,16,CB,22-276,90,0,0,0,0,0,0,0,0,1,1,0,0,0,0,0,,,f527457d
INT-World Cup,2026,2026-06-26 New Zealand-Belgium,New Zealand,Francis de Vries,3,DF,31-210,12,0,0,0,0,0,0,0,0,0,0,0,0,0,1,0,,,f527457d
INT-World Cup,2026,2026-06-26 New Zealand-Belgium,New Zealand,Jesse Randall,21,MF,23-311,45,0,0,0,0,1,0,0,0,0,1,0,4,0,0,0,,,f527457d
INT-World Cup,2026,2026-06-26 New Zealand-Belgium,New Zealand,Joe Bell,6,DM,27-060,63,0,0,0,0,0,0,0,0,0,0,0,0,0,1,0,,,f527457d
INT-World Cup,2026,2026-06-26 New Zealand-Belgium,New Zealand,Liberato Cacace,13,LB,25-272,78,0,0,0,0,0,0,0,0,0,1,0,5,1,1,0,,,f527457d
INT-World Cup,2026,2026-06-26 New Zealand-Belgium,New Zealand,Marko Stamenic,8,DM,24-127,90,0,0,0,0,0,0,1,0,2,0,0,1,0,0,0,,,f527457d
INT-World Cup,2026,2026-06-26 New Zealand-Belgium,New Zealand,Max Crocombe,1,GK,32-318,90,0,0,0,0,0,0,0,0,0,0,0,0,0,0,0,,,f527457d
INT-World Cup,2026,2026-06-26 New Zealand-Belgium,New Zealand,Michael Boxall,5,DF,37-312,27,0,0,0,0,0,0,0,0,1,0,0,0,0,0,0,,,f527457d
INT-World Cup,2026,2026-06-26 New Zealand-Belgium,New Zealand,Ryan Thomas,23,AM,31-188,45,0,0,0,0,0,0,0,0,1,1,0,0,1,0,0,,,f527457d
INT-World Cup,2026,2026-06-26 New Zealand-Belgium,New Zealand,Sarpreet Singh,10,AM,27-126,45,0,0,0,0,0,0,0,0,0,0,0,1,0,0,0,,,f527457d
INT-World Cup,2026,2026-06-26 New Zealand-Belgium,New Zealand,Tim Payne,2,RB,32-167,63,0,0,0,0,1,0,0,0,0,1,0,2,1,0,0,,,f527457d
INT-World Cup,2026,2026-06-26 New Zealand-Belgium,New Zealand,Tyler Bindon,4,CB,21-150,90,0,0,0,0,1,0,0,0,1,0,0,2,1,1,0,,,f527457d
INT-World Cup,2026,2026-06-26 Norway-France,France,Aurélien Tchouaméni,8,DM,26-150,90,0,1,0,0,1,0,1,0,3,0,0,1,7,2,0,,,1bcdcfc8
INT-World Cup,2026,2026-06-26 Norway-France,France,Bradley Barcola,12,"FW,MF",23-297,26,0,1,0,0,0,0,0,0,1,0,0,1,0,0,0,,,1bcdcfc8
INT-World Cup,2026,2026-06-26 Norway-France,France,Dayot Upamecano,4,CB,27-242,75,0,0,0,0,0,0,0,0,1,0,0,0,0,2,0,,,1bcdcfc8
INT-World Cup,2026,2026-06-26 Norway-France,France,Désiré Doué,20,AM,21-023,90,1,0,0,0,4,3,0,0,0,1,0,0,1,1,0,,,1bcdcfc8
INT-World Cup,2026,2026-06-26 Norway-France,France,Ibrahima Konaté,15,DF,27-032,15,0,0,0,0,0,0,0,0,0,0,0,0,0,3,0,,,1bcdcfc8
INT-World Cup,2026,2026-06-26 Norway-France,France,Jean-Philippe Mateta,22,FW,28-363,4,0,0,0,0,0,0,0,0,0,0,0,0,0,0,0,,,1bcdcfc8
INT-World Cup,2026,2026-06-26 Norway-France,France,Jules Koundé,5,RB,27-226,86,0,0,0,0,0,0,0,0,1,1,0,0,3,1,0,,,1bcdcfc8
INT-World Cup,2026,2026-06-26 Norway-France,France,Kylian Mbappé,10,FW,27-188,86,0,2,0,0,4,2,0,0,0,0,0,0,0,0,0,,,1bcdcfc8
INT-World Cup,2026,2026-06-26 Norway-France,France,Malo Gusto,2,"DF,MF",23-038,4,0,0,0,0,0,0,0,0,0,0,0,0,0,1,0,,,1bcdcfc8
INT-World Cup,2026,2026-06-26 Norway-France,France,Manu Koné,6,DM,25-040,90,0,0,0,0,1,1,0,0,0,1,0,0,1,0,0,,,1bcdcfc8
INT-World Cup,2026,2026-06-26 Norway-France,France,Maxence Lacroix,26,CB,26-081,90,0,0,0,0,0,0,0,0,2,0,1,0,1,1,0,,,1bcdcfc8
INT-World Cup,2026,2026-06-26 Norway-France,France,Michael Olise,11,AM,24-196,64,0,0,0,0,3,0,0,0,0,2,0,1,0,0,0,,,1bcdcfc8
INT-World Cup,2026,2026-06-26 Norway-France,France,Mike Maignan,16,GK,30-358,90,0,0,0,0,0,0,0,0,0,0,0,0,0,0,0,,,1bcdcfc8
INT-World Cup,2026,2026-06-26 Norway-France,France,Ousmane Dembélé,7,AM,29-042,64,3,0,0,0,3,3,0,0,0,0,1,3,0,0,0,,,1bcdcfc8
INT-World Cup,2026,2026-06-26 Norway-France,France,Rayan Cherki,24,"FW,MF",22-313,26,0,0,0,0,0,0,0,0,1,0,0,1,0,0,0,,,1bcdcfc8
INT-World Cup,2026,2026-06-26 Norway-France,France,Theo Hernández,19,LB,28-263,90,0,0,0,0,2,0,0,0,2,3,0,2,0,0,0,,,1bcdcfc8
INT-World Cup,2026,2026-06-26 Norway-France,Norway,Andreas Schjelderup,21,FW,22-025,82,0,1,0,0,0,0,0,0,2,1,0,1,1,3,0,,,1bcdcfc8
INT-World Cup,2026,2026-06-26 Norway-France,Norway,Antonio Nusa,20,"FW,MF",21-070,8,0,0,0,0,0,0,0,0,0,0,0,0,0,0,0,,,1bcdcfc8
INT-World Cup,2026,2026-06-26 Norway-France,Norway,Egil Selvik,13,GK,28-331,90,0,0,0,0,0,0,0,0,0,0,0,0,0,0,0,,,1bcdcfc8
INT-World Cup,2026,2026-06-26 Norway-France,Norway,Fredrik André Bjørkan,15,LB,27-309,45,0,0,0,0,0,0,0,0,0,0,0,0,1,2,0,,,1bcdcfc8
INT-World Cup,2026,2026-06-26 Norway-France,Norway,Fredrik Aursnes,14,RB,30-198,90,0,0,0,0,1,0,0,0,1,0,0,2,5,0,0,,,1bcdcfc8
INT-World Cup,2026,2026-06-26 Norway-France,Norway,Henrik Falchener,25,CB,23-049,65,0,0,0,0,0,0,0,0,0,0,0,0,0,1,0,,,1bcdcfc8
INT-World Cup,2026,2026-06-26 Norway-France,Norway,Jens Petter Hauge,23,"DF,FW",26-257,8,0,0,0,0,0,0,0,0,0,0,0,0,0,0,0,,,1bcdcfc8
INT-World Cup,2026,2026-06-26 Norway-France,Norway,Jørgen Strand Larsen,11,FW,26-140,90,0,0,0,1,2,1,0,0,0,2,1,0,0,0,0,,,1bcdcfc8
INT-World Cup,2026,2026-06-26 Norway-France,Norway,Kristian Thorstvedt,18,CM,27-105,45,0,0,0,0,1,1,0,0,2,1,0,0,0,0,0,,,1bcdcfc8
INT-World Cup,2026,2026-06-26 Norway-France,Norway,Leo Østigård,4,CB,26-210,90,0,0,0,0,1,0,0,0,1,0,0,0,2,1,0,,,1bcdcfc8
INT-World Cup,2026,2026-06-26 Norway-France,Norway,Marcus Pedersen,16,"DF,MF",25-345,45,0,0,0,0,0,0,0,0,0,0,0,0,1,0,0,,,1bcdcfc8
INT-World Cup,2026,2026-06-26 Norway-France,Norway,Morten Thorsby,2,MF,30-052,45,0,0,0,0,0,0,0,0,1,0,0,0,1,1,0,,,1bcdcfc8
INT-World Cup,2026,2026-06-26 Norway-France,Norway,Oscar Bobb,22,FW,22-349,82,0,0,0,0,2,1,0,0,1,3,0,1,0,1,0,,,1bcdcfc8
INT-World Cup,2026,2026-06-26 Norway-France,Norway,Patrick Berg,6,DM,28-214,90,0,0,0,0,1,0,1,0,1,0,0,5,0,1,0,,,1bcdcfc8
INT-World Cup,2026,2026-06-26 Norway-France,Norway,Sondre Langås,24,DF,25-144,25,0,0,0,0,0,0,0,0,0,0,0,0,0,0,0,,,1bcdcfc8
INT-World Cup,2026,2026-06-26 Norway-France,Norway,Thelo Aasgaard,19,CM,24-055,90,1,0,0,0,2,1,0,0,0,3,0,0,1,3,0,,,1bcdcfc8
INT-World Cup,2026,2026-06-26 Senegal-Iraq,Iraq,Ahmed Basil,22,GK,29-311,45,0,0,0,0,0,0,0,0,0,1,0,0,0,0,0,,,583c1910
INT-World Cup,2026,2026-06-26 Senegal-Iraq,Iraq,Ahmed Maknzi,15,DF,24-275,33,0,0,0,0,0,0,0,0,0,0,0,0,2,0,0,,,583c1910
INT-World Cup,2026,2026-06-26 Senegal-Iraq,Iraq,Ahmed Qasem,11,AM,22-349,15,0,0,0,0,0,0,0,0,0,0,0,0,0,0,0,,,583c1910
INT-World Cup,2026,2026-06-26 Senegal-Iraq,Iraq,Akam Hashim,5,CB,27-314,90,0,0,0,0,0,0,0,0,0,1,0,0,1,0,0,,,583c1910
INT-World Cup,2026,2026-06-26 Senegal-Iraq,Iraq,Ali Al Hamadi,9,FW,24-117,57,0,0,0,0,0,0,0,0,0,2,0,0,1,1,0,,,583c1910
INT-World Cup,2026,2026-06-26 Senegal-Iraq,Iraq,Ali Jasim,17,AM,22-157,57,0,0,0,0,4,1,0,0,1,0,0,2,0,0,0,,,583c1910
INT-World Cup,2026,2026-06-26 Senegal-Iraq,Iraq,Ali Yousif,13,FW,30-158,33,0,0,0,0,0,0,0,0,1,0,0,0,1,0,0,,,583c1910
INT-World Cup,2026,2026-06-26 Senegal-Iraq,Iraq,Amir Al Ammari,16,DM,28-334,90,0,0,0,0,0,0,1,0,1,0,0,2,0,1,0,,,583c1910
INT-World Cup,2026,2026-06-26 Senegal-Iraq,Iraq,Frans Dhia Putros,26,RB,32-347,90,0,0,0,0,0,0,0,0,2,0,0,1,2,2,0,,,583c1910
INT-World Cup,2026,2026-06-26 Senegal-Iraq,Iraq,Ibrahim Bayesh,8,AM,26-056,90,0,0,0,0,0,0,0,0,2,3,0,0,2,0,0,,,583c1910
INT-World Cup,2026,2026-06-26 Senegal-Iraq,Iraq,Jalal Hassan,12,GK,35-039,45,0,0,0,0,0,0,0,0,0,0,0,0,0,0,0,,,583c1910
INT-World Cup,2026,2026-06-26 Senegal-Iraq,Iraq,Kevin Yakob,19,MF,25-259,24,0,0,0,0,1,0,0,0,1,0,0,0,0,1,0,,,583c1910
INT-World Cup,2026,2026-06-26 Senegal-Iraq,Iraq,Manaf Younis,6,DF,29-222,75,0,0,0,0,0,0,0,0,0,0,0,0,1,1,0,,,583c1910
INT-World Cup,2026,2026-06-26 Senegal-Iraq,Iraq,Merchas Doski,23,LB,26-201,90,0,0,0,0,1,0,1,0,2,2,0,0,2,1,0,,,583c1910
INT-World Cup,2026,2026-06-26 Senegal-Iraq,Iraq,Rebin Sulaka,2,CB,34-075,12,0,0,0,0,0,0,0,1,1,0,0,0,0,0,0,,,583c1910
INT-World Cup,2026,2026-06-26 Senegal-Iraq,Iraq,Zidane Iqbal,14,DM,23-060,66,0,0,0,0,0,0,0,0,0,1,0,1,1,0,0,,,583c1910
INT-World Cup,2026,2026-06-26 Senegal-Iraq,Senegal,Abdoulaye Seck,4,CB,34-022,57,0,1,0,0,2,0,1,0,1,1,0,0,0,0,0,,,583c1910
INT-World Cup,2026,2026-06-26 Senegal-Iraq,Senegal,Assane Diao,7,MF,20-292,10,0,0,0,0,0,0,0,0,0,0,0,0,1,0,0,,,583c1910
INT-World Cup,2026,2026-06-26 Senegal-Iraq,Senegal,Habib Diarra,21,AM,22-174,56,1,0,0,0,2,1,0,0,0,0,0,1,2,0,0,,,583c1910
INT-World Cup,2026,2026-06-26 Senegal-Iraq,Senegal,Ibrahim Mbaye,20,RW,18-153,56,0,0,0,0,0,0,0,0,0,0,0,3,0,1,0,,,583c1910
INT-World Cup,2026,2026-06-26 Senegal-Iraq,Senegal,Idrissa Gueye,5,DM,36-273,90,0,0,0,0,1,0,0,0,1,1,0,1,2,0,0,,,583c1910
INT-World Cup,2026,2026-06-26 Senegal-Iraq,Senegal,Iliman Ndiaye,13,"FW,MF",26-112,34,1,1,0,0,2,2,0,0,1,0,0,1,0,0,0,,,583c1910
INT-World Cup,2026,2026-06-26 Senegal-Iraq,Senegal,Ismail Jakobs,14,LB,26-313,90,0,0,0,0,1,0,0,0,1,0,0,7,0,0,0,,,583c1910
INT-World Cup,2026,2026-06-26 Senegal-Iraq,Senegal,Ismaila Sarr,18,FW,28-121,80,1,1,0,0,3,2,0,0,0,2,1,0,0,0,0,,,583c1910
INT-World Cup,2026,2026-06-26 Senegal-Iraq,Senegal,Krépin Diatta,15,RB,27-121,90,0,0,0,0,1,0,0,0,1,1,0,4,3,0,0,,,583c1910
INT-World Cup,2026,2026-06-26 Senegal-Iraq,Senegal,Lamine Camara,8,AM,22-176,56,0,1,0,0,1,0,0,0,1,1,0,4,0,0,0,,,583c1910
INT-World Cup,2026,2026-06-26 Senegal-Iraq,Senegal,Mory Diaw,23,GK,33-004,90,0,0,0,0,0,0,0,0,0,0,0,0,0,0,0,,,583c1910
INT-World Cup,2026,2026-06-26 Senegal-Iraq,Senegal,Moussa Niakhaté,19,CB,30-110,90,0,0,0,0,1,0,0,0,3,1,0,0,0,0,0,,,583c1910
INT-World Cup,2026,2026-06-26 Senegal-Iraq,Senegal,Nicolas Jackson,11,FW,25-006,34,0,0,0,0,3,2,0,0,0,0,0,0,1,0,0,,,583c1910
INT-World Cup,2026,2026-06-26 Senegal-Iraq,Senegal,Pape Gueye,26,MF,27-153,34,2,1,0,0,6,3,1,0,1,1,0,0,0,1,0,,,583c1910
INT-World Cup,2026,2026-06-26 Senegal-Iraq,Senegal,Pathé Ciss,6,"DF,MF",32-102,33,0,0,0,0,1,1,0,0,0,0,0,0,0,0,0,,,583c1910
INT-World Cup,2026,2026-06-26 Senegal-Iraq,Senegal,Sadio Mané,10,LW,34-077,90,0,0,0,0,4,1,0,0,0,2,0,4,0,0,0,,,583c1910
INT-World Cup,2026,2026-06-26 Uruguay-Spain,Spain,Aymeric Laporte,14,CB,32-030,90,0,0,0,0,0,0,0,0,1,1,0,0,0,3,0,,,48dd64d5
INT-World Cup,2026,2026-06-26 Uruguay-Spain,Spain,Dani Olmo,10,"FW,MF",28-050,31,0,0,0,0,1,0,0,0,1,2,0,0,0,0,0,,,48dd64d5
INT-World Cup,2026,2026-06-26 Uruguay-Spain,Spain,Fabián Ruiz Peña,8,MF,30-084,31,0,0,0,0,0,0,0,0,0,1,0,0,0,0,0,,,48dd64d5
INT-World Cup,2026,2026-06-26 Uruguay-Spain,Spain,Ferran Torres,7,"FW,MF",26-117,15,0,0,0,0,1,0,0,0,0,1,0,0,0,0,0,,,48dd64d5
INT-World Cup,2026,2026-06-26 Uruguay-Spain,Spain,Lamine Yamal,19,FW,18-348,75,0,0,0,0,1,0,0,0,0,1,1,3,1,1,0,,,48dd64d5
INT-World Cup,2026,2026-06-26 Uruguay-Spain,Spain,Marc Cucurella,24,LB,27-339,90,0,0,0,0,0,0,0,0,0,1,0,0,0,1,0,,,48dd64d5
INT-World Cup,2026,2026-06-26 Uruguay-Spain,Spain,Marcos Llorente,5,RB,31-147,90,0,1,0,0,0,0,0,0,1,0,0,2,3,1,0,,,48dd64d5
INT-World Cup,2026,2026-06-26 Uruguay-Spain,Spain,Mikel Merino,6,CM,30-004,59,0,0,0,0,0,0,0,0,2,1,0,0,0,3,0,,,48dd64d5
INT-World Cup,2026,2026-06-26 Uruguay-Spain,Spain,Mikel Oyarzabal,21,FW,29-066,75,0,0,0,0,1,0,0,0,0,0,0,0,0,0,0,,,48dd64d5
INT-World Cup,2026,2026-06-26 Uruguay-Spain,Spain,Nico Williams,17,MF,23-349,15,0,0,0,0,0,0,0,0,0,1,0,0,0,0,0,,,48dd64d5
INT-World Cup,2026,2026-06-26 Uruguay-Spain,Spain,Pau Cubarsí,22,CB,19-155,90,0,0,0,0,1,0,0,0,1,1,0,0,0,0,0,,,48dd64d5
INT-World Cup,2026,2026-06-26 Uruguay-Spain,Spain,Pedri,20,CM,23-213,59,0,0,0,0,0,0,0,0,1,3,0,1,1,0,0,,,48dd64d5
INT-World Cup,2026,2026-06-26 Uruguay-Spain,Spain,Rodri,16,DM,30-004,90,0,0,0,0,0,0,0,0,3,0,0,0,4,0,0,,,48dd64d5
INT-World Cup,2026,2026-06-26 Uruguay-Spain,Spain,Unai Simón,23,GK,29-015,90,0,0,0,0,0,0,0,0,0,0,0,0,0,0,0,,,48dd64d5
INT-World Cup,2026,2026-06-26 Uruguay-Spain,Spain,Yéremy Pino,11,"FW,MF",23-249,25,0,0,0,0,0,0,0,0,0,0,1,0,0,0,0,,,48dd64d5
INT-World Cup,2026,2026-06-26 Uruguay-Spain,Spain,Álex Baena,15,FW,24-341,65,1,0,0,0,1,1,1,0,4,0,0,6,1,0,0,,,48dd64d5
INT-World Cup,2026,2026-06-26 Uruguay-Spain,Uruguay,Agustín Canobbio,14,FW,27-268,89,0,0,0,0,1,0,0,1,3,4,1,2,0,0,0,,,48dd64d5
INT-World Cup,2026,2026-06-26 Uruguay-Spain,Uruguay,Brian Rodríguez,18,"FW,MF",26-037,21,0,0,0,0,0,0,0,0,0,0,0,1,0,0,0,,,48dd64d5
INT-World Cup,2026,2026-06-26 Uruguay-Spain,Uruguay,Darwin Núñez,9,FW,27-002,90,0,0,0,0,1,0,0,0,0,1,2,1,0,1,0,,,48dd64d5
INT-World Cup,2026,2026-06-26 Uruguay-Spain,Uruguay,Federico Valverde,8,CM,27-339,56,0,0,0,0,0,0,0,0,0,0,0,1,2,1,0,,,48dd64d5
INT-World Cup,2026,2026-06-26 Uruguay-Spain,Uruguay,Federico Viñas,21,FW,27-361,34,0,0,0,0,1,0,0,0,3,2,0,0,2,1,0,,,48dd64d5
INT-World Cup,2026,2026-06-26 Uruguay-Spain,Uruguay,Fernando Muslera,23,GK,40-010,45,0,0,0,0,0,0,0,0,0,0,0,0,0,0,0,,,48dd64d5
INT-World Cup,2026,2026-06-26 Uruguay-Spain,Uruguay,Guillermo Varela,13,RB,33-094,90,0,0,0,0,0,0,1,0,0,1,0,1,0,2,0,,,48dd64d5
INT-World Cup,2026,2026-06-26 Uruguay-Spain,Uruguay,Juan Manuel Sanabria,25,LB,26-089,69,0,0,0,0,0,0,1,0,1,0,0,2,4,1,0,,,48dd64d5
INT-World Cup,2026,2026-06-26 Uruguay-Spain,Uruguay,Manuel Ugarte,5,DM,25-076,44,0,0,0,0,0,0,0,0,0,0,0,0,1,1,0,,,48dd64d5
INT-World Cup,2026,2026-06-26 Uruguay-Spain,Uruguay,Mathías Olivera,16,CB,28-238,90,0,0,0,0,0,0,0,0,2,0,0,1,4,1,0,,,48dd64d5
INT-World Cup,2026,2026-06-26 Uruguay-Spain,Uruguay,Maxi Araújo,20,FW,26-131,90,0,0,0,0,0,0,0,0,0,3,2,5,0,0,0,,,48dd64d5
INT-World Cup,2026,2026-06-26 Uruguay-Spain,Uruguay,Nicolás De La Cruz,7,MF,29-025,46,0,0,0,0,1,1,1,0,2,1,0,0,0,1,0,,,48dd64d5
INT-World Cup,2026,2026-06-26 Uruguay-Spain,Uruguay,Rodrigo Bentancur,6,CM,29-001,90,0,0,0,0,1,0,0,0,3,2,0,2,2,3,0,,,48dd64d5
INT-World Cup,2026,2026-06-26 Uruguay-Spain,Uruguay,Sebastián Cáceres,3,CB,26-312,90,0,0,0,0,0,0,0,0,0,0,0,0,0,2,0,,,48dd64d5
INT-World Cup,2026,2026-06-26 Uruguay-Spain,Uruguay,Sergio Rochet,1,GK,33-095,45,0,0,0,0,0,0,0,0,0,0,0,0,0,0,0,,,48dd64d5
INT-World Cup,2026,2026-06-27 Algeria-Austria,Algeria,Amine Gouiri,9,FW,26-131,70,0,0,0,0,0,0,0,0,0,0,0,1,0,0,0,,,79a8f8c8
INT-World Cup,2026,2026-06-27 Algeria-Austria,Algeria,Aïssa Mandi,2,CB,34-248,90,0,0,0,0,0,0,0,0,0,1,0,0,0,0,0,,,79a8f8c8
INT-World Cup,2026,2026-06-27 Algeria-Austria,Algeria,Fares Chaïbi,10,DM,23-211,90,0,0,0,0,3,1,0,0,0,1,0,1,1,1,0,,,79a8f8c8
INT-World Cup,2026,2026-06-27 Algeria-Austria,Algeria,Farés Ghedjemis,25,"FW,MF",23-294,1,0,0,0,0,0,0,0,0,0,0,0,0,0,0,0,,,79a8f8c8
INT-World Cup,2026,2026-06-27 Algeria-Austria,Algeria,Houssem Aouar,8,AM,27-362,89,0,2,0,0,0,0,0,0,1,0,0,0,1,0,0,,,79a8f8c8
INT-World Cup,2026,2026-06-27 Algeria-Austria,Algeria,Ibrahim Maza,22,AM,20-215,90,0,0,0,0,3,1,0,0,0,1,0,0,0,0,0,,,79a8f8c8
INT-World Cup,2026,2026-06-27 Algeria-Austria,Algeria,Jaouen Hadjam,13,LB,23-093,70,0,0,0,0,0,0,0,0,0,0,0,0,1,0,0,,,79a8f8c8
INT-World Cup,2026,2026-06-27 Algeria-Austria,Algeria,Nabil Bentaleb,19,DM,31-215,90,0,0,0,0,0,0,0,0,0,0,0,2,1,0,0,,,79a8f8c8
INT-World Cup,2026,2026-06-27 Algeria-Austria,Algeria,Oussama Benbot,16,GK,31-259,90,0,0,0,0,0,0,0,0,0,1,0,0,0,0,0,,,79a8f8c8
INT-World Cup,2026,2026-06-27 Algeria-Austria,Algeria,Rafik Belghali,17,RB,24-020,70,1,0,0,0,2,1,0,0,0,0,0,1,1,1,0,,,79a8f8c8
INT-World Cup,2026,2026-06-27 Algeria-Austria,Algeria,Ramy Bensebaini,21,CB,31-072,90,0,0,0,0,1,0,0,0,0,0,0,0,0,0,0,,,79a8f8c8
INT-World Cup,2026,2026-06-27 Algeria-Austria,Algeria,Rayan Aït-Nouri,15,"DF,MF",25-021,20,0,0,0,0,0,0,0,0,1,0,0,0,0,0,0,,,79a8f8c8
INT-World Cup,2026,2026-06-27 Algeria-Austria,Algeria,Riyad Mahrez,7,AM,35-126,90,2,0,0,0,3,2,0,0,1,2,0,0,1,1,0,,,79a8f8c8
INT-World Cup,2026,2026-06-27 Algeria-Austria,Algeria,Samir Chergui,26,DF,27-141,20,0,0,0,0,0,0,0,0,0,0,0,0,0,0,0,,,79a8f8c8
INT-World Cup,2026,2026-06-27 Algeria-Austria,Algeria,Zineddine Belaïd,5,DF,27-099,20,0,0,0,0,0,0,0,0,0,0,1,0,0,0,0,,,79a8f8c8
INT-World Cup,2026,2026-06-27 Algeria-Austria,Austria,Alexander Schlager,1,GK,30-146,90,0,0,0,0,0,0,0,0,0,0,0,0,0,0,0,,,79a8f8c8
INT-World Cup,2026,2026-06-27 Algeria-Austria,Austria,David Alaba,8,CB,34-003,61,0,1,0,0,0,0,0,0,0,0,0,0,0,0,0,,,79a8f8c8
INT-World Cup,2026,2026-06-27 Algeria-Austria,Austria,Florian Grillitsch,10,"DF,MF",30-324,45,0,0,0,0,0,0,0,0,2,0,0,1,0,0,0,,,79a8f8c8
INT-World Cup,2026,2026-06-27 Algeria-Austria,Austria,Kevin Danso,3,"DF,MF",27-281,29,0,0,0,0,1,0,0,0,0,0,0,0,0,0,0,,,79a8f8c8
INT-World Cup,2026,2026-06-27 Algeria-Austria,Austria,Konrad Laimer,20,AM,29-031,90,0,1,0,0,0,0,0,0,0,0,1,2,2,0,0,,,79a8f8c8
INT-World Cup,2026,2026-06-27 Algeria-Austria,Austria,Marcel Sabitzer,9,AM,32-102,90,1,0,0,0,1,1,0,0,1,0,0,6,0,2,0,,,79a8f8c8
INT-World Cup,2026,2026-06-27 Algeria-Austria,Austria,Marko Arnautović,7,FW,37-069,45,1,0,0,0,1,1,1,0,1,0,2,0,0,0,0,,,79a8f8c8
INT-World Cup,2026,2026-06-27 Algeria-Austria,Austria,Michael Gregoritsch,11,"FW,MF",32-070,45,0,1,0,0,0,0,0,0,1,0,0,0,0,0,0,,,79a8f8c8
INT-World Cup,2026,2026-06-27 Algeria-Austria,Austria,Nicolas Seiwald,6,DM,25-054,90,0,0,0,0,2,0,0,0,0,0,0,0,2,0,0,,,79a8f8c8
INT-World Cup,2026,2026-06-27 Algeria-Austria,Austria,Paul Wanner,24,MF,20-186,45,0,0,0,0,0,0,0,0,0,1,0,0,0,0,0,,,79a8f8c8
INT-World Cup,2026,2026-06-27 Algeria-Austria,Austria,Philipp Lienhart,15,CB,29-351,90,0,0,0,0,1,0,0,0,0,0,0,0,0,0,0,,,79a8f8c8
INT-World Cup,2026,2026-06-27 Algeria-Austria,Austria,Phillipp Mwene,16,LB,32-149,89,0,0,0,0,1,0,0,0,0,1,0,3,0,3,0,,,79a8f8c8
INT-World Cup,2026,2026-06-27 Algeria-Austria,Austria,Romano Schmid,18,FW,26-151,45,0,0,0,0,1,0,0,0,1,0,0,0,0,0,0,,,79a8f8c8
INT-World Cup,2026,2026-06-27 Algeria-Austria,Austria,Saša Kalajdžić,14,"FW,MF",28-355,1,1,0,0,0,1,1,0,0,0,0,0,0,0,0,0,,,79a8f8c8
INT-World Cup,2026,2026-06-27 Algeria-Austria,Austria,Stefan Posch,5,RB,29-044,90,0,0,0,0,0,0,0,0,0,1,0,1,0,4,0,,,79a8f8c8
INT-World Cup,2026,2026-06-27 Algeria-Austria,Austria,Xaver Schlager,4,AM,28-272,45,0,0,0,0,1,0,0,0,1,0,0,0,0,1,0,,,79a8f8c8
INT-World Cup,2026,2026-06-27 Colombia-Portugal,Colombia,Camilo Vargas,12,GK,37-110,90,0,0,0,0,0,0,0,0,0,0,0,0,0,0,0,,,ded93e98
INT-World Cup,2026,2026-06-27 Colombia-Portugal,Colombia,Daniel Muñoz,2,"DF,MF",30-032,4,0,0,0,0,0,0,0,0,1,0,0,1,1,0,0,,,ded93e98
INT-World Cup,2026,2026-06-27 Colombia-Portugal,Colombia,Davinson Sánchez,23,CB,30-015,90,0,0,0,0,1,0,0,0,0,0,1,0,0,1,0,,,ded93e98
INT-World Cup,2026,2026-06-27 Colombia-Portugal,Colombia,Deiver Machado,22,LB,32-298,90,0,0,0,0,0,0,0,0,1,2,0,1,0,2,0,,,ded93e98
INT-World Cup,2026,2026-06-27 Colombia-Portugal,Colombia,Gustavo Puerta,14,CM,22-339,90,0,0,0,0,4,1,1,0,2,0,0,0,1,0,0,,,ded93e98
INT-World Cup,2026,2026-06-27 Colombia-Portugal,Colombia,James Rodríguez,10,FW,34-350,75,0,0,0,0,3,1,0,0,0,1,0,3,0,0,0,,,ded93e98
INT-World Cup,2026,2026-06-27 Colombia-Portugal,Colombia,Jefferson Lerma,16,DM,31-245,59,0,0,0,0,2,1,0,0,0,0,0,0,0,1,0,,,ded93e98
INT-World Cup,2026,2026-06-27 Colombia-Portugal,Colombia,Jhon Arias,11,CM,28-279,75,0,0,0,0,3,2,0,0,3,1,0,0,2,0,0,,,ded93e98
INT-World Cup,2026,2026-06-27 Colombia-Portugal,Colombia,Jhon Córdoba,9,FW,33-047,59,0,0,0,0,2,1,0,0,0,1,1,0,0,0,0,,,ded93e98
INT-World Cup,2026,2026-06-27 Colombia-Portugal,Colombia,Jhon Lucumí,3,CB,28-001,90,0,0,0,0,0,0,0,0,1,0,0,0,1,0,0,,,ded93e98
INT-World Cup,2026,2026-06-27 Colombia-Portugal,Colombia,Juan Quintero,20,"FW,MF",33-160,15,0,0,0,0,0,0,0,0,0,0,0,2,0,0,0,,,ded93e98
INT-World Cup,2026,2026-06-27 Colombia-Portugal,Colombia,Kevin Castaño,5,MF,25-271,15,0,0,0,0,0,0,0,0,0,0,0,0,0,0,0,,,ded93e98
INT-World Cup,2026,2026-06-27 Colombia-Portugal,Colombia,Luis Díaz,7,FW,29-165,90,0,0,0,0,4,0,0,0,0,0,1,1,0,0,0,,,ded93e98
INT-World Cup,2026,2026-06-27 Colombia-Portugal,Colombia,Luis Suárez,25,FW,28-207,31,0,0,0,0,4,0,0,0,0,0,0,0,0,0,0,,,ded93e98
INT-World Cup,2026,2026-06-27 Colombia-Portugal,Colombia,Richard Ríos,6,MF,26-025,31,0,0,0,0,1,0,0,0,3,1,0,0,1,0,0,,,ded93e98
INT-World Cup,2026,2026-06-27 Colombia-Portugal,Colombia,Santiago Arias,4,RB,34-165,86,0,0,0,0,0,0,0,0,1,0,0,2,2,1,0,,,ded93e98
INT-World Cup,2026,2026-06-27 Colombia-Portugal,Portugal,Bruno Fernandes,8,AM,31-292,90,0,0,0,0,2,1,0,0,0,2,0,2,1,0,0,,,ded93e98
INT-World Cup,2026,2026-06-27 Colombia-Portugal,Portugal,Cristiano Ronaldo,7,FW,41-142,90,0,0,0,0,3,1,0,0,1,2,2,0,0,0,0,,,ded93e98
INT-World Cup,2026,2026-06-27 Colombia-Portugal,Portugal,Diogo Costa,1,GK,26-281,90,0,0,0,0,0,0,0,0,0,1,0,0,0,0,0,,,ded93e98
INT-World Cup,2026,2026-06-27 Colombia-Portugal,Portugal,Diogo Dalot,5,"DF,MF",27-101,45,0,0,0,0,1,0,0,0,0,1,0,1,1,0,0,,,ded93e98
INT-World Cup,2026,2026-06-27 Colombia-Portugal,Portugal,João Cancelo,20,RB,32-031,45,0,0,0,0,0,0,0,0,0,0,0,3,0,1,0,,,ded93e98
INT-World Cup,2026,2026-06-27 Colombia-Portugal,Portugal,João Félix,11,AM,26-229,69,0,0,0,0,3,0,0,0,0,0,0,3,1,1,0,,,ded93e98
INT-World Cup,2026,2026-06-27 Colombia-Portugal,Portugal,João Neves,15,MF,21-273,45,0,0,0,0,0,0,0,0,0,0,0,0,0,2,0,,,ded93e98
INT-World Cup,2026,2026-06-27 Colombia-Portugal,Portugal,Matheus Nunes,6,"DF,MF",27-304,1,0,0,0,0,0,0,0,0,0,0,0,0,0,0,0,,,ded93e98
INT-World Cup,2026,2026-06-27 Colombia-Portugal,Portugal,Nuno Mendes,25,LB,24-008,89,0,0,0,0,0,0,0,0,0,2,0,1,0,0,0,,,ded93e98
INT-World Cup,2026,2026-06-27 Colombia-Portugal,Portugal,Pedro Neto,18,AM,26-110,90,0,0,0,0,0,0,0,0,2,1,0,3,0,0,0,,,ded93e98
INT-World Cup,2026,2026-06-27 Colombia-Portugal,Portugal,Rafael Leão,17,"FW,MF",27-017,21,0,0,0,0,1,0,0,0,0,1,0,1,0,1,0,,,ded93e98
INT-World Cup,2026,2026-06-27 Colombia-Portugal,Portugal,Renato Veiga,13,CB,22-333,90,0,0,0,0,0,0,0,0,1,0,0,0,0,3,0,,,ded93e98
INT-World Cup,2026,2026-06-27 Colombia-Portugal,Portugal,Rúben Dias,3,CB,29-044,90,0,0,0,0,0,0,0,0,2,0,0,0,0,2,0,,,ded93e98
INT-World Cup,2026,2026-06-27 Colombia-Portugal,Portugal,Rúben Neves,21,DM,29-106,45,0,0,0,0,2,0,0,0,0,0,0,0,0,0,0,,,ded93e98
INT-World Cup,2026,2026-06-27 Colombia-Portugal,Portugal,Samu Costa,24,MF,25-212,21,0,0,0,0,0,0,0,0,0,0,0,0,1,0,0,,,ded93e98
INT-World Cup,2026,2026-06-27 Colombia-Portugal,Portugal,Vitinha,23,DM,26-134,69,0,0,0,0,1,0,0,0,0,2,0,0,0,1,0,,,ded93e98
INT-World Cup,2026,2026-06-27 Congo DR-Uzbekistan,Congo DR,Aaron Wan-Bissaka,2,RB,28-213,90,0,0,0,0,0,0,0,0,0,0,0,2,0,2,0,,,6287f9c7
INT-World Cup,2026,2026-06-27 Congo DR-Uzbekistan,Congo DR,Arthur Masuaku,26,LB,32-232,82,0,0,0,0,0,0,0,0,0,2,0,2,1,0,0,,,6287f9c7
INT-World Cup,2026,2026-06-27 Congo DR-Uzbekistan,Congo DR,Axel Tuanzebe,4,CB,28-225,90,0,0,0,0,0,0,0,0,0,2,0,0,1,0,0,,,6287f9c7
INT-World Cup,2026,2026-06-27 Congo DR-Uzbekistan,Congo DR,Brian Cipenga,9,LW,28-108,71,0,0,0,0,3,0,0,0,0,0,0,7,2,0,0,,,6287f9c7
INT-World Cup,2026,2026-06-27 Congo DR-Uzbekistan,Congo DR,Chancel Mbemba,22,CB,31-323,90,0,0,0,0,1,0,0,0,0,1,0,1,2,0,0,,,6287f9c7
INT-World Cup,2026,2026-06-27 Congo DR-Uzbekistan,Congo DR,Cédric Bakambu,17,FW,35-077,50,0,0,0,0,0,0,0,0,0,0,2,0,0,0,0,,,6287f9c7
INT-World Cup,2026,2026-06-27 Congo DR-Uzbekistan,Congo DR,Fiston Mayele,19,FW,32-003,40,1,0,0,0,5,1,0,0,0,1,1,0,0,0,0,,,6287f9c7
INT-World Cup,2026,2026-06-27 Congo DR-Uzbekistan,Congo DR,Joris Kayembe,12,"DF,FW",31-323,8,0,0,0,0,0,0,0,0,0,0,0,1,0,2,0,,,6287f9c7
INT-World Cup,2026,2026-06-27 Congo DR-Uzbekistan,Congo DR,Lionel Mpasi,1,GK,31-330,90,0,0,0,0,0,0,0,0,0,0,0,0,0,0,0,,,6287f9c7
INT-World Cup,2026,2026-06-27 Congo DR-Uzbekistan,Congo DR,Meschak Elia,13,"FW,MF",28-325,19,0,1,0,0,1,0,0,0,0,0,0,0,0,1,0,,,6287f9c7
INT-World Cup,2026,2026-06-27 Congo DR-Uzbekistan,Congo DR,Nathanaël Mbuku,7,RW,24-103,71,0,0,0,0,1,1,1,0,3,3,0,7,2,0,0,,,6287f9c7
INT-World Cup,2026,2026-06-27 Congo DR-Uzbekistan,Congo DR,Ngal'Ayel Mukau,6,MF,21-236,19,0,0,0,0,1,0,0,0,0,0,0,0,0,0,0,,,6287f9c7
INT-World Cup,2026,2026-06-27 Congo DR-Uzbekistan,Congo DR,Noah Sadiki,14,CM,21-192,90,0,0,0,0,0,0,1,0,1,3,0,0,1,1,0,,,6287f9c7
INT-World Cup,2026,2026-06-27 Congo DR-Uzbekistan,Congo DR,Samuel Moutoussamy,8,CM,29-319,71,0,0,0,0,0,0,1,0,1,0,0,0,4,0,0,,,6287f9c7
INT-World Cup,2026,2026-06-27 Congo DR-Uzbekistan,Congo DR,Theo Bongonda,10,"FW,MF",30-219,19,0,0,0,0,1,0,0,0,0,0,0,1,0,1,0,,,6287f9c7
INT-World Cup,2026,2026-06-27 Congo DR-Uzbekistan,Congo DR,Yoane Wissa,20,FW,29-297,90,2,0,1,1,6,2,0,0,1,3,0,0,0,0,0,,,6287f9c7
INT-World Cup,2026,2026-06-27 Congo DR-Uzbekistan,Uzbekistan,Abbosbek Fayzullayev,22,AM,22-267,72,0,0,0,0,1,0,0,0,4,1,0,3,3,0,0,,,6287f9c7
INT-World Cup,2026,2026-06-27 Congo DR-Uzbekistan,Uzbekistan,Abdukodir Khusanov,2,CB,22-118,90,0,0,0,0,0,0,1,0,3,0,0,0,2,1,0,,,6287f9c7
INT-World Cup,2026,2026-06-27 Congo DR-Uzbekistan,Uzbekistan,Abduvohid Nematov,12,GK,25-099,90,0,0,0,0,0,0,0,0,0,0,0,0,0,0,0,,,6287f9c7
INT-World Cup,2026,2026-06-27 Congo DR-Uzbekistan,Uzbekistan,Akmal Mozgovoy,6,DM,27-086,81,0,1,0,0,0,0,0,0,0,2,0,0,0,2,0,,,6287f9c7
INT-World Cup,2026,2026-06-27 Congo DR-Uzbekistan,Uzbekistan,Aziz Gʻaniyev,19,MF,28-125,32,0,0,0,0,0,0,0,0,1,0,0,2,4,0,0,,,6287f9c7
INT-World Cup,2026,2026-06-27 Congo DR-Uzbekistan,Uzbekistan,Dostonbek Khamdamov,17,AM,29-338,58,0,0,0,0,0,0,0,0,1,0,1,3,2,0,0,,,6287f9c7
INT-World Cup,2026,2026-06-27 Congo DR-Uzbekistan,Uzbekistan,Eldor Shomurodov,14,FW,30-363,90,1,0,0,0,2,1,0,0,3,0,0,1,3,0,0,,,6287f9c7
INT-World Cup,2026,2026-06-27 Congo DR-Uzbekistan,Uzbekistan,Igor Sergeev,21,FW,33-058,9,0,0,0,0,0,0,0,0,0,0,0,0,0,0,0,,,6287f9c7
INT-World Cup,2026,2026-06-27 Congo DR-Uzbekistan,Uzbekistan,Jakhongir Urozov,26,CB,22-160,81,0,0,0,0,0,0,0,0,0,0,0,0,0,0,0,,,6287f9c7
INT-World Cup,2026,2026-06-27 Congo DR-Uzbekistan,Uzbekistan,Jamshid Iskanderov,8,"FW,MF",32-254,9,0,0,0,0,0,0,0,0,0,0,0,1,0,0,0,,,6287f9c7
INT-World Cup,2026,2026-06-27 Congo DR-Uzbekistan,Uzbekistan,Khojiakbar Alijonov,3,DM,29-069,90,0,0,0,0,0,0,0,0,1,0,0,4,2,3,0,,,6287f9c7
INT-World Cup,2026,2026-06-27 Congo DR-Uzbekistan,Uzbekistan,Odiljon Hamrobekov,9,MF,30-134,32,0,0,0,0,0,0,0,0,0,0,0,0,0,0,0,,,6287f9c7
INT-World Cup,2026,2026-06-27 Congo DR-Uzbekistan,Uzbekistan,Oston Urunov,11,MF,25-190,18,0,0,0,0,0,0,0,0,0,0,0,0,0,1,0,,,6287f9c7
INT-World Cup,2026,2026-06-27 Congo DR-Uzbekistan,Uzbekistan,Otabek Shukurov,7,DM,30-005,58,0,0,0,0,0,0,0,0,1,1,0,0,0,0,0,,,6287f9c7
INT-World Cup,2026,2026-06-27 Congo DR-Uzbekistan,Uzbekistan,Rustam Ashurmatov,5,CB,29-355,90,0,0,0,0,0,0,0,0,0,0,0,0,0,4,0,,,6287f9c7
INT-World Cup,2026,2026-06-27 Congo DR-Uzbekistan,Uzbekistan,Sherzod Nasrullaev,13,DM,27-339,90,0,0,0,0,0,0,1,0,2,2,0,2,2,1,0,,,6287f9c7
INT-World Cup,2026,2026-06-27 Croatia-Ghana,Croatia,Ante Budimir,11,FW,34-340,65,0,0,0,0,0,0,0,0,3,0,0,0,0,0,0,,,a051b2ea
INT-World Cup,2026,2026-06-27 Croatia-Ghana,Croatia,Dominik Livaković,1,GK,31-169,90,0,0,0,0,0,0,0,0,0,1,0,0,0,0,0,,,a051b2ea
INT-World Cup,2026,2026-06-27 Croatia-Ghana,Croatia,Igor Matanović,20,FW,23-088,25,0,0,0,0,0,0,0,0,0,2,1,0,0,0,0,,,a051b2ea
INT-World Cup,2026,2026-06-27 Croatia-Ghana,Croatia,Ivan Perišić,14,LB,37-145,90,0,0,0,0,1,1,1,0,1,0,0,4,2,1,0,,,a051b2ea
INT-World Cup,2026,2026-06-27 Croatia-Ghana,Croatia,Josip Stanišić,2,RB,26-086,90,0,0,0,0,0,0,0,0,0,0,0,2,0,0,0,,,a051b2ea
INT-World Cup,2026,2026-06-27 Croatia-Ghana,Croatia,Josip Šutalo,6,CB,26-119,90,0,0,0,0,0,0,0,0,0,0,0,0,1,1,0,,,a051b2ea
INT-World Cup,2026,2026-06-27 Croatia-Ghana,Croatia,Joško Gvardiol,4,DF,24-155,3,0,0,0,0,0,0,0,0,0,1,0,0,0,2,0,,,a051b2ea
INT-World Cup,2026,2026-06-27 Croatia-Ghana,Croatia,Luka Modrić,10,DM,40-291,90,0,1,0,0,0,0,0,0,0,0,0,4,1,0,0,,,a051b2ea
INT-World Cup,2026,2026-06-27 Croatia-Ghana,Croatia,Marco Pašalić,24,MF,25-286,3,0,0,0,0,0,0,0,0,0,0,0,1,0,0,0,,,a051b2ea
INT-World Cup,2026,2026-06-27 Croatia-Ghana,Croatia,Marin Pongračić,3,CB,28-289,90,0,0,0,0,1,0,0,0,2,0,0,0,2,0,0,,,a051b2ea
INT-World Cup,2026,2026-06-27 Croatia-Ghana,Croatia,Mario Pašalić,15,"FW,MF",31-138,13,0,0,0,0,2,1,0,0,0,0,0,0,0,0,0,,,a051b2ea
INT-World Cup,2026,2026-06-27 Croatia-Ghana,Croatia,Martin Baturina,16,AM,23-131,87,0,0,0,0,0,0,0,0,1,5,0,2,1,0,0,,,a051b2ea
INT-World Cup,2026,2026-06-27 Croatia-Ghana,Croatia,Mateo Kovačić,8,DM,32-052,77,0,1,0,0,1,0,0,0,0,0,0,0,1,0,0,,,a051b2ea
INT-World Cup,2026,2026-06-27 Croatia-Ghana,Croatia,Nikola Vlašić,13,AM,28-266,87,1,0,0,0,2,1,0,0,2,0,0,0,0,0,0,,,a051b2ea
INT-World Cup,2026,2026-06-27 Croatia-Ghana,Croatia,Petar Sučić,17,AM,22-245,90,1,0,0,0,1,1,0,0,0,4,0,2,0,0,0,,,a051b2ea
INT-World Cup,2026,2026-06-27 Croatia-Ghana,Ghana,Abdul Fatawu Issahaku,7,"FW,MF",22-111,45,0,0,0,0,2,0,0,0,0,2,0,2,0,0,0,,,a051b2ea
INT-World Cup,2026,2026-06-27 Croatia-Ghana,Ghana,Antoine Semenyo,11,FW,26-171,90,0,0,0,0,1,0,0,0,0,0,2,1,0,0,0,,,a051b2ea
INT-World Cup,2026,2026-06-27 Croatia-Ghana,Ghana,Benjamin Asare,16,GK,33-349,90,0,0,0,0,0,0,0,0,0,0,0,0,0,0,0,,,a051b2ea
INT-World Cup,2026,2026-06-27 Croatia-Ghana,Ghana,Brandon Thomas-Asante,10,"FW,MF",27-180,20,0,0,0,0,0,0,0,0,0,1,0,0,0,0,0,,,a051b2ea
INT-World Cup,2026,2026-06-27 Croatia-Ghana,Ghana,Caleb Yirenkyi,3,MF,20-163,6,0,0,0,0,0,0,0,0,1,0,0,0,0,0,0,,,a051b2ea
INT-World Cup,2026,2026-06-27 Croatia-Ghana,Ghana,Derrick Luckassen,23,CB,30-359,90,1,0,0,0,1,1,0,0,0,1,0,0,0,0,0,,,a051b2ea
INT-World Cup,2026,2026-06-27 Croatia-Ghana,Ghana,Elisha Owusu,15,CM,28-232,45,0,0,0,0,0,0,0,0,2,0,0,1,1,0,0,,,a051b2ea
INT-World Cup,2026,2026-06-27 Croatia-Ghana,Ghana,Ernest Nuamah,24,"FW,MF",22-238,20,0,1,0,0,0,0,0,0,0,0,0,1,0,0,0,,,a051b2ea
INT-World Cup,2026,2026-06-27 Croatia-Ghana,Ghana,Gideon Mensah,14,LB,27-344,90,0,0,0,0,0,0,0,0,0,1,0,0,1,4,0,,,a051b2ea
INT-World Cup,2026,2026-06-27 Croatia-Ghana,Ghana,Jonas Adjetey,4,CB,22-196,45,0,0,0,0,0,0,0,0,0,0,0,0,0,0,0,,,a051b2ea
INT-World Cup,2026,2026-06-27 Croatia-Ghana,Ghana,Jordan Ayew,9,FW,34-289,70,0,0,0,0,0,0,0,0,1,0,0,2,0,0,0,,,a051b2ea
INT-World Cup,2026,2026-06-27 Croatia-Ghana,Ghana,Kamaldeen Sulemana,22,FW,24-132,70,0,0,0,0,1,0,0,0,1,0,0,3,2,0,0,,,a051b2ea
INT-World Cup,2026,2026-06-27 Croatia-Ghana,Ghana,Kojo Peprah Oppong,21,DF,22-023,45,0,0,0,0,0,0,1,0,1,0,0,0,0,0,0,,,a051b2ea
INT-World Cup,2026,2026-06-27 Croatia-Ghana,Ghana,Kwasi Sibo,8,CM,28-003,84,0,0,0,0,0,0,0,0,3,0,0,0,0,0,0,,,a051b2ea
INT-World Cup,2026,2026-06-27 Croatia-Ghana,Ghana,Marvin Senaya,26,RB,25-150,90,0,0,0,0,1,0,0,0,3,2,0,2,3,3,0,,,a051b2ea
INT-World Cup,2026,2026-06-27 Croatia-Ghana,Ghana,Thomas Partey,5,DM,33-014,90,0,0,0,0,0,0,0,0,1,2,0,0,0,3,0,,,a051b2ea
INT-World Cup,2026,2026-06-27 Jordan-Argentina,Argentina,Alexis Mac Allister,20,MF,27-185,30,0,0,0,0,0,0,0,0,0,3,0,0,2,1,0,,,5ec98037
INT-World Cup,2026,2026-06-27 Jordan-Argentina,Argentina,Emiliano Martínez,23,GK,33-298,90,0,0,0,0,0,0,0,0,0,0,0,0,0,0,0,,,5ec98037
INT-World Cup,2026,2026-06-27 Jordan-Argentina,Argentina,Exequiel Palacios,14,RB,27-265,90,0,0,0,0,0,0,0,0,1,1,0,0,0,5,0,,,5ec98037
INT-World Cup,2026,2026-06-27 Jordan-Argentina,Argentina,Flaco López,21,FW,25-203,9,0,0,0,0,1,0,0,0,0,0,0,0,1,0,0,,,5ec98037
INT-World Cup,2026,2026-06-27 Jordan-Argentina,Argentina,Giovani Lo Celso,11,CM,30-079,59,1,0,0,0,1,1,0,0,1,1,1,1,0,1,0,,,5ec98037
INT-World Cup,2026,2026-06-27 Jordan-Argentina,Argentina,Giuliano Simeone,17,FW,23-191,70,0,0,0,0,0,0,0,0,1,0,0,0,0,0,0,,,5ec98037
INT-World Cup,2026,2026-06-27 Jordan-Argentina,Argentina,Julián Álvarez,9,FW,26-147,81,0,0,0,0,1,1,0,0,0,0,0,0,0,0,0,,,5ec98037
INT-World Cup,2026,2026-06-27 Jordan-Argentina,Argentina,Lautaro Martínez,22,FW,28-309,59,1,0,1,1,3,1,0,0,1,0,1,0,0,0,0,,,5ec98037
INT-World Cup,2026,2026-06-27 Jordan-Argentina,Argentina,Leandro Paredes,5,DM,31-363,90,0,0,0,0,0,0,0,0,0,0,0,1,0,1,0,,,5ec98037
INT-World Cup,2026,2026-06-27 Jordan-Argentina,Argentina,Lionel Messi,10,"FW,MF",39-003,31,1,0,0,0,2,1,0,0,0,1,0,3,0,0,0,,,5ec98037
INT-World Cup,2026,2026-06-27 Jordan-Argentina,Argentina,Marcos Senesi,2,CB,29-048,90,0,0,0,0,1,0,0,0,0,2,0,0,0,2,0,,,5ec98037
INT-World Cup,2026,2026-06-27 Jordan-Argentina,Argentina,Nicolás Otamendi,19,CB,38-135,90,0,0,0,0,1,0,0,0,1,0,1,0,1,2,0,,,5ec98037
INT-World Cup,2026,2026-06-27 Jordan-Argentina,Argentina,Nicolás Paz,18,CM,21-292,60,0,0,0,0,1,0,0,0,1,1,0,0,1,0,0,,,5ec98037
INT-World Cup,2026,2026-06-27 Jordan-Argentina,Argentina,Nicolás Tagliafico,3,LB,33-300,90,0,0,0,0,0,0,0,0,1,2,0,0,0,0,0,,,5ec98037
INT-World Cup,2026,2026-06-27 Jordan-Argentina,Argentina,Thiago Almada,16,"FW,MF",25-062,31,0,0,0,0,1,0,0,0,0,0,0,0,0,0,0,,,5ec98037
INT-World Cup,2026,2026-06-27 Jordan-Argentina,Argentina,Valentín Barco,8,"DF,MF",21-339,20,0,0,0,0,0,0,0,0,0,1,0,0,0,0,0,,,5ec98037
INT-World Cup,2026,2026-06-27 Jordan-Argentina,Jordan,Abdallah Nasib,3,CB,32-122,90,0,0,0,0,0,0,0,0,0,0,0,0,1,2,0,,,5ec98037
INT-World Cup,2026,2026-06-27 Jordan-Argentina,Jordan,Ali Azaizeh,24,RM,22-075,45,0,0,0,0,1,0,0,0,0,1,0,1,2,0,0,,,5ec98037
INT-World Cup,2026,2026-06-27 Jordan-Argentina,Jordan,Ali Olwan,9,LM,26-093,89,0,0,0,0,0,0,0,0,1,2,0,3,0,0,0,,,5ec98037
INT-World Cup,2026,2026-06-27 Jordan-Argentina,Jordan,Amer Jamous,6,MF,23-359,15,0,0,0,0,0,0,0,0,1,0,0,0,0,0,0,,,5ec98037
INT-World Cup,2026,2026-06-27 Jordan-Argentina,Jordan,Husam Abu Dahab,4,CB,26-045,89,0,0,0,0,0,0,0,0,1,0,0,0,2,0,0,,,5ec98037
INT-World Cup,2026,2026-06-27 Jordan-Argentina,Jordan,Ihsan Haddad,23,RB,32-142,90,0,1,0,0,0,0,0,0,1,0,0,1,0,2,0,,,5ec98037
INT-World Cup,2026,2026-06-27 Jordan-Argentina,Jordan,Mahmoud Al-Mardi,13,"FW,MF",32-264,45,0,0,0,0,0,0,0,0,2,1,0,2,0,0,0,,,5ec98037
INT-World Cup,2026,2026-06-27 Jordan-Argentina,Jordan,Mohannad Abu Taha,20,LB,23-145,90,0,0,0,0,1,0,1,0,1,0,0,0,0,5,0,,,5ec98037
INT-World Cup,2026,2026-06-27 Jordan-Argentina,Jordan,Musa Al-Taamari,10,"FW,MF",29-017,45,1,0,0,0,2,1,0,0,0,1,0,0,0,0,0,,,5ec98037
INT-World Cup,2026,2026-06-27 Jordan-Argentina,Jordan,Nizar Al Rashdan,21,CM,27-096,75,0,0,0,0,0,0,0,0,1,1,0,0,1,2,0,,,5ec98037
INT-World Cup,2026,2026-06-27 Jordan-Argentina,Jordan,Noor Al Rawabdeh,8,CM,29-123,90,0,0,0,0,0,0,0,0,0,0,0,0,1,1,0,,,5ec98037
INT-World Cup,2026,2026-06-27 Jordan-Argentina,Jordan,Odeh Al-Fakhouri,11,FW,20-217,45,0,0,0,0,1,0,0,0,1,1,1,0,0,1,0,,,5ec98037
INT-World Cup,2026,2026-06-27 Jordan-Argentina,Jordan,Salim Obaid,17,DF,34-161,1,0,0,0,0,0,0,0,0,0,0,0,0,0,0,0,,,5ec98037
INT-World Cup,2026,2026-06-27 Jordan-Argentina,Jordan,Sharara,7,FW,28-179,1,0,0,0,0,0,0,1,0,1,0,0,0,0,0,0,,,5ec98037
INT-World Cup,2026,2026-06-27 Jordan-Argentina,Jordan,Yazan Al-Arab,5,CB,30-147,90,0,0,0,0,0,0,1,0,3,0,0,0,1,6,0,,,5ec98037
INT-World Cup,2026,2026-06-27 Jordan-Argentina,Jordan,Yazeed Abulaila,1,GK,33-170,90,0,0,0,0,0,0,0,0,0,0,0,0,0,0,0,,,5ec98037
INT-World Cup,2026,2026-06-27 Panama-England,England,Bukayo Saka,7,AM,24-295,62,0,1,0,0,3,0,0,0,1,1,1,5,1,0,0,,,d7e30dec
INT-World Cup,2026,2026-06-27 Panama-England,England,Djed Spence,25,"DF,MF",25-322,28,0,0,0,0,0,0,0,0,1,0,0,1,1,0,0,,,d7e30dec
INT-World Cup,2026,2026-06-27 Panama-England,England,Eberechi Eze,21,"FW,MF",27-363,20,0,0,0,0,1,0,0,0,0,0,0,0,0,0,0,,,d7e30dec
INT-World Cup,2026,2026-06-27 Panama-England,England,Elliot Anderson,8,DM,23-233,83,0,0,0,0,1,1,0,0,1,3,0,5,2,2,0,,,d7e30dec
INT-World Cup,2026,2026-06-27 Panama-England,England,Ezri Konsa,2,CB,28-247,90,0,0,0,0,0,0,0,0,3,3,0,0,1,1,0,,,d7e30dec
INT-World Cup,2026,2026-06-27 Panama-England,England,Harry Kane,9,FW,32-334,83,1,0,0,0,3,2,0,0,2,1,1,0,0,0,0,,,d7e30dec
INT-World Cup,2026,2026-06-27 Panama-England,England,Jarell Quansah,26,RB,23-149,62,0,0,0,0,0,0,1,0,0,0,0,0,0,0,0,,,d7e30dec
INT-World Cup,2026,2026-06-27 Panama-England,England,Jordan Henderson,14,MF,36-010,7,0,0,0,0,0,0,0,0,0,1,0,2,1,0,0,,,d7e30dec
INT-World Cup,2026,2026-06-27 Panama-England,England,Jordan Pickford,1,GK,32-112,90,0,0,0,0,0,0,0,0,0,0,0,0,0,0,0,,,d7e30dec
INT-World Cup,2026,2026-06-27 Panama-England,England,Jude Bellingham,10,DM,22-363,70,1,1,0,0,2,1,0,0,0,4,0,2,4,0,0,,,d7e30dec
INT-World Cup,2026,2026-06-27 Panama-England,England,Marc Guéhi,6,CB,25-349,90,0,0,0,0,0,0,0,0,0,2,0,0,0,2,0,,,d7e30dec
INT-World Cup,2026,2026-06-27 Panama-England,England,Marcus Rashford,11,AM,28-239,90,0,0,0,0,5,1,0,0,1,0,1,6,1,0,0,,,d7e30dec
INT-World Cup,2026,2026-06-27 Panama-England,England,Morgan Rogers,17,AM,23-336,90,0,0,0,0,0,0,0,0,2,1,1,0,2,0,0,,,d7e30dec
INT-World Cup,2026,2026-06-27 Panama-England,England,Nico O'Reilly,3,LB,21-098,90,0,0,0,0,1,0,0,0,2,0,0,1,3,0,0,,,d7e30dec
INT-World Cup,2026,2026-06-27 Panama-England,England,Noni Madueke,20,"FW,MF",24-109,28,0,0,0,0,1,1,0,0,0,0,0,2,1,0,0,,,d7e30dec
INT-World Cup,2026,2026-06-27 Panama-England,England,Ollie Watkins,19,"FW,MF",30-179,7,0,0,0,0,0,0,0,0,0,0,0,1,0,0,0,,,d7e30dec
INT-World Cup,2026,2026-06-27 Panama-England,Panama,Alberto Quintero,19,"FW,MF",38-191,3,0,0,0,0,0,0,0,0,1,0,0,1,0,0,0,,,d7e30dec
INT-World Cup,2026,2026-06-27 Panama-England,Panama,Andrés Andrade Cedeño,16,CB,27-254,90,0,0,0,0,0,0,1,0,1,0,0,1,1,2,0,,,d7e30dec
INT-World Cup,2026,2026-06-27 Panama-England,Panama,Azarías Londoño,24,MF,25-006,20,0,0,0,0,1,0,0,0,1,0,0,0,0,0,0,,,d7e30dec
INT-World Cup,2026,2026-06-27 Panama-England,Panama,Carlos Harvey,14,CM,26-144,87,0,0,0,0,2,0,0,0,2,1,0,0,1,0,0,,,d7e30dec
INT-World Cup,2026,2026-06-27 Panama-England,Panama,Cristian Martínez,6,RM,29-141,90,0,0,0,0,0,0,0,0,1,2,0,2,1,1,0,,,d7e30dec
INT-World Cup,2026,2026-06-27 Panama-England,Panama,Erick Davis,15,DF,35-088,3,0,0,0,0,1,0,0,0,0,1,0,0,0,0,0,,,d7e30dec
INT-World Cup,2026,2026-06-27 Panama-England,Panama,Fidel Escobar,4,CB,31-169,90,0,0,0,0,0,0,0,0,1,0,0,1,2,1,0,,,d7e30dec
INT-World Cup,2026,2026-06-27 Panama-England,Panama,Ismael Díaz,10,"FW,MF",29-046,20,0,0,0,0,4,0,0,0,0,0,2,0,1,0,0,,,d7e30dec
INT-World Cup,2026,2026-06-27 Panama-England,Panama,Jorge Gutiérrez,26,LB,27-299,87,0,0,0,0,0,0,0,0,1,2,0,0,1,1,0,,,d7e30dec
INT-World Cup,2026,2026-06-27 Panama-England,Panama,José Córdoba,3,CB,25-113,90,0,0,0,0,0,0,0,0,0,0,0,0,2,0,0,,,d7e30dec
INT-World Cup,2026,2026-06-27 Panama-England,Panama,José Fajardo,17,FW,32-313,45,0,0,0,0,0,0,1,0,2,1,1,0,1,0,0,,,d7e30dec
INT-World Cup,2026,2026-06-27 Panama-England,Panama,José Luis Rodríguez,7,LM,28-008,70,0,0,0,0,2,1,0,0,2,1,0,1,1,0,0,,,d7e30dec
INT-World Cup,2026,2026-06-27 Panama-England,Panama,Michael Amir Murillo,23,RB,30-136,90,0,0,0,0,2,0,0,0,0,3,1,1,0,0,0,,,d7e30dec
INT-World Cup,2026,2026-06-27 Panama-England,Panama,Orlando Mosquera,22,GK,31-184,90,0,0,0,0,0,0,0,0,0,0,0,0,0,0,0,,,d7e30dec
INT-World Cup,2026,2026-06-27 Panama-England,Panama,Tomás Rodríguez,9,FW,27-110,45,0,0,0,0,1,1,0,0,3,0,0,0,0,0,0,,,d7e30dec
INT-World Cup,2026,2026-06-27 Panama-England,Panama,Yoel Bárcenas,11,CM,32-247,70,0,0,0,0,0,0,0,0,1,1,0,2,0,1,0,,,d7e30dec
INT-World Cup,2026,2026-06-28 South Africa-Canada,Canada,Alistair Johnston,2,RB,27-263,90,0,0,0,0,0,0,0,0,0,0,0,1,0,1,0,,,c4104726
INT-World Cup,2026,2026-06-28 South Africa-Canada,Canada,Alphonso Davies,19,"DF,FW",25-238,16,0,0,0,0,0,0,0,0,0,0,0,0,0,0,0,,,c4104726
INT-World Cup,2026,2026-06-28 South Africa-Canada,Canada,Derek Cornelius,13,CB,28-215,90,0,0,0,0,1,1,0,0,0,1,0,0,0,0,0,,,c4104726
INT-World Cup,2026,2026-06-28 South Africa-Canada,Canada,Jacob Shaffelburg,14,MF,26-214,21,0,0,0,0,0,0,0,0,1,0,0,2,0,1,0,,,c4104726
INT-World Cup,2026,2026-06-28 South Africa-Canada,Canada,Jonathan David,10,FW,26-165,90,0,0,0,0,2,1,0,0,2,0,0,0,0,1,0,,,c4104726
INT-World Cup,2026,2026-06-28 South Africa-Canada,Canada,Liam Millar,11,LW,26-274,69,0,0,0,0,0,0,0,0,1,0,0,2,2,0,0,,,c4104726
INT-World Cup,2026,2026-06-28 South Africa-Canada,Canada,Luc De Fougerolles,4,DF,20-259,32,0,0,0,0,1,0,0,0,0,0,0,0,3,0,0,,,c4104726
INT-World Cup,2026,2026-06-28 South Africa-Canada,Canada,Maxime Crépeau,16,GK,32-048,90,0,0,0,0,0,0,0,0,0,1,0,0,0,0,0,,,c4104726
INT-World Cup,2026,2026-06-28 South Africa-Canada,Canada,Moïse Bombito,15,CB,26-090,58,0,0,0,0,1,1,0,0,0,0,0,0,0,1,0,,,c4104726
INT-World Cup,2026,2026-06-28 South Africa-Canada,Canada,Nathan Saliba,25,CM,22-141,58,0,0,0,0,0,0,1,0,3,2,0,0,1,3,0,,,c4104726
INT-World Cup,2026,2026-06-28 South Africa-Canada,Canada,Niko Sigur,23,"DF,MF",22-292,32,0,0,0,0,0,0,1,0,3,0,0,0,0,0,0,,,c4104726
INT-World Cup,2026,2026-06-28 South Africa-Canada,Canada,Promise David,24,FW,24-360,21,0,0,0,0,1,0,0,0,0,0,0,0,1,0,0,,,c4104726
INT-World Cup,2026,2026-06-28 South Africa-Canada,Canada,Richie Laryea,22,LB,31-172,90,0,0,0,0,0,0,0,0,4,3,0,0,4,0,0,,,c4104726
INT-World Cup,2026,2026-06-28 South Africa-Canada,Canada,Stephen Eustáquio,7,CM,29-189,90,1,0,0,0,2,1,0,0,0,1,0,7,2,1,0,,,c4104726
INT-World Cup,2026,2026-06-28 South Africa-Canada,Canada,Tajon Buchanan,17,RW,27-140,74,0,0,0,0,1,1,0,0,1,0,0,0,1,0,0,,,c4104726
INT-World Cup,2026,2026-06-28 South Africa-Canada,Canada,Tani Oluwaseyi,12,FW,26-044,69,0,0,0,0,3,2,0,0,1,2,0,0,1,0,0,,,c4104726
INT-World Cup,2026,2026-06-28 South Africa-Canada,South Africa,Aubrey Modiba,6,LB,30-341,90,0,0,0,0,0,0,0,0,0,3,0,2,0,3,0,,,c4104726
INT-World Cup,2026,2026-06-28 South Africa-Canada,South Africa,Evidence Makgopa,17,FW,26-023,85,0,0,0,0,0,0,0,0,0,0,0,0,0,0,0,,,c4104726
INT-World Cup,2026,2026-06-28 South Africa-Canada,South Africa,Ime Okon,21,CB,22-128,90,0,0,0,0,1,0,0,0,1,0,0,0,0,2,0,,,c4104726
INT-World Cup,2026,2026-06-28 South Africa-Canada,South Africa,Iqraam Rayners,15,"FW,MF",30-191,5,0,0,0,0,0,0,0,0,1,0,0,0,0,0,0,,,c4104726
INT-World Cup,2026,2026-06-28 South Africa-Canada,South Africa,Khuliso Mudau,20,RB,31-063,90,0,0,0,0,0,0,0,0,0,4,0,0,3,4,0,,,c4104726
INT-World Cup,2026,2026-06-28 South Africa-Canada,South Africa,Mbekezeli Mbokazi,14,CB,20-282,90,0,0,0,0,0,0,0,0,2,2,1,1,2,1,0,,,c4104726
INT-World Cup,2026,2026-06-28 South Africa-Canada,South Africa,Oswin Appollis,7,AM,24-307,90,0,0,0,0,2,0,0,0,0,1,0,3,1,1,0,,,c4104726
INT-World Cup,2026,2026-06-28 South Africa-Canada,South Africa,Relebohile Mofokeng,10,AM,21-248,45,0,0,0,0,0,0,0,0,1,2,0,0,0,0,0,,,c4104726
INT-World Cup,2026,2026-06-28 South Africa-Canada,South Africa,Ronwen Williams,1,GK,34-158,90,0,0,0,0,0,0,0,0,0,0,0,0,0,0,0,,,c4104726
INT-World Cup,2026,2026-06-28 South Africa-Canada,South Africa,Sphephelo Sithole,13,DM,27-117,90,0,0,0,0,0,0,0,0,1,0,0,0,5,2,0,,,c4104726
INT-World Cup,2026,2026-06-28 South Africa-Canada,South Africa,Teboho Mokoena,4,DM,29-155,90,0,0,0,0,2,1,0,0,0,1,0,1,2,1,0,,,c4104726
INT-World Cup,2026,2026-06-28 South Africa-Canada,South Africa,Thalente Mbatha,5,MF,26-104,45,0,0,0,0,1,0,0,0,2,0,0,1,0,1,0,,,c4104726
INT-World Cup,2026,2026-06-28 South Africa-Canada,South Africa,Thapelo Maseko,12,AM,22-229,85,0,0,0,0,0,0,0,0,2,3,0,0,1,1,0,,,c4104726
INT-World Cup,2026,2026-06-28 South Africa-Canada,South Africa,Tshepang Moremi,8,MF,25-269,5,0,0,0,0,0,0,0,0,0,0,0,0,0,0,0,,,c4104726
INT-World Cup,2026,2026-06-29 Brazil-Japan,Brazil,Alisson,1,GK,33-270,90,0,0,0,0,0,0,0,0,0,0,0,0,0,0,0,,,58289f35
INT-World Cup,2026,2026-06-29 Brazil-Japan,Brazil,Bruno Guimarães,8,CM,28-225,89,0,1,0,0,4,1,0,0,0,1,0,8,1,1,0,,,58289f35
INT-World Cup,2026,2026-06-29 Brazil-Japan,Brazil,Casemiro,5,DM,34-126,89,1,0,0,0,2,2,1,0,1,0,0,0,1,1,0,,,58289f35
INT-World Cup,2026,2026-06-29 Brazil-Japan,Brazil,Danilo,13,RB,34-349,90,0,0,0,0,0,0,1,0,1,1,0,4,0,2,0,,,58289f35
INT-World Cup,2026,2026-06-29 Brazil-Japan,Brazil,Danilo Santos,18,MF,25-061,1,0,0,0,0,0,0,0,0,0,0,0,0,0,0,0,,,58289f35
INT-World Cup,2026,2026-06-29 Brazil-Japan,Brazil,Douglas Santos,16,LB,32-099,90,0,0,0,0,0,0,0,0,0,1,0,5,0,1,0,,,58289f35
INT-World Cup,2026,2026-06-29 Brazil-Japan,Brazil,Endrick,19,FW,19-343,45,0,0,0,0,1,0,0,0,0,1,0,0,0,0,0,,,58289f35
INT-World Cup,2026,2026-06-29 Brazil-Japan,Brazil,Fabinho,17,"DF,MF",32-249,1,0,0,0,0,1,0,0,0,0,0,0,0,0,0,0,,,58289f35
INT-World Cup,2026,2026-06-29 Brazil-Japan,Brazil,Gabriel Magalhães,3,CB,28-192,90,0,1,0,0,0,0,0,0,0,0,0,3,0,2,0,,,58289f35
INT-World Cup,2026,2026-06-29 Brazil-Japan,Brazil,Gabriel Martinelli,22,"FW,MF",25-011,25,1,0,0,0,2,1,0,0,1,0,0,2,0,0,0,,,58289f35
INT-World Cup,2026,2026-06-29 Brazil-Japan,Brazil,Lucas Paquetá,20,CM,28-306,45,0,0,0,0,2,0,0,0,0,1,0,2,2,0,0,,,58289f35
INT-World Cup,2026,2026-06-29 Brazil-Japan,Brazil,Marquinhos,4,CB,32-046,90,0,0,0,0,0,0,0,0,0,1,1,1,1,1,0,,,58289f35
INT-World Cup,2026,2026-06-29 Brazil-Japan,Brazil,Matheus Cunha,9,FW,27-033,65,0,0,0,0,3,1,0,0,1,0,0,0,1,0,0,,,58289f35
INT-World Cup,2026,2026-06-29 Brazil-Japan,Brazil,Rayan,26,FW,19-330,90,0,0,0,0,1,0,0,0,0,1,0,8,2,0,0,,,58289f35
INT-World Cup,2026,2026-06-29 Brazil-Japan,Brazil,Vinicius Júnior,7,FW,25-352,90,0,0,0,0,3,2,0,0,0,3,0,7,0,1,0,,,58289f35
INT-World Cup,2026,2026-06-29 Brazil-Japan,Japan,Ao Tanaka,7,MF,27-292,13,0,0,0,0,0,0,0,0,1,0,0,0,1,0,0,,,58289f35
INT-World Cup,2026,2026-06-29 Brazil-Japan,Japan,Ayase Ueda,18,FW,27-292,90,0,0,0,0,2,1,0,0,2,0,0,0,0,0,0,,,58289f35
INT-World Cup,2026,2026-06-29 Brazil-Japan,Japan,Daichi Kamada,15,DM,29-328,77,0,0,0,0,1,0,1,0,1,0,0,0,0,0,0,,,58289f35
INT-World Cup,2026,2026-06-29 Brazil-Japan,Japan,Daizen Maeda,11,AM,28-252,89,0,0,0,0,0,0,0,0,0,1,0,1,1,2,0,,,58289f35
INT-World Cup,2026,2026-06-29 Brazil-Japan,Japan,Hiroki Ito,21,CB,27-048,90,0,0,0,0,0,0,0,0,0,0,0,2,0,0,0,,,58289f35
INT-World Cup,2026,2026-06-29 Brazil-Japan,Japan,Junnosuke Suzuki,25,DF,22-352,25,0,0,0,0,0,0,1,0,2,0,0,0,0,0,0,,,58289f35
INT-World Cup,2026,2026-06-29 Brazil-Japan,Japan,Junya Itō,14,AM,33-112,77,0,0,0,0,1,0,0,0,0,2,0,3,1,0,0,,,58289f35
INT-World Cup,2026,2026-06-29 Brazil-Japan,Japan,Kaishū Sano,24,DM,25-181,90,1,0,0,0,1,1,1,0,2,0,0,0,0,1,0,,,58289f35
INT-World Cup,2026,2026-06-29 Brazil-Japan,Japan,Keito Nakamura,13,DM,25-336,65,0,0,0,0,0,0,0,0,0,0,0,2,0,0,0,,,58289f35
INT-World Cup,2026,2026-06-29 Brazil-Japan,Japan,Kōki Ogawa,19,FW,28-325,1,0,0,0,0,0,0,0,0,0,0,0,0,0,0,0,,,58289f35
INT-World Cup,2026,2026-06-29 Brazil-Japan,Japan,Ritsu Doan,10,DM,28-013,65,0,0,0,0,0,0,0,0,2,0,0,0,0,0,0,,,58289f35
INT-World Cup,2026,2026-06-29 Brazil-Japan,Japan,Shogo Taniguchi,3,CB,34-349,90,0,0,0,0,0,0,0,0,1,0,0,0,0,1,0,,,58289f35
INT-World Cup,2026,2026-06-29 Brazil-Japan,Japan,Shuto Machino,6,FW,26-272,13,0,0,0,0,0,0,0,0,1,0,0,1,0,0,0,,,58289f35
INT-World Cup,2026,2026-06-29 Brazil-Japan,Japan,Takehiro Tomiyasu,22,CB,27-236,90,0,0,0,0,0,0,0,0,1,1,0,0,0,1,0,,,58289f35
INT-World Cup,2026,2026-06-29 Brazil-Japan,Japan,Yukinari Sugawara,2,"DF,FW",26-001,25,0,0,0,0,0,0,0,0,0,0,0,1,1,0,0,,,58289f35
INT-World Cup,2026,2026-06-29 Brazil-Japan,Japan,Zion Suzuki,1,GK,23-312,90,0,0,0,0,0,0,0,0,0,0,0,0,0,0,0,,,58289f35
INT-World Cup,2026,2026-06-29 Germany-Paraguay,Germany,Aleksandar Pavlovic,5,CM,22-057,78,0,0,0,0,1,0,0,0,5,0,0,0,0,2,0,,,89da405b
INT-World Cup,2026,2026-06-29 Germany-Paraguay,Germany,Antonio Rüdiger,2,CB,33-118,109,0,0,0,0,0,0,0,0,1,0,0,3,0,0,0,,,89da405b
INT-World Cup,2026,2026-06-29 Germany-Paraguay,Germany,Deniz Undav,26,FW,29-345,62,0,0,0,0,1,0,0,0,1,0,0,1,0,0,0,,,89da405b
INT-World Cup,2026,2026-06-29 Germany-Paraguay,Germany,Felix Nmecha,23,CM,25-262,45,0,0,0,0,0,0,0,0,1,0,0,1,1,0,0,,,89da405b
INT-World Cup,2026,2026-06-29 Germany-Paraguay,Germany,Florian Wirtz,17,LW,23-057,109,0,1,0,0,2,0,0,0,0,2,1,10,2,0,0,,,89da405b
INT-World Cup,2026,2026-06-29 Germany-Paraguay,Germany,Jamal Musiala,10,MF,23-123,58,0,0,0,0,0,0,1,0,1,2,0,4,1,0,0,,,89da405b
INT-World Cup,2026,2026-06-29 Germany-Paraguay,Germany,Jonathan Tah,4,CB,30-138,120,0,0,0,0,1,1,0,0,2,0,0,1,0,0,0,,,89da405b
INT-World Cup,2026,2026-06-29 Germany-Paraguay,Germany,Joshua Kimmich,6,RB,31-141,120,0,0,0,0,5,1,0,0,0,2,0,16,1,0,0,,,89da405b
INT-World Cup,2026,2026-06-29 Germany-Paraguay,Germany,Kai Havertz,7,FW,27-018,120,1,0,0,0,4,3,1,0,2,3,1,1,0,0,0,,,89da405b
INT-World Cup,2026,2026-06-29 Germany-Paraguay,Germany,Leon Goretzka,8,MF,31-143,75,0,0,0,0,2,0,0,0,0,0,0,1,0,0,0,,,89da405b
INT-World Cup,2026,2026-06-29 Germany-Paraguay,Germany,Leroy Sané,19,RW,30-169,87,0,0,0,0,1,0,0,0,0,0,1,8,0,1,0,,,89da405b
INT-World Cup,2026,2026-06-29 Germany-Paraguay,Germany,Malick Thiaw,24,"DF,MF",24-325,11,0,0,0,0,0,0,0,0,0,0,0,0,0,0,0,,,89da405b
INT-World Cup,2026,2026-06-29 Germany-Paraguay,Germany,Manuel Neuer,1,GK,40-094,120,0,0,0,0,0,0,0,0,0,1,0,0,0,0,0,,,89da405b
INT-World Cup,2026,2026-06-29 Germany-Paraguay,Germany,Nadiem Amiri,20,MF,29-245,11,0,0,0,0,1,0,0,0,0,0,0,0,1,0,0,,,89da405b
INT-World Cup,2026,2026-06-29 Germany-Paraguay,Germany,Nathaniel Brown,18,LB,23-013,120,0,0,0,0,0,0,0,0,2,1,0,9,3,0,0,,,89da405b
INT-World Cup,2026,2026-06-29 Germany-Paraguay,Germany,Nick Woltemade,11,"FW,MF",24-135,33,0,0,0,0,2,0,0,0,0,0,0,0,1,0,0,,,89da405b
INT-World Cup,2026,2026-06-29 Germany-Paraguay,Germany,Waldemar Anton,3,"DF,MF",29-344,42,0,0,0,0,1,1,0,0,3,1,1,1,0,1,0,,,89da405b
INT-World Cup,2026,2026-06-29 Germany-Paraguay,Paraguay,Andrés Cubas,14,DM,30-038,120,0,0,0,0,0,0,1,0,1,1,0,0,3,3,0,,,89da405b
INT-World Cup,2026,2026-06-29 Germany-Paraguay,Paraguay,Antonio Sanabria,9,FW,30-117,22,0,0,0,0,0,0,0,0,0,1,0,0,2,0,0,,,89da405b
INT-World Cup,2026,2026-06-29 Germany-Paraguay,Paraguay,Braian Ojeda,20,MF,26-002,22,0,0,0,0,0,0,0,0,0,0,0,0,0,0,0,,,89da405b
INT-World Cup,2026,2026-06-29 Germany-Paraguay,Paraguay,Damián Bobadilla,16,CM,24-353,98,0,0,0,0,0,0,0,0,1,0,0,1,3,3,0,,,89da405b
INT-World Cup,2026,2026-06-29 Germany-Paraguay,Paraguay,Fabián Balbuena,5,DF,34-310,1,0,0,0,0,0,0,0,0,0,0,0,0,0,0,0,,,89da405b
INT-World Cup,2026,2026-06-29 Germany-Paraguay,Paraguay,Gabriel Ávalos,21,FW,35-260,54,0,0,0,0,0,0,0,0,0,1,0,0,0,0,0,,,89da405b
INT-World Cup,2026,2026-06-29 Germany-Paraguay,Paraguay,Gustavo Caballero,24,"FW,MF",24-281,66,0,0,0,0,1,1,0,0,0,2,1,0,1,0,0,,,89da405b
INT-World Cup,2026,2026-06-29 Germany-Paraguay,Paraguay,Gustavo Gómez,15,CB,33-054,120,0,0,0,0,1,0,0,0,1,0,0,0,0,1,0,,,89da405b
INT-World Cup,2026,2026-06-29 Germany-Paraguay,Paraguay,Gustavo Velásquez,2,DF,35-073,30,0,0,0,0,0,0,0,0,0,0,0,0,0,0,0,,,89da405b
INT-World Cup,2026,2026-06-29 Germany-Paraguay,Paraguay,José Canale,13,CB,29-344,120,0,0,0,0,0,0,0,0,0,2,0,1,5,1,0,,,89da405b
INT-World Cup,2026,2026-06-29 Germany-Paraguay,Paraguay,Juan Cáceres,4,RB,26-028,98,0,0,0,0,0,0,0,0,1,0,0,4,0,1,0,,,89da405b
INT-World Cup,2026,2026-06-29 Germany-Paraguay,Paraguay,Julio Enciso,19,FW,22-157,57,1,0,0,0,3,1,0,0,1,0,0,2,0,0,0,,,89da405b
INT-World Cup,2026,2026-06-29 Germany-Paraguay,Paraguay,Júnior Alonso,6,LB,33-140,119,0,0,0,0,1,1,0,0,2,0,0,1,3,0,0,,,89da405b
INT-World Cup,2026,2026-06-29 Germany-Paraguay,Paraguay,Matías Galarza,23,CM,24-138,120,0,1,0,0,0,0,1,0,4,3,0,1,2,2,0,,,89da405b
INT-World Cup,2026,2026-06-29 Germany-Paraguay,Paraguay,Mauricio,11,MF,25-038,63,0,0,0,0,0,0,0,0,1,1,0,8,1,1,0,,,89da405b
INT-World Cup,2026,2026-06-29 Germany-Paraguay,Paraguay,Miguel Almirón,10,FW,32-139,90,0,0,0,0,1,0,0,0,0,3,0,3,1,1,0,,,89da405b
INT-World Cup,2026,2026-06-29 Germany-Paraguay,Paraguay,Orlando Gill,12,GK,26-018,120,0,0,0,0,0,0,0,0,0,3,0,0,0,0,0,,,89da405b
INT-World Cup,2026,2026-06-29 Netherlands-Morocco,Morocco,Achraf Hakimi,2,RB,27-237,120,0,0,0,0,3,1,0,0,0,2,0,9,1,2,0,,,bebca560
INT-World Cup,2026,2026-06-29 Netherlands-Morocco,Morocco,Anass Salah-Eddine,26,DF,24-162,46,0,0,0,0,1,0,0,0,2,1,0,0,2,0,0,,,bebca560
INT-World Cup,2026,2026-06-29 Netherlands-Morocco,Morocco,Ayyoub Bouaddi,6,DM,18-270,78,0,0,0,0,2,0,0,0,0,2,0,0,1,0,0,,,bebca560
INT-World Cup,2026,2026-06-29 Netherlands-Morocco,Morocco,Azzedine Ounahi,8,AM,26-071,85,0,0,0,0,1,0,0,0,1,1,0,1,0,1,0,,,bebca560
INT-World Cup,2026,2026-06-29 Netherlands-Morocco,Morocco,Bilal El Khannouss,23,AM,22-050,86,0,0,0,0,1,1,0,0,0,1,0,4,1,0,0,,,bebca560
INT-World Cup,2026,2026-06-29 Netherlands-Morocco,Morocco,Brahim Díaz,10,AM,26-330,78,0,0,0,0,0,0,0,0,0,0,0,0,1,0,0,,,bebca560
INT-World Cup,2026,2026-06-29 Netherlands-Morocco,Morocco,Chadi Riad,18,CB,23-012,74,0,0,0,0,0,0,0,0,0,1,0,0,0,1,0,,,bebca560
INT-World Cup,2026,2026-06-29 Netherlands-Morocco,Morocco,Chemsdine Talbi,7,MF,21-051,34,0,1,0,0,0,0,0,0,0,1,0,4,0,0,0,,,bebca560
INT-World Cup,2026,2026-06-29 Netherlands-Morocco,Morocco,Gessime Yassine,16,MF,20-219,42,0,0,0,0,0,0,0,0,0,1,0,0,2,1,0,,,bebca560
INT-World Cup,2026,2026-06-29 Netherlands-Morocco,Morocco,Ismael Saibari,11,FW,25-152,120,0,0,0,0,0,0,0,0,5,1,0,0,0,0,0,,,bebca560
INT-World Cup,2026,2026-06-29 Netherlands-Morocco,Morocco,Issa Diop,14,CB,29-171,120,1,0,0,0,1,1,1,0,2,0,0,0,0,3,0,,,bebca560
INT-World Cup,2026,2026-06-29 Netherlands-Morocco,Morocco,Neil El Aynaoui,24,DM,24-362,120,0,0,0,0,1,1,0,0,5,1,0,0,2,1,0,,,bebca560
INT-World Cup,2026,2026-06-29 Netherlands-Morocco,Morocco,Noussair Mazraoui,3,LB,28-227,120,0,0,0,0,0,0,0,0,0,0,0,0,4,1,0,,,bebca560
INT-World Cup,2026,2026-06-29 Netherlands-Morocco,Morocco,Samir El Mourabet,15,MF,20-266,42,0,0,0,0,0,0,0,0,0,0,0,0,0,0,0,,,bebca560
INT-World Cup,2026,2026-06-29 Netherlands-Morocco,Morocco,Soufiane Rahimi,9,FW,30-027,35,0,0,0,0,1,1,0,0,0,2,0,0,0,0,0,,,bebca560
INT-World Cup,2026,2026-06-29 Netherlands-Morocco,Morocco,Yassine Bounou,1,GK,35-085,120,0,0,0,0,0,0,0,0,0,1,0,0,0,0,0,,,bebca560
INT-World Cup,2026,2026-06-29 Netherlands-Morocco,Netherlands,Bart Verbruggen,1,GK,23-315,120,0,0,0,0,0,0,0,0,0,0,0,0,0,0,0,,,bebca560
INT-World Cup,2026,2026-06-29 Netherlands-Morocco,Netherlands,Brian Brobbey,19,FW,24-148,70,0,0,0,0,0,0,0,0,2,2,1,0,0,0,0,,,bebca560
INT-World Cup,2026,2026-06-29 Netherlands-Morocco,Netherlands,Cody Gakpo,11,FW,27-053,112,1,0,0,0,1,1,0,0,2,1,0,1,1,0,0,,,bebca560
INT-World Cup,2026,2026-06-29 Netherlands-Morocco,Netherlands,Crysencio Summerville,24,FW,24-242,120,0,1,0,0,0,0,0,0,1,1,1,3,1,0,0,,,bebca560
INT-World Cup,2026,2026-06-29 Netherlands-Morocco,Netherlands,Denzel Dumfries,22,RM,30-072,120,0,0,0,0,1,0,0,0,4,1,1,2,1,0,0,,,bebca560
INT-World Cup,2026,2026-06-29 Netherlands-Morocco,Netherlands,Frenkie de Jong,21,CM,29-048,109,0,0,0,0,0,0,0,0,3,3,0,0,2,2,0,,,bebca560
INT-World Cup,2026,2026-06-29 Netherlands-Morocco,Netherlands,Jan Paul van Hecke,6,CB,26-021,120,0,0,0,0,0,0,0,0,1,1,0,1,1,2,0,,,bebca560
INT-World Cup,2026,2026-06-29 Netherlands-Morocco,Netherlands,Jorrel Hato,25,DF,20-114,35,0,0,0,0,0,0,0,0,0,0,0,1,0,0,0,,,bebca560
INT-World Cup,2026,2026-06-29 Netherlands-Morocco,Netherlands,Justin Kluivert,7,"FW,MF",27-055,8,0,0,0,0,0,0,0,0,0,0,0,0,0,0,0,,,bebca560
INT-World Cup,2026,2026-06-29 Netherlands-Morocco,Netherlands,Marten de Roon,3,"DF,MF",35-092,11,0,0,0,0,0,0,0,0,0,0,0,0,0,0,0,,,bebca560
INT-World Cup,2026,2026-06-29 Netherlands-Morocco,Netherlands,Micky van de Ven,15,LM,25-071,85,0,0,0,0,2,1,0,0,2,0,0,0,1,2,0,,,bebca560
INT-World Cup,2026,2026-06-29 Netherlands-Morocco,Netherlands,Nathan Aké,5,CB,31-131,70,0,0,0,0,0,0,0,0,0,0,0,0,0,2,0,,,bebca560
INT-World Cup,2026,2026-06-29 Netherlands-Morocco,Netherlands,Quinten Timber,26,MF,25-012,35,0,0,0,0,0,0,0,0,0,2,0,0,0,1,0,,,bebca560
INT-World Cup,2026,2026-06-29 Netherlands-Morocco,Netherlands,Ryan Gravenberch,8,CM,24-044,85,0,0,0,0,2,0,0,0,1,1,0,0,0,1,0,,,bebca560
INT-World Cup,2026,2026-06-29 Netherlands-Morocco,Netherlands,Teun Koopmeiners,20,"DF,MF",28-121,50,0,0,0,0,0,0,0,0,1,0,0,2,1,1,0,,,bebca560
INT-World Cup,2026,2026-06-29 Netherlands-Morocco,Netherlands,Virgil van Dijk,4,CB,34-356,120,0,0,0,0,0,0,0,0,0,1,0,0,0,0,0,,,bebca560
INT-World Cup,2026,2026-06-29 Netherlands-Morocco,Netherlands,Wout Weghorst,9,FW,33-326,50,0,0,0,0,0,0,0,0,1,2,0,0,1,0,0,,,bebca560
INT-World Cup,2026,2026-06-30 Côte d'Ivoire-Norway,Côte d'Ivoire,Amad Diallo,15,"FW,MF",23-354,31,1,0,0,0,2,2,0,0,0,0,1,2,0,0,0,,,d280258e
INT-World Cup,2026,2026-06-30 Côte d'Ivoire-Norway,Côte d'Ivoire,Ange-Yoan Bonny,9,FW,22-248,59,0,0,0,0,0,0,0,0,0,0,1,0,1,0,0,,,d280258e
INT-World Cup,2026,2026-06-30 Côte d'Ivoire-Norway,Côte d'Ivoire,Bazoumana Touré,24,MF,20-120,1,0,0,0,0,0,0,0,0,0,0,0,0,1,0,0,,,d280258e
INT-World Cup,2026,2026-06-30 Côte d'Ivoire-Norway,Côte d'Ivoire,Christ Inao Oulaï,26,CM,20-085,59,0,0,0,0,0,0,0,0,0,0,0,0,1,0,0,,,d280258e
INT-World Cup,2026,2026-06-30 Côte d'Ivoire-Norway,Côte d'Ivoire,Elye Wahi,12,FW,23-179,31,0,0,0,0,0,0,0,0,0,0,0,0,0,0,0,,,d280258e
INT-World Cup,2026,2026-06-30 Côte d'Ivoire-Norway,Côte d'Ivoire,Emmanuel Agbadou,20,CB,29-013,90,0,0,0,0,3,1,0,0,0,0,0,0,2,0,0,,,d280258e
INT-World Cup,2026,2026-06-30 Côte d'Ivoire-Norway,Côte d'Ivoire,Evann Guessand,22,"FW,MF",24-364,1,0,0,0,0,1,0,0,0,0,0,0,0,0,0,0,,,d280258e
INT-World Cup,2026,2026-06-30 Côte d'Ivoire-Norway,Côte d'Ivoire,Franck Kessié,8,CM,29-193,90,0,0,0,0,1,1,0,0,2,0,0,2,1,0,0,,,d280258e
INT-World Cup,2026,2026-06-30 Côte d'Ivoire-Norway,Côte d'Ivoire,Ghislain Konan,3,LB,30-185,89,0,0,0,0,2,0,0,0,0,1,0,5,2,0,0,,,d280258e
INT-World Cup,2026,2026-06-30 Côte d'Ivoire-Norway,Côte d'Ivoire,Guéla Doué,17,RB,23-256,90,0,0,0,0,1,0,0,0,2,1,0,5,4,1,0,,,d280258e
INT-World Cup,2026,2026-06-30 Côte d'Ivoire-Norway,Côte d'Ivoire,Ibrahim Sangaré,18,DM,28-210,90,0,0,0,0,1,0,0,0,1,1,0,0,0,2,0,,,d280258e
INT-World Cup,2026,2026-06-30 Côte d'Ivoire-Norway,Côte d'Ivoire,Nicolas Pépé,19,FW,31-032,86,0,1,0,0,2,1,0,0,0,1,0,7,0,1,0,,,d280258e
INT-World Cup,2026,2026-06-30 Côte d'Ivoire-Norway,Côte d'Ivoire,Odilon Kossounou,7,CB,25-177,90,0,0,0,0,0,0,0,0,0,0,0,0,2,0,0,,,d280258e
INT-World Cup,2026,2026-06-30 Côte d'Ivoire-Norway,Côte d'Ivoire,Oumar Diakité,14,FW,22-192,4,0,0,0,0,0,0,0,0,0,0,0,1,1,0,0,,,d280258e
INT-World Cup,2026,2026-06-30 Côte d'Ivoire-Norway,Côte d'Ivoire,Yahia Fofana,1,GK,25-313,90,0,0,0,0,0,0,0,0,0,0,0,0,0,0,0,,,d280258e
INT-World Cup,2026,2026-06-30 Côte d'Ivoire-Norway,Côte d'Ivoire,Yan Diomandé,11,FW,19-228,89,0,0,0,0,1,0,0,0,1,3,0,7,3,0,0,,,d280258e
INT-World Cup,2026,2026-06-30 Côte d'Ivoire-Norway,Norway,Alexander Sørloth,7,FW,30-207,70,0,0,0,0,1,0,0,0,1,0,1,1,0,0,0,,,d280258e
INT-World Cup,2026,2026-06-30 Côte d'Ivoire-Norway,Norway,Andreas Schjelderup,21,"FW,MF",22-029,20,0,0,0,0,1,0,0,0,0,1,0,1,0,0,0,,,d280258e
INT-World Cup,2026,2026-06-30 Côte d'Ivoire-Norway,Norway,Antonio Nusa,20,FW,21-074,70,1,0,0,0,1,1,1,0,1,1,1,0,1,0,0,,,d280258e
INT-World Cup,2026,2026-06-30 Côte d'Ivoire-Norway,Norway,David Møller Wolfe,5,LB,24-068,90,0,0,0,0,0,0,0,0,2,0,0,0,0,2,0,,,d280258e
INT-World Cup,2026,2026-06-30 Côte d'Ivoire-Norway,Norway,Erling Haaland,9,FW,25-344,90,1,0,0,0,4,2,0,0,0,0,0,0,0,0,0,,,d280258e
INT-World Cup,2026,2026-06-30 Côte d'Ivoire-Norway,Norway,Fredrik Aursnes,14,"DF,MF",30-202,8,0,0,0,0,0,0,0,0,0,1,0,0,0,0,0,,,d280258e
INT-World Cup,2026,2026-06-30 Côte d'Ivoire-Norway,Norway,Kristoffer Ajer,3,CB,28-074,90,0,0,0,0,0,0,0,0,0,0,0,0,2,0,0,,,d280258e
INT-World Cup,2026,2026-06-30 Côte d'Ivoire-Norway,Norway,Marcus Pedersen,16,RB,25-349,82,0,0,0,0,0,0,0,0,1,0,0,3,0,0,0,,,d280258e
INT-World Cup,2026,2026-06-30 Côte d'Ivoire-Norway,Norway,Martin Ødegaard,10,CM,27-195,90,0,1,0,0,1,0,0,0,2,1,0,3,1,1,0,,,d280258e
INT-World Cup,2026,2026-06-30 Côte d'Ivoire-Norway,Norway,Oscar Bobb,22,"FW,MF",22-353,20,0,0,0,0,0,0,0,0,0,0,0,0,1,0,0,,,d280258e
INT-World Cup,2026,2026-06-30 Côte d'Ivoire-Norway,Norway,Patrick Berg,6,CM,28-218,90,0,1,0,0,0,0,0,0,0,0,0,2,3,1,0,,,d280258e
INT-World Cup,2026,2026-06-30 Côte d'Ivoire-Norway,Norway,Sander Berge,8,DM,28-136,90,0,0,0,0,0,0,0,0,0,0,0,0,2,1,0,,,d280258e
INT-World Cup,2026,2026-06-30 Côte d'Ivoire-Norway,Norway,Torbjørn Heggem,17,CB,27-169,90,0,0,0,0,1,1,0,0,0,0,0,0,1,1,0,,,d280258e
INT-World Cup,2026,2026-06-30 Côte d'Ivoire-Norway,Norway,Ørjan Nyland,1,GK,35-293,90,0,0,0,0,0,0,0,0,0,0,0,0,0,0,0,,,d280258e
INT-World Cup,2026,2026-06-30 France-Sweden,France,Adrien Rabiot,14,DM,31-088,90,0,0,0,0,2,1,0,0,4,1,0,0,1,2,0,,,da47849b
INT-World Cup,2026,2026-06-30 France-Sweden,France,Aurélien Tchouaméni,8,DM,26-154,90,0,0,0,0,1,0,0,0,1,2,0,0,2,1,0,,,da47849b
INT-World Cup,2026,2026-06-30 France-Sweden,France,Bradley Barcola,12,AM,23-301,90,1,0,0,0,3,2,0,0,0,0,1,0,1,0,0,,,da47849b
INT-World Cup,2026,2026-06-30 France-Sweden,France,Dayot Upamecano,4,CB,27-246,90,0,0,0,0,2,0,0,0,1,0,0,0,0,1,0,,,da47849b
INT-World Cup,2026,2026-06-30 France-Sweden,France,Désiré Doué,20,"FW,MF",21-027,16,0,0,0,0,1,1,0,0,0,1,0,1,1,0,0,,,da47849b
INT-World Cup,2026,2026-06-30 France-Sweden,France,Jean-Philippe Mateta,22,FW,29-002,6,0,0,0,0,1,0,0,0,1,0,0,0,0,0,0,,,da47849b
INT-World Cup,2026,2026-06-30 France-Sweden,France,Jules Koundé,5,RB,27-230,74,0,0,0,0,1,0,0,0,0,1,0,2,0,0,0,,,da47849b
INT-World Cup,2026,2026-06-30 France-Sweden,France,Kylian Mbappé,10,FW,27-192,84,2,0,0,0,5,4,0,0,1,1,1,1,0,0,0,,,da47849b
INT-World Cup,2026,2026-06-30 France-Sweden,France,Lucas Digne,3,LB,32-345,77,0,0,0,0,1,1,0,0,1,1,0,0,0,0,0,,,da47849b
INT-World Cup,2026,2026-06-30 France-Sweden,France,Malo Gusto,2,"DF,MF",23-042,16,0,0,0,0,0,0,0,0,1,0,0,0,0,0,0,,,da47849b
INT-World Cup,2026,2026-06-30 France-Sweden,France,Michael Olise,11,AM,24-200,84,0,2,0,0,6,3,0,0,1,1,0,8,1,0,0,,,da47849b
INT-World Cup,2026,2026-06-30 France-Sweden,France,Mike Maignan,16,GK,30-362,90,0,0,0,0,0,0,0,0,0,0,0,0,0,0,0,,,da47849b
INT-World Cup,2026,2026-06-30 France-Sweden,France,Ousmane Dembélé,7,AM,29-046,74,0,1,0,0,2,0,0,0,0,1,1,3,1,0,0,,,da47849b
INT-World Cup,2026,2026-06-30 France-Sweden,France,Rayan Cherki,24,"FW,MF",22-317,6,0,0,0,0,0,0,0,0,1,0,0,0,0,0,0,,,da47849b
INT-World Cup,2026,2026-06-30 France-Sweden,France,Theo Hernández,19,"DF,MF",28-267,13,0,0,0,0,0,0,0,0,0,0,0,1,0,0,0,,,da47849b
INT-World Cup,2026,2026-06-30 France-Sweden,France,William Saliba,17,CB,25-098,90,0,0,0,0,0,0,0,0,2,0,0,0,0,1,0,,,da47849b
INT-World Cup,2026,2026-06-30 France-Sweden,Sweden,Alexander Isak,9,FW,26-282,88,0,0,0,0,2,1,0,0,3,0,0,0,1,0,0,,,da47849b
INT-World Cup,2026,2026-06-30 France-Sweden,Sweden,Anthony Elanga,11,RW,24-064,90,0,0,0,0,0,0,0,0,0,1,0,4,0,1,0,,,da47849b
INT-World Cup,2026,2026-06-30 France-Sweden,Sweden,Benjamin Nygren,10,"FW,MF",24-357,9,0,0,0,0,0,0,0,0,0,0,0,1,0,0,0,,,da47849b
INT-World Cup,2026,2026-06-30 France-Sweden,Sweden,Besfort Zeneli,22,MF,23-221,25,0,0,0,0,0,0,0,0,1,0,0,0,0,1,0,,,da47849b
INT-World Cup,2026,2026-06-30 France-Sweden,Sweden,Daniel Svensson,8,RB,24-138,81,0,0,0,0,0,0,0,0,0,0,1,2,2,1,0,,,da47849b
INT-World Cup,2026,2026-06-30 France-Sweden,Sweden,Elliot Stroud,24,LW,24-008,65,0,0,0,0,1,0,0,0,0,1,0,1,0,1,0,,,da47849b
INT-World Cup,2026,2026-06-30 France-Sweden,Sweden,Gabriel Gudmundsson,5,LB,27-062,90,0,0,0,0,0,0,0,0,1,0,0,0,2,2,0,,,da47849b
INT-World Cup,2026,2026-06-30 France-Sweden,Sweden,Gustaf Lagerbielke,2,CB,26-081,90,0,0,0,0,0,0,0,0,0,1,0,0,1,3,0,,,da47849b
INT-World Cup,2026,2026-06-30 France-Sweden,Sweden,Gustaf Nilsson,25,FW,29-038,2,0,0,0,0,1,0,0,0,0,0,0,0,0,0,0,,,da47849b
INT-World Cup,2026,2026-06-30 France-Sweden,Sweden,Jacob Widell Zetterström,1,GK,27-354,90,0,0,0,0,0,0,0,0,0,0,0,0,0,0,0,,,da47849b
INT-World Cup,2026,2026-06-30 France-Sweden,Sweden,Lucas Bergvall,7,CM,20-148,65,0,0,0,0,1,0,0,0,3,1,0,0,0,1,0,,,da47849b
INT-World Cup,2026,2026-06-30 France-Sweden,Sweden,Mattias Svanberg,19,MF,27-176,9,0,0,0,0,2,1,0,0,0,1,0,0,1,1,0,,,da47849b
INT-World Cup,2026,2026-06-30 France-Sweden,Sweden,Taha Ali,26,"FW,MF",27-364,25,0,0,0,0,0,0,0,0,0,2,0,0,0,0,0,,,da47849b
INT-World Cup,2026,2026-06-30 France-Sweden,Sweden,Victor Lindelöf,3,CB,31-348,90,0,0,0,0,0,0,0,0,0,0,0,0,0,0,0,,,da47849b
INT-World Cup,2026,2026-06-30 France-Sweden,Sweden,Viktor Gyökeres,17,FW,28-026,90,0,0,0,0,1,1,0,0,0,4,0,0,1,0,0,,,da47849b
INT-World Cup,2026,2026-06-30 France-Sweden,Sweden,Yasin Ayari,18,CM,22-267,81,0,0,0,0,0,0,0,0,2,2,0,2,0,1,0,,,da47849b
INT-World Cup,2026,2026-06-30 Mexico-Ecuador,Ecuador,Alan Franco,21,RB,27-313,45,0,0,0,0,0,0,1,0,1,0,0,1,0,0,0,,,5eca3d3a
INT-World Cup,2026,2026-06-30 Mexico-Ecuador,Ecuador,Enner Valencia,13,FW,36-238,58,0,0,0,0,0,0,0,0,2,0,1,1,0,0,0,,,5eca3d3a
INT-World Cup,2026,2026-06-30 Mexico-Ecuador,Ecuador,Gonzalo Plata,19,FW,25-241,90,0,0,0,0,0,0,0,0,0,2,0,0,1,1,0,,,5eca3d3a
INT-World Cup,2026,2026-06-30 Mexico-Ecuador,Ecuador,Hernán Galíndez,1,GK,39-092,90,0,0,0,0,0,0,0,0,0,0,0,0,0,0,0,,,5eca3d3a
INT-World Cup,2026,2026-06-30 Mexico-Ecuador,Ecuador,Joel Ordóñez,4,CB,22-070,45,0,0,0,0,0,0,0,0,0,0,0,0,0,0,0,,,5eca3d3a
INT-World Cup,2026,2026-06-30 Mexico-Ecuador,Ecuador,John Yeboah,9,RW,26-007,78,0,0,0,0,2,1,0,0,0,3,0,0,1,0,0,,,5eca3d3a
INT-World Cup,2026,2026-06-30 Mexico-Ecuador,Ecuador,Jordy Caicedo,16,FW,28-224,12,0,0,0,0,1,0,0,0,2,0,0,0,0,0,0,,,5eca3d3a
INT-World Cup,2026,2026-06-30 Mexico-Ecuador,Ecuador,Kendry Páez,10,MF,19-057,12,0,0,0,0,0,0,1,0,1,0,0,0,0,0,0,,,5eca3d3a
INT-World Cup,2026,2026-06-30 Mexico-Ecuador,Ecuador,Kevin Rodríguez,11,FW,26-118,32,0,0,0,0,1,0,0,0,1,0,0,0,0,0,0,,,5eca3d3a
INT-World Cup,2026,2026-06-30 Mexico-Ecuador,Ecuador,Moisés Caicedo,23,CM,24-240,90,0,0,0,0,1,0,1,0,1,2,0,6,1,0,0,,,5eca3d3a
INT-World Cup,2026,2026-06-30 Mexico-Ecuador,Ecuador,Nilson Angulo,20,LW,23-011,78,0,0,0,0,0,0,0,0,1,0,0,2,1,0,0,,,5eca3d3a
INT-World Cup,2026,2026-06-30 Mexico-Ecuador,Ecuador,Pedro Vite,15,CM,24-113,90,0,0,0,0,1,0,0,0,1,1,0,2,1,0,0,,,5eca3d3a
INT-World Cup,2026,2026-06-30 Mexico-Ecuador,Ecuador,Piero Hincapié,3,LB,24-172,89,0,0,0,0,0,0,0,1,2,1,0,6,2,1,0,,,5eca3d3a
INT-World Cup,2026,2026-06-30 Mexico-Ecuador,Ecuador,Willian Pacho,6,CB,24-257,90,0,0,0,0,0,0,0,0,1,1,0,0,0,1,0,,,5eca3d3a
INT-World Cup,2026,2026-06-30 Mexico-Ecuador,Ecuador,Yaimar Medina,26,"DF,MF",21-237,45,0,0,0,0,1,0,0,0,1,0,0,4,0,1,0,,,5eca3d3a
INT-World Cup,2026,2026-06-30 Mexico-Ecuador,Ecuador,Ángelo Preciado,17,"DF,MF",28-132,45,0,0,0,0,0,0,0,0,0,0,0,3,1,2,0,,,5eca3d3a
INT-World Cup,2026,2026-06-30 Mexico-Ecuador,Mexico,Brian Gutiérrez,26,MF,23-013,33,0,0,0,0,0,0,0,0,1,0,0,0,0,1,0,,,5eca3d3a
INT-World Cup,2026,2026-06-30 Mexico-Ecuador,Mexico,César Montes,3,CB,29-126,90,0,0,0,0,1,1,0,0,0,1,0,1,0,0,0,,,5eca3d3a
INT-World Cup,2026,2026-06-30 Mexico-Ecuador,Mexico,Erik Lira,6,DM,26-053,90,0,0,0,0,0,0,0,0,0,1,0,0,1,0,0,,,5eca3d3a
INT-World Cup,2026,2026-06-30 Mexico-Ecuador,Mexico,Gilberto Mora,19,CM,17-259,57,0,0,0,0,3,0,0,0,0,2,0,2,1,1,0,,,5eca3d3a
INT-World Cup,2026,2026-06-30 Mexico-Ecuador,Mexico,Israel Reyes,15,"DF,MF",26-038,11,0,0,0,0,0,0,0,0,0,0,0,0,1,0,0,,,5eca3d3a
INT-World Cup,2026,2026-06-30 Mexico-Ecuador,Mexico,Jesús Gallardo,23,LB,31-319,90,0,0,0,0,0,0,0,0,3,0,0,1,0,1,0,,,5eca3d3a
INT-World Cup,2026,2026-06-30 Mexico-Ecuador,Mexico,Johan Vásquez,5,CB,27-251,90,0,0,0,0,1,0,0,0,0,2,0,0,0,0,0,,,5eca3d3a
INT-World Cup,2026,2026-06-30 Mexico-Ecuador,Mexico,Jorge Sánchez,2,RB,28-202,90,0,0,0,0,0,0,0,0,1,0,0,0,1,1,0,,,5eca3d3a
INT-World Cup,2026,2026-06-30 Mexico-Ecuador,Mexico,Julián Quiñones,16,FW,29-098,79,1,1,0,0,1,1,0,0,2,1,0,0,0,0,0,,,5eca3d3a
INT-World Cup,2026,2026-06-30 Mexico-Ecuador,Mexico,Luis Romo,7,CM,31-025,72,0,0,0,0,1,0,0,0,0,0,0,1,1,2,0,,,5eca3d3a
INT-World Cup,2026,2026-06-30 Mexico-Ecuador,Mexico,Obed Vargas,18,MF,20-329,18,0,0,0,0,0,0,0,0,0,0,0,0,0,1,0,,,5eca3d3a
INT-World Cup,2026,2026-06-30 Mexico-Ecuador,Mexico,Orbelín Pineda,17,"FW,MF",30-098,11,0,0,0,0,1,0,0,0,0,2,0,0,0,0,0,,,5eca3d3a
INT-World Cup,2026,2026-06-30 Mexico-Ecuador,Mexico,Raúl Jiménez,9,FW,35-056,73,1,0,0,0,4,1,0,0,1,1,0,0,0,0,0,,,5eca3d3a
INT-World Cup,2026,2026-06-30 Mexico-Ecuador,Mexico,Raúl Rangel,1,GK,26-125,90,0,0,0,0,0,0,0,0,0,0,0,0,0,0,0,,,5eca3d3a
INT-World Cup,2026,2026-06-30 Mexico-Ecuador,Mexico,Roberto Alvarado,25,FW,27-296,79,0,1,0,0,3,0,0,0,1,2,0,2,0,0,0,,,5eca3d3a
INT-World Cup,2026,2026-06-30 Mexico-Ecuador,Mexico,Santiago Giménez,11,FW,25-073,17,0,0,0,0,0,0,0,0,1,2,0,0,0,0,0,,,5eca3d3a
INT-World Cup,2026,2026-07-01 Belgium-Senegal,Belgium,Amadou Onana,24,MF,24-319,12,0,0,0,0,0,0,0,0,0,0,0,0,0,0,0,,,cf968279
INT-World Cup,2026,2026-07-01 Belgium-Senegal,Belgium,Arthur Theate,3,CB,26-037,120,0,0,0,0,1,0,0,0,1,0,0,0,0,1,0,,,cf968279
INT-World Cup,2026,2026-07-01 Belgium-Senegal,Belgium,Brandon Mechele,4,CB,33-154,120,0,0,0,0,1,0,1,0,2,0,0,0,0,0,0,,,cf968279
INT-World Cup,2026,2026-07-01 Belgium-Senegal,Belgium,Charles De Ketelaere,17,AM,25-113,45,0,0,0,0,0,0,0,0,0,0,0,2,0,0,0,,,cf968279
INT-World Cup,2026,2026-07-01 Belgium-Senegal,Belgium,Diego Moreira,19,MF,21-329,58,0,0,0,0,0,0,0,0,2,1,1,5,1,1,0,,,cf968279
INT-World Cup,2026,2026-07-01 Belgium-Senegal,Belgium,Dodi Lukebakio,14,"FW,MF",28-280,65,0,0,0,0,3,0,0,0,0,0,0,1,0,0,0,,,cf968279
INT-World Cup,2026,2026-07-01 Belgium-Senegal,Belgium,Hans Vanaken,20,DM,33-311,62,0,0,0,0,0,0,0,0,0,2,0,0,0,0,0,,,cf968279
INT-World Cup,2026,2026-07-01 Belgium-Senegal,Belgium,Jeremy Doku,11,AM,24-035,55,0,0,0,0,0,0,0,0,0,4,0,2,0,0,0,,,cf968279
INT-World Cup,2026,2026-07-01 Belgium-Senegal,Belgium,Kevin De Bruyne,7,AM,35-003,55,0,0,0,0,2,0,0,0,0,0,0,2,0,0,0,,,cf968279
INT-World Cup,2026,2026-07-01 Belgium-Senegal,Belgium,Leandro Trossard,10,FW,31-209,108,0,1,0,0,2,1,0,0,1,3,0,1,0,1,0,,,cf968279
INT-World Cup,2026,2026-07-01 Belgium-Senegal,Belgium,Maxim De Cuyper,5,LB,25-191,77,0,0,0,0,2,1,0,0,2,0,0,2,0,1,0,,,cf968279
INT-World Cup,2026,2026-07-01 Belgium-Senegal,Belgium,Nicolas Raskin,23,MF,25-128,65,0,0,0,0,1,0,0,0,3,0,0,1,0,0,0,,,cf968279
INT-World Cup,2026,2026-07-01 Belgium-Senegal,Belgium,Romelu Lukaku,9,FW,33-049,75,1,0,0,0,1,1,0,0,0,0,1,0,0,0,0,,,cf968279
INT-World Cup,2026,2026-07-01 Belgium-Senegal,Belgium,Thibaut Courtois,1,GK,34-051,120,0,0,0,0,0,0,0,0,0,0,0,0,0,0,0,,,cf968279
INT-World Cup,2026,2026-07-01 Belgium-Senegal,Belgium,Thomas Meunier,15,"DF,MF",34-292,43,0,1,0,0,1,0,0,0,3,0,0,3,0,1,0,,,cf968279
INT-World Cup,2026,2026-07-01 Belgium-Senegal,Belgium,Timothy Castagne,21,RB,30-208,120,0,0,0,0,1,0,0,0,4,0,0,2,2,2,0,,,cf968279
INT-World Cup,2026,2026-07-01 Belgium-Senegal,Belgium,Youri Tielemans,8,DM,29-055,120,2,0,1,1,4,2,0,0,4,2,0,5,1,1,0,,,cf968279
INT-World Cup,2026,2026-07-01 Belgium-Senegal,Senegal,Bara Sapoko Ndiaye,22,MF,18-182,26,0,0,0,0,1,1,0,0,0,2,0,0,0,0,0,,,cf968279
INT-World Cup,2026,2026-07-01 Belgium-Senegal,Senegal,El Hadji Malick Diouf,25,"DF,MF",21-185,28,0,0,0,0,0,0,0,0,0,0,0,2,0,0,0,,,cf968279
INT-World Cup,2026,2026-07-01 Belgium-Senegal,Senegal,Habib Diarra,21,CM,22-179,72,1,0,0,0,2,1,0,0,0,1,0,0,0,1,0,,,cf968279
INT-World Cup,2026,2026-07-01 Belgium-Senegal,Senegal,Ibrahim Mbaye,20,FW,18-158,48,0,0,0,0,2,0,0,0,0,1,0,2,0,0,0,,,cf968279
INT-World Cup,2026,2026-07-01 Belgium-Senegal,Senegal,Idrissa Gueye,5,DM,36-278,94,0,0,0,0,2,1,0,0,0,0,0,0,0,0,0,,,cf968279
INT-World Cup,2026,2026-07-01 Belgium-Senegal,Senegal,Iliman Ndiaye,13,FW,26-117,72,0,0,0,0,1,0,0,0,1,1,0,1,0,1,0,,,cf968279
INT-World Cup,2026,2026-07-01 Belgium-Senegal,Senegal,Ismail Jakobs,14,LB,26-318,92,0,0,0,0,0,0,0,0,1,0,0,5,1,2,0,,,cf968279
INT-World Cup,2026,2026-07-01 Belgium-Senegal,Senegal,Ismaila Sarr,18,FW,28-126,120,1,0,0,0,5,1,0,0,1,5,0,0,0,1,0,,,cf968279
INT-World Cup,2026,2026-07-01 Belgium-Senegal,Senegal,Krépin Diatta,15,RB,27-126,120,0,0,0,0,0,0,0,0,3,4,0,3,2,1,0,,,cf968279
INT-World Cup,2026,2026-07-01 Belgium-Senegal,Senegal,Lamine Camara,8,MF,22-181,55,0,0,0,0,0,0,1,0,2,0,0,1,1,0,0,,,cf968279
INT-World Cup,2026,2026-07-01 Belgium-Senegal,Senegal,Mory Diaw,23,GK,33-009,120,0,0,0,0,0,0,0,0,0,1,0,0,0,0,0,,,cf968279
INT-World Cup,2026,2026-07-01 Belgium-Senegal,Senegal,Moussa Niakhaté,19,CB,30-115,120,0,1,0,0,0,0,0,0,0,0,0,0,0,2,0,,,cf968279
INT-World Cup,2026,2026-07-01 Belgium-Senegal,Senegal,Nicolas Jackson,11,FW,25-011,28,0,0,0,0,0,0,0,0,0,0,0,1,0,0,0,,,cf968279
INT-World Cup,2026,2026-07-01 Belgium-Senegal,Senegal,Pape Gueye,26,CM,27-158,65,0,0,0,0,2,0,0,0,2,1,0,3,0,1,0,,,cf968279
INT-World Cup,2026,2026-07-01 Belgium-Senegal,Senegal,Pape Matar Sarr,17,MF,23-290,48,0,0,0,0,2,0,0,0,0,0,0,0,0,1,0,,,cf968279
INT-World Cup,2026,2026-07-01 Belgium-Senegal,Senegal,Pathé Ciss,6,CB,32-107,120,0,0,0,0,1,0,0,0,0,0,0,0,0,0,0,,,cf968279
INT-World Cup,2026,2026-07-01 Belgium-Senegal,Senegal,Sadio Mané,10,FW,34-082,92,0,0,0,0,1,1,0,0,2,4,2,4,0,1,0,,,cf968279
INT-World Cup,2026,2026-07-01 England-Congo DR,Congo DR,Aaron Wan-Bissaka,2,RB,28-217,90,0,0,0,0,0,0,0,0,0,1,1,1,0,1,0,,,520a5665
INT-World Cup,2026,2026-07-01 England-Congo DR,Congo DR,Arthur Masuaku,26,LB,32-236,88,0,0,0,0,0,0,0,0,0,0,0,1,2,0,0,,,520a5665
INT-World Cup,2026,2026-07-01 England-Congo DR,Congo DR,Axel Tuanzebe,4,CB,28-229,90,0,0,0,0,0,0,0,0,1,0,0,0,0,0,0,,,520a5665
INT-World Cup,2026,2026-07-01 England-Congo DR,Congo DR,Brian Cipenga,9,FW,28-112,75,1,0,0,0,3,1,0,0,2,1,1,2,0,0,0,,,520a5665
INT-World Cup,2026,2026-07-01 England-Congo DR,Congo DR,Chancel Mbemba,22,CB,31-327,90,0,1,0,0,0,0,0,0,0,0,0,1,0,0,0,,,520a5665
INT-World Cup,2026,2026-07-01 England-Congo DR,Congo DR,Edo Kayembe,25,MF,28-028,15,0,0,0,0,0,0,0,0,0,0,0,0,0,0,0,,,520a5665
INT-World Cup,2026,2026-07-01 England-Congo DR,Congo DR,Fiston Mayele,19,FW,32-007,2,0,0,0,0,0,0,0,0,1,0,0,0,0,0,0,,,520a5665
INT-World Cup,2026,2026-07-01 England-Congo DR,Congo DR,Joris Kayembe,12,"DF,FW",31-327,2,0,0,0,0,0,0,0,0,0,0,0,0,0,1,0,,,520a5665
INT-World Cup,2026,2026-07-01 England-Congo DR,Congo DR,Lionel Mpasi,1,GK,31-334,90,0,0,0,0,0,0,0,0,0,0,0,0,0,0,0,,,520a5665
INT-World Cup,2026,2026-07-01 England-Congo DR,Congo DR,Meschak Elia,13,"FW,MF",28-329,27,0,0,0,0,1,1,0,0,2,0,0,2,0,0,0,,,520a5665
INT-World Cup,2026,2026-07-01 England-Congo DR,Congo DR,Nathanaël Mbuku,7,FW,24-107,63,0,0,0,0,1,0,0,0,0,3,0,5,1,0,0,,,520a5665
INT-World Cup,2026,2026-07-01 England-Congo DR,Congo DR,Ngal'Ayel Mukau,6,CM,21-240,75,0,0,0,0,0,0,0,0,3,2,1,0,1,0,0,,,520a5665
INT-World Cup,2026,2026-07-01 England-Congo DR,Congo DR,Noah Sadiki,14,CM,21-196,90,0,0,0,0,0,0,1,0,1,0,0,0,1,1,0,,,520a5665
INT-World Cup,2026,2026-07-01 England-Congo DR,Congo DR,Samuel Moutoussamy,8,DM,29-323,88,0,0,0,0,0,0,0,0,2,0,0,0,2,0,0,,,520a5665
INT-World Cup,2026,2026-07-01 England-Congo DR,Congo DR,Theo Bongonda,10,"FW,MF",30-223,15,0,0,0,0,0,0,0,0,0,1,0,1,0,0,0,,,520a5665
INT-World Cup,2026,2026-07-01 England-Congo DR,Congo DR,Yoane Wissa,20,FW,29-301,90,0,0,0,0,2,0,0,0,0,2,1,0,0,0,0,,,520a5665
INT-World Cup,2026,2026-07-01 England-Congo DR,England,Anthony Gordon,18,"FW,MF",25-127,30,0,2,0,0,1,0,0,0,1,0,0,3,0,2,0,,,520a5665
INT-World Cup,2026,2026-07-01 England-Congo DR,England,Bukayo Saka,7,"FW,MF",24-299,30,0,0,0,0,0,0,0,0,0,0,0,4,2,0,0,,,520a5665
INT-World Cup,2026,2026-07-01 England-Congo DR,England,Declan Rice,4,DM,27-168,89,0,0,0,0,0,0,0,0,0,0,0,12,0,0,0,,,520a5665
INT-World Cup,2026,2026-07-01 England-Congo DR,England,Djed Spence,25,RB,25-326,69,0,0,0,0,0,0,0,0,0,2,0,3,0,0,0,,,520a5665
INT-World Cup,2026,2026-07-01 England-Congo DR,England,Eberechi Eze,21,"FW,MF",28-002,21,0,0,0,0,0,0,0,0,0,1,0,0,0,0,0,,,520a5665
INT-World Cup,2026,2026-07-01 England-Congo DR,England,Elliot Anderson,8,DM,23-237,90,0,0,0,0,1,0,0,0,0,1,0,1,2,1,0,,,520a5665
INT-World Cup,2026,2026-07-01 England-Congo DR,England,Ezri Konsa,2,CB,28-251,90,0,0,0,0,0,0,0,0,1,1,0,0,0,0,0,,,520a5665
INT-World Cup,2026,2026-07-01 England-Congo DR,England,Harry Kane,9,FW,32-338,90,2,0,0,0,5,3,0,0,0,2,0,0,0,1,0,,,520a5665
INT-World Cup,2026,2026-07-01 England-Congo DR,England,John Stones,5,DF,32-034,1,0,0,0,0,0,0,0,0,0,0,0,0,0,0,0,,,520a5665
INT-World Cup,2026,2026-07-01 England-Congo DR,England,Jordan Pickford,1,GK,32-116,90,0,0,0,0,0,0,0,0,0,0,0,0,0,0,0,,,520a5665
INT-World Cup,2026,2026-07-01 England-Congo DR,England,Jude Bellingham,10,AM,23-002,90,0,0,0,0,3,3,1,0,2,1,0,4,0,0,0,,,520a5665
INT-World Cup,2026,2026-07-01 England-Congo DR,England,Marc Guéhi,6,CB,25-353,90,0,0,0,0,0,0,0,0,0,1,0,0,0,0,0,,,520a5665
INT-World Cup,2026,2026-07-01 England-Congo DR,England,Marcus Rashford,11,AM,28-243,60,0,0,0,0,3,1,0,0,2,1,0,4,1,0,0,,,520a5665
INT-World Cup,2026,2026-07-01 England-Congo DR,England,Nico O'Reilly,3,LB,21-102,90,0,0,0,0,1,0,0,0,3,1,0,2,0,2,0,,,520a5665
INT-World Cup,2026,2026-07-01 England-Congo DR,England,Noni Madueke,20,AM,24-113,60,0,0,0,0,2,0,0,0,1,1,0,10,2,1,0,,,520a5665
INT-World Cup,2026,2026-07-01 USA-Bosnia–Herz,Bosnia and Herzegovina,Amar Dedić,7,RB,23-317,90,0,0,0,0,1,0,0,0,2,0,0,0,4,0,0,,,89aea7f3
INT-World Cup,2026,2026-07-01 USA-Bosnia–Herz,Bosnia and Herzegovina,Amar Memić,15,"DF,MF",25-162,16,0,0,0,0,1,0,0,0,1,0,0,3,0,2,0,,,89aea7f3
INT-World Cup,2026,2026-07-01 USA-Bosnia–Herz,Bosnia and Herzegovina,Armin Gigovic,8,CM,24-086,50,0,0,0,0,0,0,0,0,0,1,0,0,0,1,0,,,89aea7f3
INT-World Cup,2026,2026-07-01 USA-Bosnia–Herz,Bosnia and Herzegovina,Benjamin Tahirovic,6,MF,23-120,40,0,0,0,0,0,0,0,0,0,0,0,0,1,0,0,,,89aea7f3
INT-World Cup,2026,2026-07-01 USA-Bosnia–Herz,Bosnia and Herzegovina,Edin Džeko,11,FW,40-106,50,0,0,0,0,0,0,0,0,0,0,0,0,0,0,0,,,89aea7f3
INT-World Cup,2026,2026-07-01 USA-Bosnia–Herz,Bosnia and Herzegovina,Ermedin Demirović,10,FW,28-098,90,0,0,0,0,2,2,0,0,3,1,0,0,0,1,0,,,89aea7f3
INT-World Cup,2026,2026-07-01 USA-Bosnia–Herz,Bosnia and Herzegovina,Ermin Mahmić,26,MF,21-109,40,0,0,0,0,2,0,0,0,1,0,0,1,0,0,0,,,89aea7f3
INT-World Cup,2026,2026-07-01 USA-Bosnia–Herz,Bosnia and Herzegovina,Esmir Bajraktarevic,20,MF,21-113,40,0,0,0,0,1,1,0,0,0,0,0,3,0,0,0,,,89aea7f3
INT-World Cup,2026,2026-07-01 USA-Bosnia–Herz,Bosnia and Herzegovina,Haris Tabaković,23,FW,32-011,16,0,0,0,0,0,0,0,0,0,0,0,0,0,0,0,,,89aea7f3
INT-World Cup,2026,2026-07-01 USA-Bosnia–Herz,Bosnia and Herzegovina,Ivan Šunjić,14,CM,29-265,50,0,0,0,0,0,0,0,0,2,0,0,0,2,0,0,,,89aea7f3
INT-World Cup,2026,2026-07-01 USA-Bosnia–Herz,Bosnia and Herzegovina,Kerim Alajbegović,19,CM,18-283,90,0,0,0,0,2,0,0,0,0,1,0,4,0,1,0,,,89aea7f3
INT-World Cup,2026,2026-07-01 USA-Bosnia–Herz,Bosnia and Herzegovina,Nikola Katić,18,CB,29-264,74,0,0,0,0,1,0,0,0,1,0,0,0,2,0,0,,,89aea7f3
INT-World Cup,2026,2026-07-01 USA-Bosnia–Herz,Bosnia and Herzegovina,Nikola Vasilj,1,GK,30-211,90,0,0,0,0,0,0,0,0,0,0,0,0,0,0,0,,,89aea7f3
INT-World Cup,2026,2026-07-01 USA-Bosnia–Herz,Bosnia and Herzegovina,Sead Kolašinac,5,LB,33-011,74,0,0,0,0,0,0,0,0,1,0,0,1,2,0,0,,,89aea7f3
INT-World Cup,2026,2026-07-01 USA-Bosnia–Herz,Bosnia and Herzegovina,Stjepan Radeljić,21,CB,28-299,90,0,0,0,0,0,0,1,0,1,3,0,0,1,0,0,,,89aea7f3
INT-World Cup,2026,2026-07-01 USA-Bosnia–Herz,Bosnia and Herzegovina,Tarik Muharemovic,4,CB,23-123,90,0,0,0,0,0,0,0,0,1,1,0,1,0,3,0,,,89aea7f3
INT-World Cup,2026,2026-07-01 USA-Bosnia–Herz,United States,Alex Freeman,16,RB,21-326,90,0,0,0,0,1,0,0,0,0,0,0,0,1,1,0,,,89aea7f3
INT-World Cup,2026,2026-07-01 USA-Bosnia–Herz,United States,Antonee Robinson,5,LB,28-327,90,0,0,0,0,0,0,0,0,1,1,0,4,1,2,0,,,89aea7f3
INT-World Cup,2026,2026-07-01 USA-Bosnia–Herz,United States,Chris Richards,3,CB,26-095,90,0,0,0,0,0,0,0,0,1,1,0,0,0,1,0,,,89aea7f3
INT-World Cup,2026,2026-07-01 USA-Bosnia–Herz,United States,Christian Pulisic,10,LW,27-286,87,0,0,0,0,1,0,0,0,0,4,1,1,0,0,0,,,89aea7f3
INT-World Cup,2026,2026-07-01 USA-Bosnia–Herz,United States,Folarin Balogun,20,FW,24-363,63,1,0,0,0,4,1,0,1,1,1,1,0,0,0,0,,,89aea7f3
INT-World Cup,2026,2026-07-01 USA-Bosnia–Herz,United States,Gio Reyna,7,MF,23-230,1,0,0,0,0,0,0,0,0,0,0,0,0,0,0,0,,,89aea7f3
INT-World Cup,2026,2026-07-01 USA-Bosnia–Herz,United States,Malik Tillman,17,AM,24-034,90,1,0,0,0,2,1,0,0,0,2,0,5,2,0,0,,,89aea7f3
INT-World Cup,2026,2026-07-01 USA-Bosnia–Herz,United States,Matt Freese,24,GK,27-302,90,0,0,0,0,0,0,0,0,0,1,0,0,0,0,0,,,89aea7f3
INT-World Cup,2026,2026-07-01 USA-Bosnia–Herz,United States,Ricardo Pepi,9,FW,23-173,3,0,0,0,0,0,0,0,0,1,0,1,0,0,0,0,,,89aea7f3
INT-World Cup,2026,2026-07-01 USA-Bosnia–Herz,United States,Sebastian Berhalter,14,MF,25-052,3,0,0,0,0,0,0,0,0,0,0,0,0,0,0,0,,,89aea7f3
INT-World Cup,2026,2026-07-01 USA-Bosnia–Herz,United States,Sergiño Dest,2,RW,25-240,87,0,0,0,0,0,0,0,0,1,2,0,0,1,1,0,,,89aea7f3
INT-World Cup,2026,2026-07-01 USA-Bosnia–Herz,United States,Tim Ream,13,CB,38-269,90,0,0,0,0,0,0,0,0,0,1,0,0,0,1,0,,,89aea7f3
INT-World Cup,2026,2026-07-01 USA-Bosnia–Herz,United States,Tyler Adams,4,DM,27-137,90,0,0,0,0,0,0,0,0,1,0,0,0,0,1,0,,,89aea7f3
INT-World Cup,2026,2026-07-01 USA-Bosnia–Herz,United States,Weston McKennie,8,AM,27-307,89,0,0,0,0,0,0,0,0,1,0,0,4,3,1,0,,,89aea7f3
INT-World Cup,2026,2026-07-02 Portugal-Croatia,Croatia,Andrej Kramarić,9,"FW,MF",35-013,1,0,0,0,0,0,0,0,0,0,0,0,0,0,0,0,,,87717b95
INT-World Cup,2026,2026-07-02 Portugal-Croatia,Croatia,Ante Budimir,11,FW,34-345,45,0,0,0,0,2,0,0,0,1,2,0,0,0,0,0,,,87717b95
INT-World Cup,2026,2026-07-02 Portugal-Croatia,Croatia,Dominik Livaković,1,GK,31-174,90,0,0,0,0,0,0,0,0,0,0,0,0,0,0,0,,,87717b95
INT-World Cup,2026,2026-07-02 Portugal-Croatia,Croatia,Igor Matanović,20,FW,23-093,45,0,0,0,0,3,1,0,0,2,0,0,0,0,0,0,,,87717b95
INT-World Cup,2026,2026-07-02 Portugal-Croatia,Croatia,Ivan Perišić,14,LB,37-150,90,1,0,0,0,1,1,1,0,1,1,0,7,1,1,0,,,87717b95
INT-World Cup,2026,2026-07-02 Portugal-Croatia,Croatia,Josip Stanišić,2,RB,26-091,90,0,0,0,0,0,0,0,0,0,0,0,2,1,2,0,,,87717b95
INT-World Cup,2026,2026-07-02 Portugal-Croatia,Croatia,Josip Šutalo,6,CB,26-124,90,0,0,0,0,0,0,0,0,0,1,0,0,2,2,0,,,87717b95
INT-World Cup,2026,2026-07-02 Portugal-Croatia,Croatia,Joško Gvardiol,4,DF,24-160,1,0,0,0,0,0,0,0,0,0,0,0,0,0,0,0,,,87717b95
INT-World Cup,2026,2026-07-02 Portugal-Croatia,Croatia,Luka Modrić,10,DM,40-296,90,0,0,0,0,0,0,1,0,2,0,0,5,2,0,0,,,87717b95
INT-World Cup,2026,2026-07-02 Portugal-Croatia,Croatia,Marin Pongračić,3,CB,28-294,90,0,0,0,0,0,0,0,0,0,0,0,0,1,0,0,,,87717b95
INT-World Cup,2026,2026-07-02 Portugal-Croatia,Croatia,Mario Pašalić,15,"FW,MF",31-143,23,0,0,0,0,1,0,0,0,0,0,1,1,0,1,0,,,87717b95
INT-World Cup,2026,2026-07-02 Portugal-Croatia,Croatia,Martin Baturina,16,AM,23-136,67,0,0,0,0,1,0,0,0,0,0,0,3,0,1,0,,,87717b95
INT-World Cup,2026,2026-07-02 Portugal-Croatia,Croatia,Mateo Kovačić,8,DM,32-057,89,0,0,0,0,3,3,0,0,1,1,0,0,1,0,0,,,87717b95
INT-World Cup,2026,2026-07-02 Portugal-Croatia,Croatia,Nikola Vlašić,13,AM,28-271,89,0,0,0,0,1,0,0,0,2,0,2,2,2,1,0,,,87717b95
INT-World Cup,2026,2026-07-02 Portugal-Croatia,Croatia,Petar Sučić,17,AM,22-250,90,0,0,0,0,1,1,0,0,3,1,1,2,1,1,0,,,87717b95
INT-World Cup,2026,2026-07-02 Portugal-Croatia,Portugal,Bernardo Silva,10,"FW,MF",31-326,29,0,0,0,0,0,0,0,0,0,0,0,0,0,0,0,,,87717b95
INT-World Cup,2026,2026-07-02 Portugal-Croatia,Portugal,Bruno Fernandes,8,AM,31-297,62,0,0,0,0,2,1,0,0,0,2,0,3,1,0,0,,,87717b95
INT-World Cup,2026,2026-07-02 Portugal-Croatia,Portugal,Cristiano Ronaldo,7,FW,41-147,80,1,0,1,1,2,1,0,0,0,0,1,0,0,0,0,,,87717b95
INT-World Cup,2026,2026-07-02 Portugal-Croatia,Portugal,Diogo Costa,1,GK,26-286,90,0,0,0,0,0,0,0,0,0,0,0,0,0,0,0,,,87717b95
INT-World Cup,2026,2026-07-02 Portugal-Croatia,Portugal,Francisco Conceição,26,MF,23-200,28,0,0,0,0,1,0,0,0,0,0,0,0,0,0,0,,,87717b95
INT-World Cup,2026,2026-07-02 Portugal-Croatia,Portugal,Gonçalo Ramos,9,FW,25-012,28,1,0,0,0,2,1,0,0,0,0,0,0,0,0,0,,,87717b95
INT-World Cup,2026,2026-07-02 Portugal-Croatia,Portugal,João Cancelo,20,RB,32-036,62,0,0,0,0,1,0,0,0,1,0,0,3,2,1,0,,,87717b95
INT-World Cup,2026,2026-07-02 Portugal-Croatia,Portugal,João Neves,15,DM,21-278,90,0,0,0,0,1,0,0,0,1,1,0,1,3,0,0,,,87717b95
INT-World Cup,2026,2026-07-02 Portugal-Croatia,Portugal,Nuno Mendes,25,LB,24-013,90,0,0,0,0,1,0,0,0,0,2,0,6,0,0,0,,,87717b95
INT-World Cup,2026,2026-07-02 Portugal-Croatia,Portugal,Nélson Semedo,2,"DF,MF",32-228,28,0,0,0,0,0,0,0,0,0,1,0,0,0,0,0,,,87717b95
INT-World Cup,2026,2026-07-02 Portugal-Croatia,Portugal,Pedro Neto,18,AM,26-115,62,0,0,0,0,0,0,0,0,0,0,0,3,1,0,0,,,87717b95
INT-World Cup,2026,2026-07-02 Portugal-Croatia,Portugal,Rafael Leão,17,AM,27-022,90,0,1,0,0,2,0,0,0,0,0,0,4,0,1,0,,,87717b95
INT-World Cup,2026,2026-07-02 Portugal-Croatia,Portugal,Renato Veiga,13,CB,22-338,90,0,0,0,0,2,0,0,0,1,1,0,0,0,1,0,,,87717b95
INT-World Cup,2026,2026-07-02 Portugal-Croatia,Portugal,Rúben Dias,3,CB,29-049,90,0,0,0,0,0,0,1,0,2,2,0,0,2,2,0,,,87717b95
INT-World Cup,2026,2026-07-02 Portugal-Croatia,Portugal,Rúben Neves,21,MF,29-111,10,0,0,0,0,0,0,0,0,0,0,0,0,0,0,0,,,87717b95
INT-World Cup,2026,2026-07-02 Portugal-Croatia,Portugal,Vitinha,23,DM,26-139,61,0,0,0,0,1,0,0,0,1,3,0,0,0,0,0,,,87717b95
INT-World Cup,2026,2026-07-02 Spain-Austria,Austria,Alexander Prass,22,"DF,MF",25-037,6,0,0,0,0,0,0,0,0,0,0,0,0,0,0,0,,,288fba4d
INT-World Cup,2026,2026-07-02 Spain-Austria,Austria,Alexander Schlager,1,GK,30-151,90,0,0,0,0,0,0,0,0,0,1,0,0,0,0,0,,,288fba4d
INT-World Cup,2026,2026-07-02 Spain-Austria,Austria,Carney Chukwuemeka,17,MF,22-255,45,0,0,0,0,1,0,0,0,1,1,0,0,0,0,0,,,288fba4d
INT-World Cup,2026,2026-07-02 Spain-Austria,Austria,David Alaba,8,CB,34-008,90,0,0,0,0,1,0,0,0,2,0,0,1,0,1,0,,,288fba4d
INT-World Cup,2026,2026-07-02 Spain-Austria,Austria,Florian Grillitsch,10,"DF,MF",30-329,45,0,0,0,0,0,0,0,0,1,1,0,0,1,0,0,,,288fba4d
INT-World Cup,2026,2026-07-02 Spain-Austria,Austria,Kevin Danso,3,CB,27-286,90,0,0,0,0,0,0,0,0,0,1,0,0,0,0,0,,,288fba4d
INT-World Cup,2026,2026-07-02 Spain-Austria,Austria,Konrad Laimer,20,LB,29-036,90,0,0,0,0,0,0,0,0,2,0,0,1,3,0,0,,,288fba4d
INT-World Cup,2026,2026-07-02 Spain-Austria,Austria,Marcel Sabitzer,9,AM,32-107,90,0,0,0,0,0,0,0,0,1,2,1,8,1,0,0,,,288fba4d
INT-World Cup,2026,2026-07-02 Spain-Austria,Austria,Marko Arnautović,7,"FW,MF",37-074,31,0,0,0,0,0,0,0,0,2,0,2,0,0,0,0,,,288fba4d
INT-World Cup,2026,2026-07-02 Spain-Austria,Austria,Michael Gregoritsch,11,FW,32-075,59,0,0,0,0,0,0,0,0,0,0,2,0,0,0,0,,,288fba4d
INT-World Cup,2026,2026-07-02 Spain-Austria,Austria,Nicolas Seiwald,6,DM,25-059,45,0,0,0,0,1,0,0,0,0,0,0,1,0,0,0,,,288fba4d
INT-World Cup,2026,2026-07-02 Spain-Austria,Austria,Paul Wanner,24,AM,20-191,90,0,0,0,0,0,0,0,0,2,0,0,0,0,1,0,,,288fba4d
INT-World Cup,2026,2026-07-02 Spain-Austria,Austria,Romano Schmid,18,AM,26-156,59,0,0,0,0,0,0,0,0,0,0,0,1,1,0,0,,,288fba4d
INT-World Cup,2026,2026-07-02 Spain-Austria,Austria,Saša Kalajdžić,14,"FW,MF",28-360,31,0,0,0,0,1,0,0,0,1,0,0,1,0,0,0,,,288fba4d
INT-World Cup,2026,2026-07-02 Spain-Austria,Austria,Stefan Posch,5,RB,29-049,84,0,0,0,0,1,0,1,0,3,1,0,0,2,3,0,,,288fba4d
INT-World Cup,2026,2026-07-02 Spain-Austria,Austria,Xaver Schlager,4,DM,28-277,45,0,0,0,0,0,0,0,0,0,0,0,0,0,2,0,,,288fba4d
INT-World Cup,2026,2026-07-02 Spain-Austria,Spain,Aymeric Laporte,14,CB,32-036,89,0,0,0,0,2,0,0,0,0,1,0,0,1,2,0,,,288fba4d
INT-World Cup,2026,2026-07-02 Spain-Austria,Spain,Dani Olmo,10,AM,28-056,70,0,0,0,0,3,0,0,0,1,1,0,0,4,0,0,,,288fba4d
INT-World Cup,2026,2026-07-02 Spain-Austria,Spain,Fabián Ruiz Peña,8,MF,30-090,1,0,0,0,0,0,0,0,0,0,0,0,0,0,0,0,,,288fba4d
INT-World Cup,2026,2026-07-02 Spain-Austria,Spain,Ferran Torres,7,"FW,MF",26-123,20,0,0,0,0,2,0,0,0,0,0,0,0,0,0,0,,,288fba4d
INT-World Cup,2026,2026-07-02 Spain-Austria,Spain,Gavi,9,"FW,MF",21-331,6,0,0,0,0,0,0,0,0,0,1,0,0,0,0,0,,,288fba4d
INT-World Cup,2026,2026-07-02 Spain-Austria,Spain,Lamine Yamal,19,AM,18-354,84,0,0,0,0,6,4,0,0,1,0,2,3,0,0,0,,,288fba4d
INT-World Cup,2026,2026-07-02 Spain-Austria,Spain,Marc Cucurella,24,LB,27-345,90,0,2,0,0,0,0,0,0,2,2,0,2,0,1,0,,,288fba4d
INT-World Cup,2026,2026-07-02 Spain-Austria,Spain,Marc Pubill,2,DF,23-012,1,0,0,0,0,0,0,0,0,0,0,0,0,0,0,0,,,288fba4d
INT-World Cup,2026,2026-07-02 Spain-Austria,Spain,Mikel Merino,6,MF,30-010,20,0,0,0,0,0,0,0,0,1,1,0,1,0,0,0,,,288fba4d
INT-World Cup,2026,2026-07-02 Spain-Austria,Spain,Mikel Oyarzabal,21,FW,29-072,90,2,0,0,0,6,4,0,0,1,2,0,1,1,0,0,,,288fba4d
INT-World Cup,2026,2026-07-02 Spain-Austria,Spain,Pau Cubarsí,22,CB,19-161,90,0,0,0,0,0,0,0,0,1,0,0,1,1,0,0,,,288fba4d
INT-World Cup,2026,2026-07-02 Spain-Austria,Spain,Pedri,20,DM,23-219,89,0,0,0,0,0,0,0,0,0,1,0,0,2,0,0,,,288fba4d
INT-World Cup,2026,2026-07-02 Spain-Austria,Spain,Pedro Porro,12,RB,26-292,90,1,0,0,0,1,1,0,0,1,2,0,7,1,1,0,,,288fba4d
INT-World Cup,2026,2026-07-02 Spain-Austria,Spain,Rodri,16,DM,30-010,90,0,0,0,0,1,0,0,0,0,1,0,0,3,2,0,,,288fba4d
INT-World Cup,2026,2026-07-02 Spain-Austria,Spain,Unai Simón,23,GK,29-021,90,0,0,0,0,0,0,0,0,0,1,0,0,0,0,0,,,288fba4d
INT-World Cup,2026,2026-07-02 Spain-Austria,Spain,Álex Baena,15,AM,24-347,70,0,1,0,0,2,1,0,0,0,2,0,7,0,0,0,,,288fba4d
INT-World Cup,2026,2026-07-02 Switzerland-Algeria,Algeria,Adil Boulbina,20,FW,23-061,9,0,0,0,0,0,0,0,0,0,0,1,0,0,0,0,,,b2f307a9
INT-World Cup,2026,2026-07-02 Switzerland-Algeria,Algeria,Amine Gouiri,9,"FW,MF",26-136,33,0,0,0,0,0,0,0,0,0,0,0,0,0,0,0,,,b2f307a9
INT-World Cup,2026,2026-07-02 Switzerland-Algeria,Algeria,Anis Hadj Moussa,11,"FW,MF",24-141,20,0,0,0,0,0,0,0,0,0,1,0,1,0,0,0,,,b2f307a9
INT-World Cup,2026,2026-07-02 Switzerland-Algeria,Algeria,Aïssa Mandi,2,CB,34-253,90,0,0,0,0,0,0,0,0,0,0,0,0,1,2,0,,,b2f307a9
INT-World Cup,2026,2026-07-02 Switzerland-Algeria,Algeria,Fares Chaïbi,10,AM,23-216,90,0,0,0,0,1,1,1,0,2,0,0,0,1,0,0,,,b2f307a9
INT-World Cup,2026,2026-07-02 Switzerland-Algeria,Algeria,Hicham Boudaoui,14,MF,26-282,20,0,0,0,0,0,0,1,0,2,1,0,0,0,1,0,,,b2f307a9
INT-World Cup,2026,2026-07-02 Switzerland-Algeria,Algeria,Houssem Aouar,8,LW,28-002,57,0,0,0,0,2,1,0,0,0,1,0,0,0,0,0,,,b2f307a9
INT-World Cup,2026,2026-07-02 Switzerland-Algeria,Algeria,Ibrahim Maza,22,FW,20-220,90,0,0,0,0,3,0,0,0,1,1,0,0,1,0,0,,,b2f307a9
INT-World Cup,2026,2026-07-02 Switzerland-Algeria,Algeria,Jaouen Hadjam,13,DF,23-098,33,0,0,0,0,1,0,0,0,0,0,0,1,0,1,0,,,b2f307a9
INT-World Cup,2026,2026-07-02 Switzerland-Algeria,Algeria,Luca Zidane,23,GK,28-050,90,0,0,0,0,0,0,0,0,0,0,0,0,0,0,0,,,b2f307a9
INT-World Cup,2026,2026-07-02 Switzerland-Algeria,Algeria,Nabil Bentaleb,19,DM,31-220,70,0,0,0,0,0,0,0,0,2,0,0,0,1,1,0,,,b2f307a9
INT-World Cup,2026,2026-07-02 Switzerland-Algeria,Algeria,Rafik Belghali,17,RB,24-025,81,0,0,0,0,0,0,0,0,1,2,0,0,1,0,0,,,b2f307a9
INT-World Cup,2026,2026-07-02 Switzerland-Algeria,Algeria,Ramiz Zerrouki,6,AM,28-037,57,0,0,0,0,0,0,0,0,2,0,0,0,0,0,0,,,b2f307a9
INT-World Cup,2026,2026-07-02 Switzerland-Algeria,Algeria,Ramy Bensebaini,21,CB,31-077,90,0,0,0,0,0,0,0,0,0,1,0,0,0,1,0,,,b2f307a9
INT-World Cup,2026,2026-07-02 Switzerland-Algeria,Algeria,Rayan Aït-Nouri,15,LB,25-026,90,0,0,0,0,0,0,0,0,2,1,0,1,5,3,0,,,b2f307a9
INT-World Cup,2026,2026-07-02 Switzerland-Algeria,Algeria,Riyad Mahrez,7,RW,35-131,70,0,0,0,0,1,0,0,0,0,2,1,3,0,0,0,,,b2f307a9
INT-World Cup,2026,2026-07-02 Switzerland-Algeria,Switzerland,Breel Embolo,7,FW,29-138,82,1,0,0,0,2,1,0,0,0,0,0,1,0,1,0,,,b2f307a9
INT-World Cup,2026,2026-07-02 Switzerland-Algeria,Switzerland,Dan Ndoye,11,AM,25-250,86,1,0,0,0,1,1,0,0,1,3,0,2,2,1,0,,,b2f307a9
INT-World Cup,2026,2026-07-02 Switzerland-Algeria,Switzerland,Denis Zakaria,6,RB,29-224,86,0,0,0,0,2,1,0,0,0,0,0,4,3,4,0,,,b2f307a9
INT-World Cup,2026,2026-07-02 Switzerland-Algeria,Switzerland,Fabian Rieder,22,"FW,MF",24-136,20,0,0,0,0,2,1,0,0,1,0,0,0,0,0,0,,,b2f307a9
INT-World Cup,2026,2026-07-02 Switzerland-Algeria,Switzerland,Granit Xhaka,10,DM,33-278,90,0,0,0,0,0,0,0,0,0,5,0,0,2,2,0,,,b2f307a9
INT-World Cup,2026,2026-07-02 Switzerland-Algeria,Switzerland,Gregor Kobel,1,GK,28-208,90,0,0,0,0,0,0,0,0,0,0,0,0,0,0,0,,,b2f307a9
INT-World Cup,2026,2026-07-02 Switzerland-Algeria,Switzerland,Johan Manzambi,9,AM,20-261,70,0,1,0,0,0,0,0,0,1,2,0,0,0,0,0,,,b2f307a9
INT-World Cup,2026,2026-07-02 Switzerland-Algeria,Switzerland,Manuel Akanji,5,CB,30-348,90,0,0,0,0,0,0,0,0,0,0,0,0,1,3,0,,,b2f307a9
INT-World Cup,2026,2026-07-02 Switzerland-Algeria,Switzerland,Michel Aebischer,20,MF,29-177,4,0,0,0,0,0,0,0,0,0,0,0,0,0,0,0,,,b2f307a9
INT-World Cup,2026,2026-07-02 Switzerland-Algeria,Switzerland,Nico Elvedi,4,CB,29-275,90,0,0,0,0,1,0,0,0,0,0,0,0,1,0,0,,,b2f307a9
INT-World Cup,2026,2026-07-02 Switzerland-Algeria,Switzerland,Noah Okafor,19,"FW,MF",26-039,20,0,0,0,0,1,0,0,0,0,0,0,0,1,0,0,,,b2f307a9
INT-World Cup,2026,2026-07-02 Switzerland-Algeria,Switzerland,Remo Freuler,8,DM,34-078,90,0,0,0,0,1,1,0,0,2,0,0,0,0,3,0,,,b2f307a9
INT-World Cup,2026,2026-07-02 Switzerland-Algeria,Switzerland,Ricardo Rodríguez,13,LB,33-311,90,0,0,0,0,1,0,0,0,3,0,0,3,2,1,0,,,b2f307a9
INT-World Cup,2026,2026-07-02 Switzerland-Algeria,Switzerland,Ruben Vargas,17,AM,27-331,70,0,0,0,0,0,0,0,0,1,0,0,4,0,1,0,,,b2f307a9
INT-World Cup,2026,2026-07-02 Switzerland-Algeria,Switzerland,Silvan Widmer,3,"DF,MF",33-119,4,0,0,0,0,0,0,0,0,0,0,0,0,1,1,0,,,b2f307a9
INT-World Cup,2026,2026-07-02 Switzerland-Algeria,Switzerland,Zeki Amdouni,23,"FW,MF",25-210,8,0,0,0,0,0,0,0,0,1,2,0,0,0,0,0,,,b2f307a9
INT-World Cup,2026,2026-07-03 Argentina-Cabo Verde,Argentina,Alexis Mac Allister,20,CM,27-191,120,0,1,0,0,2,0,0,0,1,1,0,0,2,1,0,,,675b328b
INT-World Cup,2026,2026-07-03 Argentina-Cabo Verde,Argentina,Cristian Romero,13,CB,28-067,120,0,0,0,0,1,0,0,0,2,1,0,0,1,3,0,,,675b328b
INT-World Cup,2026,2026-07-03 Argentina-Cabo Verde,Argentina,Emiliano Martínez,23,GK,33-304,120,0,0,0,0,0,0,0,0,0,0,0,0,0,0,0,,,675b328b
INT-World Cup,2026,2026-07-03 Argentina-Cabo Verde,Argentina,Enzo Fernández,24,CM,25-167,120,0,0,0,0,4,2,0,0,1,2,0,1,1,0,0,,,675b328b
INT-World Cup,2026,2026-07-03 Argentina-Cabo Verde,Argentina,Facundo Medina,25,LB,27-036,85,0,0,0,0,0,0,0,0,0,0,1,0,3,0,0,,,675b328b
INT-World Cup,2026,2026-07-03 Argentina-Cabo Verde,Argentina,Gonzalo Montiel,4,DF,29-183,17,0,0,0,0,1,0,1,0,1,0,0,0,0,0,0,,,675b328b
INT-World Cup,2026,2026-07-03 Argentina-Cabo Verde,Argentina,Julián Álvarez,9,"FW,MF",26-153,58,0,0,0,0,1,0,0,0,1,0,0,0,0,2,0,,,675b328b
INT-World Cup,2026,2026-07-03 Argentina-Cabo Verde,Argentina,Lautaro Martínez,22,FW,28-315,62,0,0,0,0,0,0,0,0,2,0,0,0,0,0,0,,,675b328b
INT-World Cup,2026,2026-07-03 Argentina-Cabo Verde,Argentina,Leandro Paredes,5,MF,32-004,37,0,0,0,0,1,1,0,0,0,0,0,0,1,1,0,,,675b328b
INT-World Cup,2026,2026-07-03 Argentina-Cabo Verde,Argentina,Lionel Messi,10,FW,39-009,120,1,0,0,0,9,6,0,0,1,5,0,9,1,0,0,,,675b328b
INT-World Cup,2026,2026-07-03 Argentina-Cabo Verde,Argentina,Lisandro Martínez,6,CB,28-166,120,1,1,0,0,1,1,0,0,0,0,0,0,0,1,0,,,675b328b
INT-World Cup,2026,2026-07-03 Argentina-Cabo Verde,Argentina,Nahuel Molina,26,RB,28-088,103,0,0,0,0,0,0,0,0,1,0,1,2,0,0,0,,,675b328b
INT-World Cup,2026,2026-07-03 Argentina-Cabo Verde,Argentina,Nicolás González,15,"FW,MF",28-088,57,0,0,0,0,2,0,0,0,1,0,0,0,2,0,0,,,675b328b
INT-World Cup,2026,2026-07-03 Argentina-Cabo Verde,Argentina,Nicolás Tagliafico,3,DF,33-306,35,0,0,0,0,0,0,0,0,0,2,1,0,1,0,0,,,675b328b
INT-World Cup,2026,2026-07-03 Argentina-Cabo Verde,Argentina,Rodrigo De Paul,7,RW,32-040,83,0,0,0,0,0,0,0,0,1,0,0,3,1,1,0,,,675b328b
INT-World Cup,2026,2026-07-03 Argentina-Cabo Verde,Argentina,Thiago Almada,16,LW,25-068,63,0,0,0,0,0,0,0,0,1,1,0,0,0,0,0,,,675b328b
INT-World Cup,2026,2026-07-03 Argentina-Cabo Verde,Cabo Verde,Dailon Livramento,19,FW,25-060,54,0,0,0,0,0,0,0,0,1,0,1,1,0,0,0,,,675b328b
INT-World Cup,2026,2026-07-03 Argentina-Cabo Verde,Cabo Verde,Deroy Duarte,14,CM,26-364,99,1,0,0,0,2,2,0,0,3,0,0,1,0,2,0,,,675b328b
INT-World Cup,2026,2026-07-03 Argentina-Cabo Verde,Cabo Verde,Diney,3,CB,31-167,120,0,0,0,0,2,1,0,0,1,0,0,0,2,1,1,,,675b328b
INT-World Cup,2026,2026-07-03 Argentina-Cabo Verde,Cabo Verde,Gilson Benchimol,9,FW,24-186,21,0,0,0,0,0,0,0,0,0,0,0,0,0,0,0,,,675b328b
INT-World Cup,2026,2026-07-03 Argentina-Cabo Verde,Cabo Verde,Hélio Varela,26,FW,24-061,41,0,0,0,0,2,0,0,0,0,1,1,1,0,0,0,,,675b328b
INT-World Cup,2026,2026-07-03 Argentina-Cabo Verde,Cabo Verde,Jamiro Monteiro,10,"FW,MF",32-222,54,0,0,0,0,1,0,0,0,2,1,0,2,1,0,0,,,675b328b
INT-World Cup,2026,2026-07-03 Argentina-Cabo Verde,Cabo Verde,Jovane Cabral,7,FW,28-019,79,0,0,0,0,1,0,0,0,1,2,0,1,2,0,0,,,675b328b
INT-World Cup,2026,2026-07-03 Argentina-Cabo Verde,Cabo Verde,Kevin Pina,6,DM,29-157,99,0,0,0,0,1,0,1,0,2,0,0,0,2,0,0,,,675b328b
INT-World Cup,2026,2026-07-03 Argentina-Cabo Verde,Cabo Verde,Laros Duarte,15,CM,29-125,66,0,0,0,0,0,0,0,0,0,1,0,0,1,1,0,,,675b328b
INT-World Cup,2026,2026-07-03 Argentina-Cabo Verde,Cabo Verde,Nuno da Costa,21,FW,35-143,66,0,0,0,0,0,0,0,0,0,0,0,0,0,1,0,,,675b328b
INT-World Cup,2026,2026-07-03 Argentina-Cabo Verde,Cabo Verde,Pico,4,CB,34-016,120,0,0,0,0,0,0,0,0,0,1,0,0,0,2,0,,,675b328b
INT-World Cup,2026,2026-07-03 Argentina-Cabo Verde,Cabo Verde,Ryan Mendes,20,FW,36-176,79,0,1,0,0,2,0,0,0,0,0,0,2,0,2,0,,,675b328b
INT-World Cup,2026,2026-07-03 Argentina-Cabo Verde,Cabo Verde,Sidny Lopes Cabral,13,LB,23-288,120,1,0,0,0,2,2,0,0,0,2,0,7,0,0,0,,,675b328b
INT-World Cup,2026,2026-07-03 Argentina-Cabo Verde,Cabo Verde,Steven Moreira,22,RB,31-324,120,0,0,0,0,1,0,0,0,0,2,0,3,0,0,0,,,675b328b
INT-World Cup,2026,2026-07-03 Argentina-Cabo Verde,Cabo Verde,Vozinha,1,GK,40-030,120,0,0,0,0,0,0,0,0,0,2,0,0,0,0,0,,,675b328b
INT-World Cup,2026,2026-07-03 Argentina-Cabo Verde,Cabo Verde,Willy Semedo,17,"FW,MF",32-067,41,0,0,0,0,1,0,0,0,2,0,0,1,0,0,0,,,675b328b
INT-World Cup,2026,2026-07-03 Argentina-Cabo Verde,Cabo Verde,Yannick,16,MF,30-186,21,0,1,0,0,1,0,0,0,0,0,0,2,0,1,0,,,675b328b
INT-World Cup,2026,2026-07-03 Australia-Egypt,Australia,Aiden O'Neill,13,DM,27-364,90,0,0,0,0,1,0,0,0,1,2,0,5,0,0,0,,,3ccca695
INT-World Cup,2026,2026-07-03 Australia-Egypt,Australia,Ajdin Hrustic,10,MF,29-363,47,0,0,0,0,2,0,0,0,1,0,0,5,0,0,0,,,3ccca695
INT-World Cup,2026,2026-07-03 Australia-Egypt,Australia,Alessandro Circati,3,CB,22-266,120,0,0,0,0,1,0,0,0,1,2,0,1,2,0,0,,,3ccca695
INT-World Cup,2026,2026-07-03 Australia-Egypt,Australia,Awer Mabil,11,"FW,MF",30-291,30,0,0,0,0,1,0,0,0,0,1,0,1,0,0,0,,,3ccca695
INT-World Cup,2026,2026-07-03 Australia-Egypt,Australia,Aziz Behich,16,DM,35-199,120,0,0,0,0,1,1,0,0,0,2,0,4,2,1,0,,,3ccca695
INT-World Cup,2026,2026-07-03 Australia-Egypt,Australia,Connor Metcalfe,8,AM,26-240,90,0,0,0,0,2,0,0,0,1,0,0,1,1,1,0,,,3ccca695
INT-World Cup,2026,2026-07-03 Australia-Egypt,Australia,Cristian Volpato,20,AM,22-230,73,0,0,0,0,2,0,0,0,0,1,0,3,1,0,0,,,3ccca695
INT-World Cup,2026,2026-07-03 Australia-Egypt,Australia,Harry Souttar,19,CB,27-254,120,0,0,0,0,0,0,0,0,4,0,0,0,0,2,0,,,3ccca695
INT-World Cup,2026,2026-07-03 Australia-Egypt,Australia,Jackson Irvine,22,DM,33-118,120,0,0,0,0,1,0,0,0,1,2,0,0,1,1,0,,,3ccca695
INT-World Cup,2026,2026-07-03 Australia-Egypt,Australia,Jordy Bos,5,DM,23-247,45,0,0,0,0,0,0,0,0,1,0,0,1,0,1,0,,,3ccca695
INT-World Cup,2026,2026-07-03 Australia-Egypt,Australia,Kai Trewin,15,"DF,MF",25-046,75,0,0,0,0,1,0,0,0,0,1,0,2,0,2,0,,,3ccca695
INT-World Cup,2026,2026-07-03 Australia-Egypt,Australia,Lucas Herrington,25,CB,18-301,120,0,0,0,0,0,0,0,0,1,0,0,0,0,1,0,,,3ccca695
INT-World Cup,2026,2026-07-03 Australia-Egypt,Australia,Mathew Ryan,1,GK,34-086,2,0,0,0,0,0,0,0,0,0,0,0,0,0,0,0,,,3ccca695
INT-World Cup,2026,2026-07-03 Australia-Egypt,Australia,Mo Touré,9,FW,22-099,47,0,0,0,0,2,0,0,0,1,1,0,1,0,0,0,,,3ccca695
INT-World Cup,2026,2026-07-03 Australia-Egypt,Australia,Nestory Irankunda,17,FW,20-144,73,0,0,0,0,2,0,0,0,0,2,0,0,0,0,0,,,3ccca695
INT-World Cup,2026,2026-07-03 Australia-Egypt,Australia,Patrick Beach,18,GK,22-331,118,0,0,0,0,0,0,0,0,0,0,0,0,0,0,0,,,3ccca695
INT-World Cup,2026,2026-07-03 Australia-Egypt,Australia,Paul Okon-Engstler,24,MF,21-160,30,0,0,0,0,0,0,0,0,0,0,0,0,0,0,0,,,3ccca695
INT-World Cup,2026,2026-07-03 Australia-Egypt,Egypt,Emam Ashour,8,RW,28-133,120,1,0,0,0,5,1,0,0,1,5,0,0,0,1,0,,,3ccca695
INT-World Cup,2026,2026-07-03 Australia-Egypt,Egypt,Haissem Hassan,12,MF,24-145,54,0,0,0,0,1,0,1,0,1,0,0,7,0,0,0,,,3ccca695
INT-World Cup,2026,2026-07-03 Australia-Egypt,Egypt,Hamdy Fathy,14,CM,31-277,66,0,0,0,0,0,0,0,0,0,0,1,0,0,0,0,,,3ccca695
INT-World Cup,2026,2026-07-03 Australia-Egypt,Egypt,Hamza Abdelkarim,9,FW,18-183,15,0,0,0,0,0,0,0,0,1,0,0,0,0,0,0,,,3ccca695
INT-World Cup,2026,2026-07-03 Australia-Egypt,Egypt,Hossam Abdelmaguid,4,DF,25-064,54,0,0,0,0,0,0,0,0,1,0,0,0,0,1,0,,,3ccca695
INT-World Cup,2026,2026-07-03 Australia-Egypt,Egypt,Karim Hafez,15,LB,30-113,79,0,1,0,0,0,0,0,0,0,1,0,1,1,2,0,,,3ccca695
INT-World Cup,2026,2026-07-03 Australia-Egypt,Egypt,Mahmoud Saber,21,MF,24-338,1,0,0,0,0,0,0,0,0,0,0,0,0,0,0,0,,,3ccca695
INT-World Cup,2026,2026-07-03 Australia-Egypt,Egypt,Marwan Attia,19,CM,27-325,119,0,0,0,0,3,0,0,0,1,0,0,3,1,1,0,,,3ccca695
INT-World Cup,2026,2026-07-03 Australia-Egypt,Egypt,Mohamed Hany,3,RB,30-159,120,0,0,0,0,0,0,0,0,1,0,0,5,0,1,1,,,3ccca695
INT-World Cup,2026,2026-07-03 Australia-Egypt,Egypt,Mohamed Salah,10,FW,34-018,120,0,0,0,0,2,1,0,0,0,3,1,5,0,2,0,,,3ccca695
INT-World Cup,2026,2026-07-03 Australia-Egypt,Egypt,Mostafa Shobeir,23,GK,26-049,120,0,0,0,0,0,0,0,0,0,0,0,0,0,0,0,,,3ccca695
INT-World Cup,2026,2026-07-03 Australia-Egypt,Egypt,Mostafa Ziko,11,FW,29-067,66,0,0,0,0,0,0,0,0,2,1,1,0,2,0,0,,,3ccca695
INT-World Cup,2026,2026-07-03 Australia-Egypt,Egypt,Omar Marmoush,22,LW,27-146,105,0,0,0,0,2,0,0,0,0,0,0,2,0,0,0,,,3ccca695
INT-World Cup,2026,2026-07-03 Australia-Egypt,Egypt,Ramy Rabia,5,CB,33-044,120,0,0,0,0,1,1,0,0,1,1,0,0,1,0,0,,,3ccca695
INT-World Cup,2026,2026-07-03 Australia-Egypt,Egypt,Trézéguet,7,"FW,MF",31-275,41,0,0,0,0,0,0,0,0,1,0,0,1,0,0,0,,,3ccca695
INT-World Cup,2026,2026-07-03 Australia-Egypt,Egypt,Yasser Ibrahim,2,CB,33-143,120,0,0,0,0,0,0,1,0,4,1,0,0,1,0,0,,,3ccca695
INT-World Cup,2026,2026-07-03 Colombia-Ghana,Colombia,Camilo Vargas,12,GK,37-116,90,0,0,0,0,0,0,0,0,0,0,0,0,0,0,0,,,d4ac0040
INT-World Cup,2026,2026-07-03 Colombia-Ghana,Colombia,Daniel Muñoz,2,RB,30-038,90,0,0,0,0,0,0,0,0,1,0,0,2,2,2,0,,,d4ac0040
INT-World Cup,2026,2026-07-03 Colombia-Ghana,Colombia,Davinson Sánchez,23,CB,30-021,90,0,0,0,0,2,1,0,0,1,2,0,0,0,1,0,,,d4ac0040
INT-World Cup,2026,2026-07-03 Colombia-Ghana,Colombia,Gustavo Puerta,14,CM,22-345,90,0,0,0,0,2,1,0,0,3,3,0,0,0,0,0,,,d4ac0040
INT-World Cup,2026,2026-07-03 Colombia-Ghana,Colombia,James Rodríguez,10,FW,34-356,45,0,0,0,0,0,0,0,0,0,0,0,1,0,0,0,,,d4ac0040
INT-World Cup,2026,2026-07-03 Colombia-Ghana,Colombia,Jaminton Campaz,21,"FW,MF",26-040,1,0,0,0,0,2,1,0,0,0,0,0,1,0,0,0,,,d4ac0040
INT-World Cup,2026,2026-07-03 Colombia-Ghana,Colombia,Jefferson Lerma,16,DM,31-251,90,0,0,0,0,0,0,0,0,0,1,0,1,0,0,0,,,d4ac0040
INT-World Cup,2026,2026-07-03 Colombia-Ghana,Colombia,Jhon Arias,11,CM,28-285,72,1,0,0,0,1,1,1,0,1,0,0,0,1,0,0,,,d4ac0040
INT-World Cup,2026,2026-07-03 Colombia-Ghana,Colombia,Jhon Córdoba,9,FW,33-053,7,0,0,0,0,0,0,0,0,0,0,0,0,0,0,0,,,d4ac0040
INT-World Cup,2026,2026-07-03 Colombia-Ghana,Colombia,Jhon Lucumí,3,CB,28-007,90,0,0,0,0,0,0,0,0,0,0,0,0,0,1,0,,,d4ac0040
INT-World Cup,2026,2026-07-03 Colombia-Ghana,Colombia,Johan Mojica,17,LB,33-316,90,0,0,0,0,1,1,0,0,0,1,0,4,1,1,0,,,d4ac0040
INT-World Cup,2026,2026-07-03 Colombia-Ghana,Colombia,Juan Quintero,20,"FW,MF",33-166,18,0,0,0,0,2,0,0,0,0,0,0,3,0,0,0,,,d4ac0040
INT-World Cup,2026,2026-07-03 Colombia-Ghana,Colombia,Luis Díaz,7,FW,29-171,89,0,0,0,0,5,2,0,0,1,0,2,0,0,0,0,,,d4ac0040
INT-World Cup,2026,2026-07-03 Colombia-Ghana,Colombia,Luis Suárez,25,FW,28-213,83,0,1,0,0,2,0,0,0,4,2,0,2,3,0,0,,,d4ac0040
INT-World Cup,2026,2026-07-03 Colombia-Ghana,Colombia,Richard Ríos,6,MF,26-031,45,0,0,0,0,3,1,1,0,3,1,0,1,1,0,0,,,d4ac0040
INT-World Cup,2026,2026-07-03 Colombia-Ghana,Ghana,Abdul Fatawu Issahaku,7,"FW,MF",22-117,29,0,0,0,0,0,0,1,0,1,2,0,2,0,0,0,,,d4ac0040
INT-World Cup,2026,2026-07-03 Colombia-Ghana,Ghana,Alidu Seidu,2,DF,26-029,78,0,0,0,0,0,0,1,0,1,0,0,1,1,1,0,,,d4ac0040
INT-World Cup,2026,2026-07-03 Colombia-Ghana,Ghana,Antoine Semenyo,11,FW,26-177,90,0,0,0,0,3,0,0,0,1,3,0,2,1,0,0,,,d4ac0040
INT-World Cup,2026,2026-07-03 Colombia-Ghana,Ghana,Caleb Yirenkyi,3,CM,20-169,78,0,0,0,0,0,0,1,0,2,0,0,1,0,0,0,,,d4ac0040
INT-World Cup,2026,2026-07-03 Colombia-Ghana,Ghana,Derrick Luckassen,23,CB,31-000,90,0,0,0,0,0,0,0,0,1,1,0,0,1,0,0,,,d4ac0040
INT-World Cup,2026,2026-07-03 Colombia-Ghana,Ghana,Elisha Owusu,15,MF,28-238,29,0,0,0,0,0,0,0,0,0,0,0,0,0,0,0,,,d4ac0040
INT-World Cup,2026,2026-07-03 Colombia-Ghana,Ghana,Ernest Nuamah,24,"FW,MF",22-244,12,0,0,0,0,0,0,0,0,2,1,0,0,1,0,0,,,d4ac0040
INT-World Cup,2026,2026-07-03 Colombia-Ghana,Ghana,Gideon Mensah,14,LB,27-350,90,0,0,0,0,0,0,0,0,0,0,0,1,1,1,0,,,d4ac0040
INT-World Cup,2026,2026-07-03 Colombia-Ghana,Ghana,Iñaki Williams,19,FW,32-018,61,0,0,0,0,3,0,0,0,0,1,0,4,0,1,0,,,d4ac0040
INT-World Cup,2026,2026-07-03 Colombia-Ghana,Ghana,Jerome Opoku,18,CB,27-262,90,0,0,0,0,0,0,0,0,1,1,0,0,0,0,0,,,d4ac0040
INT-World Cup,2026,2026-07-03 Colombia-Ghana,Ghana,Jordan Ayew,9,FW,34-295,78,0,0,0,0,0,0,0,0,0,2,0,3,1,1,0,,,d4ac0040
INT-World Cup,2026,2026-07-03 Colombia-Ghana,Ghana,Kwasi Sibo,8,CM,28-009,61,0,0,0,0,0,0,0,0,0,1,0,0,0,0,0,,,d4ac0040
INT-World Cup,2026,2026-07-03 Colombia-Ghana,Ghana,Lawrence Ati-Zigi,1,GK,29-216,90,0,0,0,0,0,0,0,0,0,0,0,0,0,0,0,,,d4ac0040
INT-World Cup,2026,2026-07-03 Colombia-Ghana,Ghana,Marvin Senaya,26,RB,25-156,12,0,0,0,0,0,0,0,0,0,0,0,1,1,0,0,,,d4ac0040
INT-World Cup,2026,2026-07-03 Colombia-Ghana,Ghana,Prince Kwabena Adu,25,FW,22-283,12,0,0,0,0,0,0,0,0,1,0,0,0,0,0,0,,,d4ac0040
INT-World Cup,2026,2026-07-03 Colombia-Ghana,Ghana,Thomas Partey,5,DM,33-020,90,0,0,0,0,2,0,0,0,0,2,0,0,0,1,0,,,d4ac0040
INT-World Cup,2026,2026-07-04 Canada-Morocco,Canada,Ali Ahmed,20,LW,25-267,77,0,0,0,0,0,0,0,0,1,2,0,2,2,1,0,,,b709bfa1
INT-World Cup,2026,2026-07-04 Canada-Morocco,Canada,Alistair Johnston,2,RB,27-269,90,0,0,0,0,1,0,0,0,1,0,0,2,1,0,0,,,b709bfa1
INT-World Cup,2026,2026-07-04 Canada-Morocco,Canada,Cyle Larin,9,"FW,MF",31-078,28,0,0,0,0,0,0,1,0,2,0,0,0,0,0,0,,,b709bfa1
INT-World Cup,2026,2026-07-04 Canada-Morocco,Canada,Jacob Shaffelburg,14,MF,26-220,13,0,0,0,0,0,0,0,0,1,1,0,7,0,0,0,,,b709bfa1
INT-World Cup,2026,2026-07-04 Canada-Morocco,Canada,Jayden Nelson,26,"FW,MF",23-281,4,0,0,0,0,1,0,0,0,0,0,0,2,0,0,0,,,b709bfa1
INT-World Cup,2026,2026-07-04 Canada-Morocco,Canada,Jonathan David,10,FW,26-171,90,0,0,0,0,3,1,1,0,3,1,0,0,0,0,0,,,b709bfa1
INT-World Cup,2026,2026-07-04 Canada-Morocco,Canada,Jonathan Osorio,21,MF,34-022,4,0,0,0,0,1,0,0,0,0,1,0,0,0,1,0,,,b709bfa1
INT-World Cup,2026,2026-07-04 Canada-Morocco,Canada,Luc De Fougerolles,4,CB,20-265,90,0,0,0,0,1,0,1,0,3,2,0,1,0,1,0,,,b709bfa1
INT-World Cup,2026,2026-07-04 Canada-Morocco,Canada,Maxime Crépeau,16,GK,32-054,90,0,0,0,0,0,0,0,0,1,0,0,0,0,0,0,,,b709bfa1
INT-World Cup,2026,2026-07-04 Canada-Morocco,Canada,Moïse Bombito,15,CB,26-096,90,0,0,0,0,0,0,0,0,1,0,0,0,0,0,0,,,b709bfa1
INT-World Cup,2026,2026-07-04 Canada-Morocco,Canada,Niko Sigur,23,CM,22-298,86,0,0,0,0,0,0,0,0,2,1,0,2,1,0,0,,,b709bfa1
INT-World Cup,2026,2026-07-04 Canada-Morocco,Canada,Promise David,24,FW,25-001,13,0,0,0,0,0,0,0,0,2,1,0,0,0,0,0,,,b709bfa1
INT-World Cup,2026,2026-07-04 Canada-Morocco,Canada,Richie Laryea,22,LB,31-178,77,0,0,0,0,0,0,1,0,2,2,1,1,1,1,0,,,b709bfa1
INT-World Cup,2026,2026-07-04 Canada-Morocco,Canada,Stephen Eustáquio,7,CM,29-195,90,0,0,0,0,0,0,0,0,0,2,0,10,2,1,0,,,b709bfa1
INT-World Cup,2026,2026-07-04 Canada-Morocco,Canada,Tajon Buchanan,17,RW,27-146,86,0,0,0,0,1,1,0,0,3,0,1,2,1,0,0,,,b709bfa1
INT-World Cup,2026,2026-07-04 Canada-Morocco,Canada,Tani Oluwaseyi,12,FW,26-050,62,0,0,0,0,2,1,0,0,2,1,0,0,2,0,0,,,b709bfa1
INT-World Cup,2026,2026-07-04 Canada-Morocco,Morocco,Achraf Hakimi,2,RB,27-242,90,0,1,0,0,0,0,1,0,2,2,0,3,2,1,0,,,b709bfa1
INT-World Cup,2026,2026-07-04 Canada-Morocco,Morocco,Ayyoub Bouaddi,6,DM,18-275,62,0,0,0,0,0,0,0,0,0,2,0,0,1,0,0,,,b709bfa1
INT-World Cup,2026,2026-07-04 Canada-Morocco,Morocco,Azzedine Ounahi,8,AM,26-076,86,2,0,0,0,2,2,1,0,1,4,0,1,0,0,0,,,b709bfa1
INT-World Cup,2026,2026-07-04 Canada-Morocco,Morocco,Bilal El Khannouss,23,AM,22-055,62,0,0,0,0,0,0,1,0,2,1,0,0,1,1,0,,,b709bfa1
INT-World Cup,2026,2026-07-04 Canada-Morocco,Morocco,Brahim Díaz,10,AM,26-335,90,0,2,0,0,0,0,0,0,2,1,0,0,1,1,0,,,b709bfa1
INT-World Cup,2026,2026-07-04 Canada-Morocco,Morocco,Chemsdine Talbi,7,MF,21-056,28,0,0,0,0,0,0,0,0,0,0,0,0,2,1,0,,,b709bfa1
INT-World Cup,2026,2026-07-04 Canada-Morocco,Morocco,Ismael Saibari,11,FW,25-157,21,0,0,0,0,0,0,0,0,0,0,1,0,0,0,0,,,b709bfa1
INT-World Cup,2026,2026-07-04 Canada-Morocco,Morocco,Issa Diop,14,CB,29-176,86,0,0,0,0,0,0,0,0,0,1,0,0,0,1,0,,,b709bfa1
INT-World Cup,2026,2026-07-04 Canada-Morocco,Morocco,Marwane Saâdane,5,"DF,MF",34-168,4,0,0,0,0,0,0,0,0,0,1,0,0,0,0,0,,,b709bfa1
INT-World Cup,2026,2026-07-04 Canada-Morocco,Morocco,Neil El Aynaoui,24,DM,25-002,90,0,0,0,0,0,0,0,0,0,0,0,0,0,2,0,,,b709bfa1
INT-World Cup,2026,2026-07-04 Canada-Morocco,Morocco,Noussair Mazraoui,3,LB,28-232,90,0,0,0,0,0,0,0,0,0,4,0,1,1,0,0,,,b709bfa1
INT-World Cup,2026,2026-07-04 Canada-Morocco,Morocco,Redouane Halhal,25,CB,23-121,90,0,0,0,0,0,0,1,0,2,2,0,0,0,1,0,,,b709bfa1
INT-World Cup,2026,2026-07-04 Canada-Morocco,Morocco,Samir El Mourabet,15,MF,20-271,4,0,0,0,0,0,0,0,0,0,0,0,0,0,0,0,,,b709bfa1
INT-World Cup,2026,2026-07-04 Canada-Morocco,Morocco,Sofyan Amrabat,4,"DF,MF",29-317,28,0,0,0,0,0,0,0,0,3,1,0,0,0,0,0,,,b709bfa1
INT-World Cup,2026,2026-07-04 Canada-Morocco,Morocco,Soufiane Rahimi,9,FW,30-032,69,1,0,0,0,3,2,0,0,2,2,2,0,1,0,0,,,b709bfa1
INT-World Cup,2026,2026-07-04 Canada-Morocco,Morocco,Yassine Bounou,1,GK,35-090,90,0,0,0,0,0,0,0,0,0,2,0,0,0,0,0,,,b709bfa1
INT-World Cup,2026,2026-07-04 Paraguay-France,France,Adrien Rabiot,14,DM,31-092,90,0,0,0,0,3,0,0,0,0,1,0,1,0,1,0,,,8ad9833e
INT-World Cup,2026,2026-07-04 Paraguay-France,France,Bradley Barcola,12,AM,23-305,60,0,0,0,0,1,0,1,0,2,0,0,0,0,0,0,,,8ad9833e
INT-World Cup,2026,2026-07-04 Paraguay-France,France,Dayot Upamecano,4,CB,27-250,90,0,0,0,0,0,0,0,0,1,2,0,0,3,4,0,,,8ad9833e
INT-World Cup,2026,2026-07-04 Paraguay-France,France,Désiré Doué,20,"FW,MF",21-031,30,0,0,0,0,1,0,0,0,1,1,0,0,0,0,0,,,8ad9833e
INT-World Cup,2026,2026-07-04 Paraguay-France,France,Jules Koundé,5,RB,27-234,90,0,0,0,0,0,0,0,0,0,1,0,2,1,0,0,,,8ad9833e
INT-World Cup,2026,2026-07-04 Paraguay-France,France,Kylian Mbappé,10,FW,27-196,90,1,0,1,1,5,4,0,0,1,2,0,0,0,0,0,,,8ad9833e
INT-World Cup,2026,2026-07-04 Paraguay-France,France,Lucas Digne,3,LB,32-349,90,0,0,0,0,0,0,0,0,1,0,0,3,2,0,0,,,8ad9833e
INT-World Cup,2026,2026-07-04 Paraguay-France,France,Manu Koné,6,DM,25-048,90,0,0,0,0,3,1,1,0,2,2,0,0,1,2,0,,,8ad9833e
INT-World Cup,2026,2026-07-04 Paraguay-France,France,Michael Olise,11,AM,24-204,90,0,0,0,0,0,0,1,0,2,3,0,5,1,1,0,,,8ad9833e
INT-World Cup,2026,2026-07-04 Paraguay-France,France,Mike Maignan,16,GK,31-001,90,0,0,0,0,0,0,0,0,0,1,0,0,0,0,0,,,8ad9833e
INT-World Cup,2026,2026-07-04 Paraguay-France,France,Ousmane Dembélé,7,AM,29-050,83,0,0,0,0,2,0,0,0,0,0,0,12,0,0,0,,,8ad9833e
INT-World Cup,2026,2026-07-04 Paraguay-France,France,Rayan Cherki,24,"FW,MF",22-321,7,0,0,0,0,0,0,0,0,0,0,0,0,0,1,0,,,8ad9833e
INT-World Cup,2026,2026-07-04 Paraguay-France,France,William Saliba,17,CB,25-102,90,0,0,0,0,0,0,0,0,1,0,0,0,0,1,0,,,8ad9833e
INT-World Cup,2026,2026-07-04 Paraguay-France,Paraguay,Andrés Cubas,14,CM,30-043,90,0,0,0,0,0,0,0,0,2,0,0,0,3,3,0,,,8ad9833e
INT-World Cup,2026,2026-07-04 Paraguay-France,Paraguay,Diego Gómez,8,CM,23-099,70,0,0,0,0,1,0,0,0,1,0,0,0,2,2,0,,,8ad9833e
INT-World Cup,2026,2026-07-04 Paraguay-France,Paraguay,Gabriel Ávalos,21,FW,35-265,20,0,0,0,0,0,0,0,0,1,0,0,0,0,0,0,,,8ad9833e
INT-World Cup,2026,2026-07-04 Paraguay-France,Paraguay,Gustavo Caballero,24,"FW,MF",24-286,30,0,0,0,0,0,0,0,0,2,0,0,0,1,0,0,,,8ad9833e
INT-World Cup,2026,2026-07-04 Paraguay-France,Paraguay,Gustavo Gómez,15,CB,33-059,90,0,0,0,0,0,0,0,0,0,1,0,0,1,0,0,,,8ad9833e
INT-World Cup,2026,2026-07-04 Paraguay-France,Paraguay,Gustavo Velásquez,2,CB,35-078,90,0,0,0,0,0,0,0,0,2,0,0,0,1,0,0,,,8ad9833e
INT-World Cup,2026,2026-07-04 Paraguay-France,Paraguay,José Canale,13,DF,29-349,33,0,0,0,0,0,0,0,0,0,0,0,0,0,0,0,,,8ad9833e
INT-World Cup,2026,2026-07-04 Paraguay-France,Paraguay,Juan Cáceres,4,RB,26-033,90,0,0,0,0,0,0,0,0,1,3,0,0,3,3,0,,,8ad9833e
INT-World Cup,2026,2026-07-04 Paraguay-France,Paraguay,Julio Enciso,19,FW,22-162,60,0,0,0,0,0,0,0,0,1,1,0,0,1,0,0,,,8ad9833e
INT-World Cup,2026,2026-07-04 Paraguay-France,Paraguay,Júnior Alonso,6,LB,33-145,90,0,0,0,0,2,0,0,0,0,0,0,0,3,2,0,,,8ad9833e
INT-World Cup,2026,2026-07-04 Paraguay-France,Paraguay,Matías Galarza,23,LM,24-143,90,0,0,0,0,0,0,0,0,3,3,0,0,2,3,0,,,8ad9833e
INT-World Cup,2026,2026-07-04 Paraguay-France,Paraguay,Mauricio,11,MF,25-043,20,0,0,0,0,1,0,0,0,0,1,0,3,1,0,0,,,8ad9833e
INT-World Cup,2026,2026-07-04 Paraguay-France,Paraguay,Miguel Almirón,10,RM,32-144,70,0,0,0,0,1,0,0,0,0,2,0,1,2,1,0,,,8ad9833e
INT-World Cup,2026,2026-07-04 Paraguay-France,Paraguay,Omar Alderete,3,CB,29-190,57,0,0,0,0,0,0,0,0,0,0,0,0,0,0,0,,,8ad9833e
INT-World Cup,2026,2026-07-04 Paraguay-France,Paraguay,Orlando Gill,12,GK,26-023,90,0,0,0,0,0,0,0,0,0,0,0,0,0,0,0,,,8ad9833e
INT-World Cup,2026,2026-07-05 Brazil-Norway,Brazil,Alisson,1,GK,33-276,90,0,0,0,0,0,0,0,0,0,0,0,0,0,0,0,,,dabafdc1
INT-World Cup,2026,2026-07-05 Brazil-Norway,Brazil,Bruno Guimarães,8,CM,28-231,78,0,0,0,1,2,1,0,0,1,0,0,2,1,0,0,,,dabafdc1
INT-World Cup,2026,2026-07-05 Brazil-Norway,Brazil,Casemiro,5,CM,34-132,90,0,0,0,0,1,0,0,0,1,2,0,3,0,1,0,,,dabafdc1
INT-World Cup,2026,2026-07-05 Brazil-Norway,Brazil,Danilo,13,RB,34-355,90,0,0,0,0,1,0,0,0,1,0,0,3,2,1,0,,,dabafdc1
INT-World Cup,2026,2026-07-05 Brazil-Norway,Brazil,Danilo Santos,18,MF,25-067,24,0,0,0,0,0,0,0,0,0,0,0,0,2,1,0,,,dabafdc1
INT-World Cup,2026,2026-07-05 Brazil-Norway,Brazil,Douglas Santos,16,LB,32-105,90,0,0,0,0,0,0,0,0,0,0,0,0,3,2,0,,,dabafdc1
INT-World Cup,2026,2026-07-05 Brazil-Norway,Brazil,Endrick,19,FW,19-349,33,0,0,0,0,2,0,0,0,0,0,0,0,0,0,0,,,dabafdc1
INT-World Cup,2026,2026-07-05 Brazil-Norway,Brazil,Gabriel Magalhães,3,CB,28-198,90,0,0,0,0,0,0,0,0,0,0,0,0,0,1,0,,,dabafdc1
INT-World Cup,2026,2026-07-05 Brazil-Norway,Brazil,Gabriel Martinelli,22,LW,25-017,66,0,0,0,0,0,0,0,0,1,1,0,0,0,1,0,,,dabafdc1
INT-World Cup,2026,2026-07-05 Brazil-Norway,Brazil,Marquinhos,4,CB,32-052,90,0,0,0,0,0,0,0,0,0,1,0,0,0,2,0,,,dabafdc1
INT-World Cup,2026,2026-07-05 Brazil-Norway,Brazil,Matheus Cunha,9,FW,27-039,57,0,0,0,0,1,0,0,0,0,1,0,1,0,1,0,,,dabafdc1
INT-World Cup,2026,2026-07-05 Brazil-Norway,Brazil,Neymar,10,"FW,MF",34-150,24,1,0,1,1,2,1,1,0,1,0,0,3,0,0,0,,,dabafdc1
INT-World Cup,2026,2026-07-05 Brazil-Norway,Brazil,Rayan,26,RW,19-336,66,0,0,0,0,2,1,0,0,2,0,1,1,0,1,0,,,dabafdc1
INT-World Cup,2026,2026-07-05 Brazil-Norway,Brazil,Vinicius Júnior,7,FW,25-358,90,0,0,0,0,2,1,0,0,0,1,0,1,1,0,0,,,dabafdc1
INT-World Cup,2026,2026-07-05 Brazil-Norway,Brazil,Éderson Silva,2,MF,26-363,12,0,0,0,0,1,0,0,0,0,0,0,2,0,0,0,,,dabafdc1
INT-World Cup,2026,2026-07-05 Brazil-Norway,Norway,Alexander Sørloth,7,FW,30-212,45,0,0,0,0,0,0,0,0,0,0,1,3,0,0,0,,,dabafdc1
INT-World Cup,2026,2026-07-05 Brazil-Norway,Norway,Andreas Schjelderup,21,"FW,MF",22-034,45,0,2,0,0,1,1,0,0,0,0,0,2,1,1,0,,,dabafdc1
INT-World Cup,2026,2026-07-05 Brazil-Norway,Norway,Antonio Nusa,20,FW,21-079,45,0,0,0,0,0,0,0,0,0,1,0,1,0,0,0,,,dabafdc1
INT-World Cup,2026,2026-07-05 Brazil-Norway,Norway,David Møller Wolfe,5,LB,24-073,89,0,0,0,0,0,0,0,0,0,1,0,2,1,0,0,,,dabafdc1
INT-World Cup,2026,2026-07-05 Brazil-Norway,Norway,Erling Haaland,9,FW,25-349,90,2,0,0,0,4,3,0,0,1,0,0,0,0,1,0,,,dabafdc1
INT-World Cup,2026,2026-07-05 Brazil-Norway,Norway,Fredrik Aursnes,14,"DF,MF",30-207,28,0,0,0,0,0,0,0,0,0,0,0,0,2,0,0,,,dabafdc1
INT-World Cup,2026,2026-07-05 Brazil-Norway,Norway,Julian Ryerson,26,RB,28-230,62,0,0,0,0,0,0,0,0,2,0,0,1,1,0,0,,,dabafdc1
INT-World Cup,2026,2026-07-05 Brazil-Norway,Norway,Kristoffer Ajer,3,CB,28-079,90,0,0,0,0,0,0,0,0,1,0,0,0,1,1,0,,,dabafdc1
INT-World Cup,2026,2026-07-05 Brazil-Norway,Norway,Leo Østigård,4,"DF,FW",26-219,1,0,0,0,0,0,0,0,0,1,0,0,0,0,0,0,,,dabafdc1
INT-World Cup,2026,2026-07-05 Brazil-Norway,Norway,Martin Ødegaard,10,CM,27-200,90,0,0,0,0,3,1,0,0,0,1,0,3,0,0,0,,,dabafdc1
INT-World Cup,2026,2026-07-05 Brazil-Norway,Norway,Oscar Bobb,22,"FW,MF",22-358,45,0,0,0,0,0,0,0,0,0,1,0,0,1,0,0,,,dabafdc1
INT-World Cup,2026,2026-07-05 Brazil-Norway,Norway,Patrick Berg,6,CM,28-223,90,0,0,0,0,1,0,0,0,0,1,0,1,2,0,0,,,dabafdc1
INT-World Cup,2026,2026-07-05 Brazil-Norway,Norway,Sander Berge,8,DM,28-141,90,0,0,0,0,0,0,0,0,0,1,0,0,0,2,0,,,dabafdc1
INT-World Cup,2026,2026-07-05 Brazil-Norway,Norway,Torbjørn Heggem,17,CB,27-174,90,0,0,0,0,0,0,0,0,1,0,0,0,2,0,0,,,dabafdc1
INT-World Cup,2026,2026-07-05 Brazil-Norway,Norway,Ørjan Nyland,1,GK,35-298,90,0,0,0,0,0,0,0,0,0,0,0,0,0,1,0,,,dabafdc1
INT-World Cup,2026,2026-07-05 Mexico-England,England,Anthony Gordon,18,AM,25-131,90,0,0,0,0,1,1,0,0,0,4,0,0,1,1,0,,,3ed2ad56
INT-World Cup,2026,2026-07-05 Mexico-England,England,Bukayo Saka,7,AM,24-303,56,0,1,0,0,0,0,0,0,2,1,0,2,0,0,0,,,3ed2ad56
INT-World Cup,2026,2026-07-05 Mexico-England,England,Dan Burn,15,DF,34-057,16,0,0,0,0,0,0,0,0,0,0,0,0,0,0,0,,,3ed2ad56
INT-World Cup,2026,2026-07-05 Mexico-England,England,Declan Rice,4,DM,27-172,90,0,0,0,0,0,0,1,0,1,0,0,1,0,0,0,,,3ed2ad56
INT-World Cup,2026,2026-07-05 Mexico-England,England,Djed Spence,25,"DF,MF",25-330,17,0,0,0,0,0,0,0,0,0,0,0,0,0,1,0,,,3ed2ad56
INT-World Cup,2026,2026-07-05 Mexico-England,England,Elliot Anderson,8,DM,23-241,74,0,0,0,0,0,0,0,0,0,0,0,0,5,0,0,,,3ed2ad56
INT-World Cup,2026,2026-07-05 Mexico-England,England,Ezri Konsa,2,CB,28-255,90,0,0,0,0,0,0,0,0,0,3,0,0,0,0,0,,,3ed2ad56
INT-World Cup,2026,2026-07-05 Mexico-England,England,Harry Kane,9,FW,32-342,89,1,1,1,1,1,1,0,0,2,1,0,0,1,0,0,,,3ed2ad56
INT-World Cup,2026,2026-07-05 Mexico-England,England,Jarell Quansah,26,RB,23-157,53,0,0,0,0,0,0,0,1,1,0,0,1,0,0,0,,,3ed2ad56
INT-World Cup,2026,2026-07-05 Mexico-England,England,John Stones,5,DF,32-038,34,0,0,0,0,0,0,0,0,0,0,0,0,0,0,0,,,3ed2ad56
INT-World Cup,2026,2026-07-05 Mexico-England,England,Jordan Pickford,1,GK,32-120,90,0,0,0,0,0,0,0,0,0,0,0,0,0,0,0,,,3ed2ad56
INT-World Cup,2026,2026-07-05 Mexico-England,England,Jude Bellingham,10,AM,23-006,90,2,0,0,0,3,3,0,0,1,2,0,0,2,0,0,,,3ed2ad56
INT-World Cup,2026,2026-07-05 Mexico-England,England,Marc Guéhi,6,CB,25-357,90,0,0,0,0,0,0,1,0,0,1,0,0,0,1,0,,,3ed2ad56
INT-World Cup,2026,2026-07-05 Mexico-England,England,Morgan Rogers,17,"FW,MF",23-344,1,0,0,0,0,0,0,0,0,0,0,0,0,0,0,0,,,3ed2ad56
INT-World Cup,2026,2026-07-05 Mexico-England,England,Nico O'Reilly,3,LB,21-106,73,0,0,0,0,1,0,1,0,0,1,0,0,0,1,0,,,3ed2ad56
INT-World Cup,2026,2026-07-05 Mexico-England,Mexico,Brian Gutiérrez,26,MF,23-018,30,0,0,0,0,1,0,0,0,1,1,0,3,0,0,0,,,3ed2ad56
INT-World Cup,2026,2026-07-05 Mexico-England,Mexico,César Montes,3,CB,29-131,45,0,0,0,0,0,0,0,0,1,0,0,0,0,1,0,,,3ed2ad56
INT-World Cup,2026,2026-07-05 Mexico-England,Mexico,Edson Álvarez,4,"DF,MF",28-254,45,0,0,0,0,2,0,0,0,1,0,0,1,0,0,0,,,3ed2ad56
INT-World Cup,2026,2026-07-05 Mexico-England,Mexico,Erik Lira,6,DM,26-058,90,0,0,0,0,0,0,0,0,1,1,0,2,0,0,0,,,3ed2ad56
INT-World Cup,2026,2026-07-05 Mexico-England,Mexico,Gilberto Mora,19,CM,17-264,60,0,0,0,0,1,0,0,0,2,0,0,1,1,0,0,,,3ed2ad56
INT-World Cup,2026,2026-07-05 Mexico-England,Mexico,Guillermo Martínez Ayala,22,FW,31-112,10,0,0,0,0,0,0,0,0,0,0,0,0,0,0,0,,,3ed2ad56
INT-World Cup,2026,2026-07-05 Mexico-England,Mexico,Jesús Gallardo,23,LB,31-324,90,0,0,0,0,1,0,0,0,2,2,0,13,1,2,0,,,3ed2ad56
INT-World Cup,2026,2026-07-05 Mexico-England,Mexico,Johan Vásquez,5,CB,27-256,90,0,0,0,0,0,0,1,0,0,0,0,1,1,1,0,,,3ed2ad56
INT-World Cup,2026,2026-07-05 Mexico-England,Mexico,Jorge Sánchez,2,RB,28-207,78,0,0,0,0,0,0,1,0,2,0,0,1,2,1,0,,,3ed2ad56
INT-World Cup,2026,2026-07-05 Mexico-England,Mexico,Julián Quiñones,16,FW,29-103,80,1,0,0,0,3,1,0,0,0,0,0,1,0,0,0,,,3ed2ad56
INT-World Cup,2026,2026-07-05 Mexico-England,Mexico,Luis Romo,7,CM,31-030,60,0,0,0,0,1,0,0,0,0,1,0,0,0,1,0,,,3ed2ad56
INT-World Cup,2026,2026-07-05 Mexico-England,Mexico,Raúl Jiménez,9,FW,35-061,90,1,0,1,1,8,3,0,0,3,0,1,0,0,0,0,,,3ed2ad56
INT-World Cup,2026,2026-07-05 Mexico-England,Mexico,Raúl Rangel,1,GK,26-130,90,0,0,0,0,0,0,0,0,1,0,0,0,0,0,0,,,3ed2ad56
INT-World Cup,2026,2026-07-05 Mexico-England,Mexico,Roberto Alvarado,25,FW,27-301,90,0,0,0,0,0,0,0,0,0,1,0,23,1,1,0,,,3ed2ad56
INT-World Cup,2026,2026-07-05 Mexico-England,Mexico,Santiago Giménez,11,FW,25-078,30,0,0,0,0,1,0,0,0,0,0,0,0,0,0,0,,,3ed2ad56
INT-World Cup,2026,2026-07-05 Mexico-England,Mexico,Álvaro Fidalgo,8,MF,29-087,12,0,0,0,0,2,1,0,0,0,0,0,3,0,0,0,,,3ed2ad56
INT-World Cup,2026,2026-07-06 Portugal-Spain,Portugal,Bernardo Silva,10,"FW,MF",31-330,8,0,0,0,0,1,0,1,0,2,0,0,0,0,0,0,,,fe9daeb3
INT-World Cup,2026,2026-07-06 Portugal-Spain,Portugal,Bruno Fernandes,8,AM,31-301,90,0,0,0,0,1,0,0,0,0,1,1,5,0,0,0,,,fe9daeb3
INT-World Cup,2026,2026-07-06 Portugal-Spain,Portugal,Cristiano Ronaldo,7,FW,41-151,90,0,0,0,0,3,2,0,0,0,2,1,0,0,0,0,,,fe9daeb3
INT-World Cup,2026,2026-07-06 Portugal-Spain,Portugal,Diogo Costa,1,GK,26-290,90,0,0,0,0,0,0,0,0,0,0,0,0,0,0,0,,,fe9daeb3
INT-World Cup,2026,2026-07-06 Portugal-Spain,Portugal,Diogo Dalot,5,"DF,MF",27-110,20,0,0,0,0,0,0,0,0,0,0,0,0,1,0,0,,,fe9daeb3
INT-World Cup,2026,2026-07-06 Portugal-Spain,Portugal,Francisco Conceição,26,MF,23-204,8,0,0,0,0,0,0,0,0,0,1,0,1,0,0,0,,,fe9daeb3
INT-World Cup,2026,2026-07-06 Portugal-Spain,Portugal,João Cancelo,20,RB,32-040,70,0,0,0,0,1,0,0,0,1,0,0,0,0,1,0,,,fe9daeb3
INT-World Cup,2026,2026-07-06 Portugal-Spain,Portugal,João Félix,11,AM,26-238,70,0,0,0,0,0,0,0,0,2,4,0,0,1,2,0,,,fe9daeb3
INT-World Cup,2026,2026-07-06 Portugal-Spain,Portugal,João Neves,15,DM,21-282,90,0,0,0,0,1,0,0,0,0,1,0,0,2,2,0,,,fe9daeb3
INT-World Cup,2026,2026-07-06 Portugal-Spain,Portugal,Nuno Mendes,25,LB,24-017,55,0,0,0,0,1,0,0,0,0,1,0,3,3,0,0,,,fe9daeb3
INT-World Cup,2026,2026-07-06 Portugal-Spain,Portugal,Nélson Semedo,2,"DF,MF",32-232,35,0,0,0,0,0,0,0,0,1,1,0,1,0,0,0,,,fe9daeb3
INT-World Cup,2026,2026-07-06 Portugal-Spain,Portugal,Pedro Neto,18,AM,26-119,82,0,0,0,0,1,0,0,0,1,1,0,2,1,0,0,,,fe9daeb3
INT-World Cup,2026,2026-07-06 Portugal-Spain,Portugal,Rafael Leão,17,"FW,MF",27-026,20,0,0,0,0,0,0,0,0,0,0,0,1,0,0,0,,,fe9daeb3
INT-World Cup,2026,2026-07-06 Portugal-Spain,Portugal,Renato Veiga,13,CB,22-342,90,0,0,0,0,0,0,1,0,1,0,0,0,1,1,0,,,fe9daeb3
INT-World Cup,2026,2026-07-06 Portugal-Spain,Portugal,Rúben Dias,3,CB,29-053,90,0,0,0,0,0,0,0,0,1,0,0,0,0,0,0,,,fe9daeb3
INT-World Cup,2026,2026-07-06 Portugal-Spain,Portugal,Vitinha,23,DM,26-143,82,0,0,0,0,1,0,0,0,0,0,0,0,0,1,0,,,fe9daeb3
INT-World Cup,2026,2026-07-06 Portugal-Spain,Spain,Aymeric Laporte,14,CB,32-040,90,0,0,0,0,0,0,0,0,1,0,0,0,0,0,0,,,fe9daeb3
INT-World Cup,2026,2026-07-06 Portugal-Spain,Spain,Borja Iglesias,26,FW,33-170,1,0,0,0,0,0,0,0,0,0,0,0,0,0,0,0,,,fe9daeb3
INT-World Cup,2026,2026-07-06 Portugal-Spain,Spain,Dani Olmo,10,AM,28-060,84,0,0,0,0,2,0,0,0,1,1,0,0,1,0,0,,,fe9daeb3
INT-World Cup,2026,2026-07-06 Portugal-Spain,Spain,Fabián Ruiz Peña,8,MF,30-094,6,0,0,0,0,0,0,0,0,0,0,0,1,0,0,0,,,fe9daeb3
INT-World Cup,2026,2026-07-06 Portugal-Spain,Spain,Ferran Torres,7,"FW,MF",26-127,16,0,1,0,0,1,0,1,0,1,0,0,0,0,0,0,,,fe9daeb3
INT-World Cup,2026,2026-07-06 Portugal-Spain,Spain,Lamine Yamal,19,AM,18-358,90,0,0,0,0,3,2,0,0,5,2,1,3,4,1,0,,,fe9daeb3
INT-World Cup,2026,2026-07-06 Portugal-Spain,Spain,Marc Cucurella,24,LB,27-349,90,0,0,0,0,0,0,0,0,0,0,0,1,0,1,0,,,fe9daeb3
INT-World Cup,2026,2026-07-06 Portugal-Spain,Spain,Mikel Merino,6,MF,30-014,6,1,0,0,0,1,1,0,0,0,2,0,0,0,0,0,,,fe9daeb3
INT-World Cup,2026,2026-07-06 Portugal-Spain,Spain,Mikel Oyarzabal,21,FW,29-076,89,0,0,0,0,2,1,0,0,0,0,0,0,0,0,0,,,fe9daeb3
INT-World Cup,2026,2026-07-06 Portugal-Spain,Spain,Pau Cubarsí,22,CB,19-165,90,0,0,0,0,0,0,0,0,1,0,0,0,0,0,0,,,fe9daeb3
INT-World Cup,2026,2026-07-06 Portugal-Spain,Spain,Pedri,20,DM,23-223,84,0,0,0,0,1,0,0,0,1,0,0,1,1,1,0,,,fe9daeb3
INT-World Cup,2026,2026-07-06 Portugal-Spain,Spain,Pedro Porro,12,RB,26-296,90,0,0,0,0,1,0,0,0,1,2,0,2,2,1,0,,,fe9daeb3
INT-World Cup,2026,2026-07-06 Portugal-Spain,Spain,Rodri,16,DM,30-014,90,0,0,0,0,1,0,0,0,1,0,0,1,4,0,0,,,fe9daeb3
INT-World Cup,2026,2026-07-06 Portugal-Spain,Spain,Unai Simón,23,GK,29-025,90,0,0,0,0,0,0,0,0,0,0,0,0,0,0,0,,,fe9daeb3
INT-World Cup,2026,2026-07-06 Portugal-Spain,Spain,Álex Baena,15,AM,24-351,74,0,0,0,0,3,2,0,0,1,1,0,7,3,1,0,,,fe9daeb3
INT-World Cup,2026,2026-07-06 USA-Belgium,Belgium,Alexis Saelemaekers,22,MF,27-009,2,0,0,0,0,0,0,0,0,0,0,0,0,0,0,0,,,ac3ca9ea
INT-World Cup,2026,2026-07-06 USA-Belgium,Belgium,Amadou Onana,24,DM,24-324,20,0,0,0,0,0,0,0,0,0,0,0,0,1,0,0,,,ac3ca9ea
INT-World Cup,2026,2026-07-06 USA-Belgium,Belgium,Axel Witsel,6,"DF,MF",37-175,2,0,0,0,0,0,0,0,0,0,0,0,0,0,0,0,,,ac3ca9ea
INT-World Cup,2026,2026-07-06 USA-Belgium,Belgium,Brandon Mechele,4,CB,33-159,90,0,0,0,0,0,0,0,0,1,0,0,0,1,0,0,,,ac3ca9ea
INT-World Cup,2026,2026-07-06 USA-Belgium,Belgium,Charles De Ketelaere,17,FW,25-118,66,2,1,0,0,3,3,0,0,0,1,1,1,1,2,0,,,ac3ca9ea
INT-World Cup,2026,2026-07-06 USA-Belgium,Belgium,Dodi Lukebakio,14,AM,28-285,66,0,0,0,0,2,0,0,0,1,1,0,3,1,0,0,,,ac3ca9ea
INT-World Cup,2026,2026-07-06 USA-Belgium,Belgium,Hans Vanaken,20,MF,33-316,70,1,1,0,0,1,1,0,0,0,2,0,0,1,0,0,,,ac3ca9ea
INT-World Cup,2026,2026-07-06 USA-Belgium,Belgium,Jeremy Doku,11,"FW,MF",24-040,24,0,0,0,0,0,0,0,0,0,3,0,0,0,0,0,,,ac3ca9ea
INT-World Cup,2026,2026-07-06 USA-Belgium,Belgium,Leandro Trossard,10,AM,31-214,88,0,1,0,0,4,0,0,0,0,0,0,2,0,2,0,,,ac3ca9ea
INT-World Cup,2026,2026-07-06 USA-Belgium,Belgium,Maxim De Cuyper,5,LB,25-196,90,0,0,0,0,0,0,0,0,0,1,0,3,0,1,0,,,ac3ca9ea
INT-World Cup,2026,2026-07-06 USA-Belgium,Belgium,Nathan Ngoy,25,CB,23-026,90,0,0,0,0,0,0,0,0,1,0,0,0,1,2,0,,,ac3ca9ea
INT-World Cup,2026,2026-07-06 USA-Belgium,Belgium,Nicolas Raskin,23,DM,25-133,88,0,1,0,0,1,1,0,0,3,1,0,1,3,0,0,,,ac3ca9ea
INT-World Cup,2026,2026-07-06 USA-Belgium,Belgium,Romelu Lukaku,9,FW,33-054,24,1,0,0,0,1,1,0,0,0,0,0,0,0,0,0,,,ac3ca9ea
INT-World Cup,2026,2026-07-06 USA-Belgium,Belgium,Thibaut Courtois,1,GK,34-056,90,0,0,0,0,0,0,0,0,0,0,0,0,0,0,0,,,ac3ca9ea
INT-World Cup,2026,2026-07-06 USA-Belgium,Belgium,Timothy Castagne,21,RB,30-213,90,0,0,0,0,1,1,0,0,2,1,0,2,0,1,0,,,ac3ca9ea
INT-World Cup,2026,2026-07-06 USA-Belgium,Belgium,Youri Tielemans,8,AM,29-060,90,0,0,0,0,2,0,0,0,1,1,0,2,2,1,0,,,ac3ca9ea
INT-World Cup,2026,2026-07-06 USA-Belgium,United States,Alex Freeman,16,RB,21-331,90,0,0,0,0,2,0,0,0,0,0,0,3,3,2,0,,,ac3ca9ea
INT-World Cup,2026,2026-07-06 USA-Belgium,United States,Antonee Robinson,5,LB,28-332,89,0,0,0,0,0,0,0,0,2,0,0,4,3,2,0,,,ac3ca9ea
INT-World Cup,2026,2026-07-06 USA-Belgium,United States,Chris Richards,3,CB,26-100,90,0,0,0,0,0,0,0,0,1,0,0,0,0,0,0,,,ac3ca9ea
INT-World Cup,2026,2026-07-06 USA-Belgium,United States,Christian Pulisic,10,LW,27-291,58,0,0,0,0,0,0,0,0,0,0,0,1,0,0,0,,,ac3ca9ea
INT-World Cup,2026,2026-07-06 USA-Belgium,United States,Folarin Balogun,20,FW,25-003,89,0,0,0,0,3,1,0,0,0,1,0,0,0,0,0,,,ac3ca9ea
INT-World Cup,2026,2026-07-06 USA-Belgium,United States,Gio Reyna,7,MF,23-235,45,0,0,0,0,0,0,0,0,0,0,0,0,0,0,0,,,ac3ca9ea
INT-World Cup,2026,2026-07-06 USA-Belgium,United States,Haji Wright,19,"FW,MF",28-101,1,0,0,0,0,0,0,0,0,0,0,0,0,0,0,0,,,ac3ca9ea
INT-World Cup,2026,2026-07-06 USA-Belgium,United States,Malik Tillman,17,AM,24-039,90,1,0,0,0,1,1,1,0,2,4,0,0,2,2,0,,,ac3ca9ea
INT-World Cup,2026,2026-07-06 USA-Belgium,United States,Matt Freese,24,GK,27-307,90,0,0,0,0,0,0,0,0,0,0,0,0,0,0,0,,,ac3ca9ea
INT-World Cup,2026,2026-07-06 USA-Belgium,United States,Max Arfsten,18,MF,25-078,1,0,0,0,0,0,0,0,0,0,0,0,0,0,0,0,,,ac3ca9ea
INT-World Cup,2026,2026-07-06 USA-Belgium,United States,Ricardo Pepi,9,FW,23-178,19,0,0,0,0,0,0,0,0,0,1,0,0,1,0,0,,,ac3ca9ea
INT-World Cup,2026,2026-07-06 USA-Belgium,United States,Sebastian Berhalter,14,MF,25-057,32,0,0,0,0,1,0,0,0,2,1,0,2,0,0,0,,,ac3ca9ea
INT-World Cup,2026,2026-07-06 USA-Belgium,United States,Sergiño Dest,2,RW,25-245,45,0,0,0,0,0,0,0,0,1,0,0,0,0,0,0,,,ac3ca9ea
INT-World Cup,2026,2026-07-06 USA-Belgium,United States,Tim Ream,13,CB,38-274,90,0,0,0,0,0,0,0,0,0,0,0,0,0,2,0,,,ac3ca9ea
INT-World Cup,2026,2026-07-06 USA-Belgium,United States,Tyler Adams,4,DM,27-142,71,0,0,0,0,0,0,0,0,1,1,0,0,1,0,0,,,ac3ca9ea
INT-World Cup,2026,2026-07-06 USA-Belgium,United States,Weston McKennie,8,AM,27-312,90,0,0,0,0,0,0,1,0,2,1,0,1,0,1,0,,,ac3ca9ea
INT-World Cup,2026,2026-07-07 Argentina-Egypt,Argentina,Alexis Mac Allister,20,AM,27-195,90,0,0,0,0,2,1,0,0,0,1,0,1,2,0,0,,,99ef3f64
INT-World Cup,2026,2026-07-07 Argentina-Egypt,Argentina,Cristian Romero,13,CB,28-071,89,1,0,0,0,1,1,0,0,1,0,0,0,3,2,0,,,99ef3f64
INT-World Cup,2026,2026-07-07 Argentina-Egypt,Argentina,Emiliano Martínez,23,GK,33-308,90,0,0,0,0,0,0,0,0,0,0,0,0,0,0,0,,,99ef3f64
INT-World Cup,2026,2026-07-07 Argentina-Egypt,Argentina,Enzo Fernández,24,AM,25-171,90,1,0,0,0,2,1,0,0,2,0,1,0,1,0,0,,,99ef3f64
INT-World Cup,2026,2026-07-07 Argentina-Egypt,Argentina,Facundo Medina,25,DF,27-040,1,0,0,0,0,0,0,0,0,0,0,0,0,0,0,0,,,99ef3f64
INT-World Cup,2026,2026-07-07 Argentina-Egypt,Argentina,Gonzalo Montiel,4,DF,29-187,18,0,1,0,0,0,0,0,0,0,0,0,1,0,0,0,,,99ef3f64
INT-World Cup,2026,2026-07-07 Argentina-Egypt,Argentina,Julián Álvarez,9,FW,26-157,89,0,0,0,0,2,1,0,0,3,2,1,0,0,0,0,,,99ef3f64
INT-World Cup,2026,2026-07-07 Argentina-Egypt,Argentina,Lautaro Martínez,22,FW,28-319,25,0,1,0,0,3,0,0,0,0,2,0,1,0,0,0,,,99ef3f64
INT-World Cup,2026,2026-07-07 Argentina-Egypt,Argentina,Leandro Paredes,5,DM,32-008,90,0,0,0,0,2,0,0,0,0,1,0,0,2,0,0,,,99ef3f64
INT-World Cup,2026,2026-07-07 Argentina-Egypt,Argentina,Lionel Messi,10,FW,39-013,90,1,1,0,1,5,2,0,0,0,2,0,12,1,0,0,,,99ef3f64
INT-World Cup,2026,2026-07-07 Argentina-Egypt,Argentina,Lisandro Martínez,6,CB,28-170,90,0,0,0,0,1,0,0,0,2,2,0,2,4,2,0,,,99ef3f64
INT-World Cup,2026,2026-07-07 Argentina-Egypt,Argentina,Nahuel Molina,26,RB,28-092,72,0,0,0,0,0,0,0,0,0,0,0,1,1,0,0,,,99ef3f64
INT-World Cup,2026,2026-07-07 Argentina-Egypt,Argentina,Nicolás González,15,"FW,MF",28-092,25,0,0,0,0,0,0,0,0,2,0,0,3,0,1,0,,,99ef3f64
INT-World Cup,2026,2026-07-07 Argentina-Egypt,Argentina,Nicolás Otamendi,19,DF,38-145,1,0,0,0,0,0,0,0,0,0,0,0,0,0,0,0,,,99ef3f64
INT-World Cup,2026,2026-07-07 Argentina-Egypt,Argentina,Nicolás Tagliafico,3,LB,33-310,65,0,0,0,0,0,0,0,0,2,1,0,1,0,1,0,,,99ef3f64
INT-World Cup,2026,2026-07-07 Argentina-Egypt,Argentina,Rodrigo De Paul,7,AM,32-044,65,0,0,0,0,1,1,0,0,1,0,1,4,1,1,0,,,99ef3f64
INT-World Cup,2026,2026-07-07 Argentina-Egypt,Egypt,Emam Ashour,8,LW,28-137,45,0,0,0,0,0,0,0,0,0,2,0,0,0,1,0,,,99ef3f64
INT-World Cup,2026,2026-07-07 Argentina-Egypt,Egypt,Haissem Hassan,12,RW,24-149,72,0,1,0,0,0,0,1,0,1,2,0,2,1,0,0,,,99ef3f64
INT-World Cup,2026,2026-07-07 Argentina-Egypt,Egypt,Hamdy Fathy,14,MF,31-281,45,0,0,0,0,0,0,1,0,1,0,0,0,2,0,0,,,99ef3f64
INT-World Cup,2026,2026-07-07 Argentina-Egypt,Egypt,Karim Hafez,15,LB,30-117,90,0,0,0,0,1,0,0,0,1,1,0,1,0,1,0,,,99ef3f64
INT-World Cup,2026,2026-07-07 Argentina-Egypt,Egypt,Marwan Attia,19,CM,27-329,90,0,1,0,0,0,0,1,0,4,0,0,2,1,0,0,,,99ef3f64
INT-World Cup,2026,2026-07-07 Argentina-Egypt,Egypt,Mohamed Hany,3,RB,30-163,90,0,0,0,0,0,0,0,0,0,0,0,2,0,1,0,,,99ef3f64
INT-World Cup,2026,2026-07-07 Argentina-Egypt,Egypt,Mohamed Salah,10,FW,34-022,90,0,0,0,0,0,0,0,0,2,4,0,0,0,0,0,,,99ef3f64
INT-World Cup,2026,2026-07-07 Argentina-Egypt,Egypt,Mohanad Lasheen,17,CM,30-039,89,0,0,0,0,0,0,0,0,1,0,0,0,1,4,0,,,99ef3f64
INT-World Cup,2026,2026-07-07 Argentina-Egypt,Egypt,Mostafa Shobeir,23,GK,26-053,90,0,0,0,0,0,0,1,0,0,1,0,0,0,0,0,,,99ef3f64
INT-World Cup,2026,2026-07-07 Argentina-Egypt,Egypt,Mostafa Ziko,11,FW,29-071,79,1,0,0,0,1,1,0,0,0,0,0,0,1,1,0,,,99ef3f64
INT-World Cup,2026,2026-07-07 Argentina-Egypt,Egypt,Omar Marmoush,22,"FW,MF",27-150,11,0,0,0,0,0,0,0,0,0,1,0,0,0,0,0,,,99ef3f64
INT-World Cup,2026,2026-07-07 Argentina-Egypt,Egypt,Ramy Rabia,5,CB,33-048,90,0,0,0,0,0,0,0,0,0,1,0,0,2,1,0,,,99ef3f64
INT-World Cup,2026,2026-07-07 Argentina-Egypt,Egypt,Trézéguet,7,"FW,MF",31-279,18,0,0,0,0,2,0,0,0,0,0,0,1,0,0,0,,,99ef3f64
INT-World Cup,2026,2026-07-07 Argentina-Egypt,Egypt,Yasser Ibrahim,2,CB,33-147,90,1,0,0,0,1,1,0,0,1,0,0,0,0,1,0,,,99ef3f64
INT-World Cup,2026,2026-07-07 Argentina-Egypt,Egypt,Zizo,25,MF,30-178,1,0,0,0,0,0,0,0,0,0,1,0,0,0,0,0,,,99ef3f64
INT-World Cup,2026,2026-07-07 Switzerland-Colombia,Colombia,Camilo Vargas,12,GK,37-120,120,0,0,0,0,0,0,0,0,0,0,0,0,0,0,0,,,fb7171eb
INT-World Cup,2026,2026-07-07 Switzerland-Colombia,Colombia,Cucho,19,"FW,MF",27-078,39,0,0,0,0,1,0,0,0,0,1,0,0,0,0,0,,,fb7171eb
INT-World Cup,2026,2026-07-07 Switzerland-Colombia,Colombia,Daniel Muñoz,2,RB,30-042,120,0,0,0,0,0,0,0,0,4,0,1,3,0,2,0,,,fb7171eb
INT-World Cup,2026,2026-07-07 Switzerland-Colombia,Colombia,Davinson Sánchez,23,CB,30-025,120,0,0,0,0,1,0,1,0,3,2,0,0,0,1,0,,,fb7171eb
INT-World Cup,2026,2026-07-07 Switzerland-Colombia,Colombia,Gustavo Puerta,14,DM,22-349,120,0,0,0,0,2,1,0,0,1,1,0,0,1,1,0,,,fb7171eb
INT-World Cup,2026,2026-07-07 Switzerland-Colombia,Colombia,James Rodríguez,10,AM,34-360,65,0,0,0,0,0,0,0,0,0,2,0,5,1,0,0,,,fb7171eb
INT-World Cup,2026,2026-07-07 Switzerland-Colombia,Colombia,Jaminton Campaz,21,"FW,MF",26-044,55,0,0,0,0,2,1,0,0,2,2,2,0,0,0,0,,,fb7171eb
INT-World Cup,2026,2026-07-07 Switzerland-Colombia,Colombia,Jefferson Lerma,16,DM,31-255,81,0,0,0,0,0,0,0,0,3,0,0,0,1,3,0,,,fb7171eb
INT-World Cup,2026,2026-07-07 Switzerland-Colombia,Colombia,Jhon Arias,11,AM,28-289,65,0,0,0,0,1,0,0,0,0,0,0,1,3,0,0,,,fb7171eb
INT-World Cup,2026,2026-07-07 Switzerland-Colombia,Colombia,Jhon Lucumí,3,CB,28-011,118,0,0,0,0,1,0,0,0,1,0,0,0,1,3,0,,,fb7171eb
INT-World Cup,2026,2026-07-07 Switzerland-Colombia,Colombia,Johan Mojica,17,LB,33-320,120,0,0,0,0,0,0,0,0,0,3,1,3,0,0,0,,,fb7171eb
INT-World Cup,2026,2026-07-07 Switzerland-Colombia,Colombia,Juan Quintero,20,"FW,MF",33-170,55,0,0,0,0,1,0,0,0,0,1,0,5,0,0,0,,,fb7171eb
INT-World Cup,2026,2026-07-07 Switzerland-Colombia,Colombia,Luis Díaz,7,AM,29-175,120,0,0,0,0,3,1,0,0,3,4,0,1,0,1,0,,,fb7171eb
INT-World Cup,2026,2026-07-07 Switzerland-Colombia,Colombia,Luis Suárez,25,FW,28-217,81,0,0,0,0,2,0,1,0,2,2,0,0,0,0,0,,,fb7171eb
INT-World Cup,2026,2026-07-07 Switzerland-Colombia,Colombia,Richard Ríos,6,MF,26-035,39,0,0,0,0,1,0,0,0,2,1,0,0,0,1,0,,,fb7171eb
INT-World Cup,2026,2026-07-07 Switzerland-Colombia,Colombia,Yerry Mina,13,DF,31-287,2,0,0,0,0,0,0,0,0,0,1,0,0,0,0,0,,,fb7171eb
INT-World Cup,2026,2026-07-07 Switzerland-Colombia,Switzerland,Ardon Jashari,14,CM,23-342,45,0,0,0,0,0,0,0,0,2,0,0,0,0,0,0,,,fb7171eb
INT-World Cup,2026,2026-07-07 Switzerland-Colombia,Switzerland,Breel Embolo,7,FW,29-143,86,0,0,0,0,0,0,0,0,1,0,1,0,0,0,0,,,fb7171eb
INT-World Cup,2026,2026-07-07 Switzerland-Colombia,Switzerland,Cedric Itten,26,"FW,MF",29-192,34,0,0,0,0,0,0,0,0,3,1,0,0,0,0,0,,,fb7171eb
INT-World Cup,2026,2026-07-07 Switzerland-Colombia,Switzerland,Dan Ndoye,11,FW,25-255,89,0,0,0,0,2,1,0,0,2,5,2,2,2,3,0,,,fb7171eb
INT-World Cup,2026,2026-07-07 Switzerland-Colombia,Switzerland,Denis Zakaria,6,RB,29-229,86,0,0,0,0,0,0,1,0,1,0,1,1,0,1,0,,,fb7171eb
INT-World Cup,2026,2026-07-07 Switzerland-Colombia,Switzerland,Djibril Sow,15,MF,29-151,75,0,0,0,0,1,0,0,0,0,1,0,1,0,0,0,,,fb7171eb
INT-World Cup,2026,2026-07-07 Switzerland-Colombia,Switzerland,Fabian Rieder,22,FW,24-141,102,0,0,0,0,3,1,0,0,1,2,0,4,0,0,0,,,fb7171eb
INT-World Cup,2026,2026-07-07 Switzerland-Colombia,Switzerland,Granit Xhaka,10,DM,33-283,120,0,0,0,0,1,0,1,0,1,3,0,0,0,0,0,,,fb7171eb
INT-World Cup,2026,2026-07-07 Switzerland-Colombia,Switzerland,Gregor Kobel,1,GK,28-213,120,0,0,0,0,0,0,0,0,0,2,0,0,0,0,0,,,fb7171eb
INT-World Cup,2026,2026-07-07 Switzerland-Colombia,Switzerland,Manuel Akanji,5,CB,30-353,120,0,0,0,0,0,0,0,0,2,1,0,0,1,1,0,,,fb7171eb
INT-World Cup,2026,2026-07-07 Switzerland-Colombia,Switzerland,Miro Muheim,2,"DF,MF",28-105,50,0,0,0,0,0,0,1,0,1,1,0,0,1,2,0,,,fb7171eb
INT-World Cup,2026,2026-07-07 Switzerland-Colombia,Switzerland,Nico Elvedi,4,CB,29-280,120,0,0,0,0,0,0,0,0,2,3,0,0,0,3,0,,,fb7171eb
INT-World Cup,2026,2026-07-07 Switzerland-Colombia,Switzerland,Remo Freuler,8,CM,34-083,120,0,0,0,0,0,0,0,0,1,0,0,2,0,1,0,,,fb7171eb
INT-World Cup,2026,2026-07-07 Switzerland-Colombia,Switzerland,Ricardo Rodríguez,13,LB,33-316,70,0,0,0,0,0,0,0,0,0,0,0,2,1,1,0,,,fb7171eb
INT-World Cup,2026,2026-07-07 Switzerland-Colombia,Switzerland,Ruben Vargas,17,"FW,MF",27-336,31,0,0,0,0,0,0,0,0,1,2,1,2,0,1,0,,,fb7171eb
INT-World Cup,2026,2026-07-07 Switzerland-Colombia,Switzerland,Silvan Widmer,3,"DF,MF",33-124,34,0,0,0,0,0,0,0,0,1,0,0,1,2,0,0,,,fb7171eb
INT-World Cup,2026,2026-07-07 Switzerland-Colombia,Switzerland,Zeki Amdouni,23,"FW,MF",25-215,18,0,0,0,0,0,0,0,0,3,0,0,0,0,0,0,,,fb7171eb
INT-World Cup,2026,2026-07-09 France-Morocco,France,Adrien Rabiot,14,DM,31-097,90,0,0,0,0,1,0,0,0,2,1,0,1,1,3,0,,,c069f408
INT-World Cup,2026,2026-07-09 France-Morocco,France,Bradley Barcola,12,"FW,MF",23-310,14,0,0,0,0,1,1,0,0,0,1,0,0,0,0,0,,,c069f408
INT-World Cup,2026,2026-07-09 France-Morocco,France,Dayot Upamecano,4,CB,27-255,90,0,0,0,0,1,1,0,0,1,0,0,0,2,0,0,,,c069f408
INT-World Cup,2026,2026-07-09 France-Morocco,France,Désiré Doué,20,AM,21-036,76,0,1,0,0,3,2,0,0,2,1,0,1,2,1,0,,,c069f408
INT-World Cup,2026,2026-07-09 France-Morocco,France,Jean-Philippe Mateta,22,FW,29-011,14,0,0,0,0,2,1,0,0,0,0,0,0,0,0,0,,,c069f408
INT-World Cup,2026,2026-07-09 France-Morocco,France,Jules Koundé,5,RB,27-239,86,0,0,0,0,1,0,0,0,2,0,0,1,0,1,0,,,c069f408
INT-World Cup,2026,2026-07-09 France-Morocco,France,Kylian Mbappé,10,FW,27-201,76,1,1,0,1,4,2,0,0,0,2,0,1,0,0,0,,,c069f408
INT-World Cup,2026,2026-07-09 France-Morocco,France,Lucas Digne,3,LB,32-354,90,0,0,0,0,1,0,0,0,1,0,0,3,1,1,0,,,c069f408
INT-World Cup,2026,2026-07-09 France-Morocco,France,Malo Gusto,2,"DF,MF",23-051,4,0,0,0,0,0,0,0,0,0,0,0,0,0,0,0,,,c069f408
INT-World Cup,2026,2026-07-09 France-Morocco,France,Manu Koné,6,DM,25-053,70,0,0,0,0,1,0,0,0,0,2,0,0,1,1,0,,,c069f408
INT-World Cup,2026,2026-07-09 France-Morocco,France,Michael Olise,11,AM,24-209,90,0,0,0,0,3,0,0,0,0,4,0,1,1,2,0,,,c069f408
INT-World Cup,2026,2026-07-09 France-Morocco,France,Mike Maignan,16,GK,31-006,90,0,0,0,0,0,0,0,0,0,0,0,0,0,0,0,,,c069f408
INT-World Cup,2026,2026-07-09 France-Morocco,France,Ousmane Dembélé,7,AM,29-055,90,1,0,0,0,4,1,0,0,0,0,0,3,0,0,0,,,c069f408
INT-World Cup,2026,2026-07-09 France-Morocco,France,Warren Zaïre-Emery,18,"DF,MF",20-123,20,0,0,0,0,0,0,0,0,1,0,0,1,0,1,0,,,c069f408
INT-World Cup,2026,2026-07-09 France-Morocco,France,William Saliba,17,CB,25-107,90,0,0,0,0,0,0,0,0,1,0,0,0,0,1,0,,,c069f408
INT-World Cup,2026,2026-07-09 France-Morocco,Morocco,Achraf Hakimi,2,RB,27-247,90,0,0,0,0,1,0,0,0,1,2,0,5,1,0,0,,,c069f408
INT-World Cup,2026,2026-07-09 France-Morocco,Morocco,Amine Sbai,17,"FW,MF",25-246,6,0,0,0,0,0,0,0,0,2,0,0,2,0,0,0,,,c069f408
INT-World Cup,2026,2026-07-09 France-Morocco,Morocco,Anass Salah-Eddine,26,LB,24-172,73,0,0,0,0,0,0,0,0,0,0,0,0,2,0,0,,,c069f408
INT-World Cup,2026,2026-07-09 France-Morocco,Morocco,Ayyoub Bouaddi,6,DM,18-280,61,0,0,0,0,0,0,0,0,1,0,0,0,0,0,0,,,c069f408
INT-World Cup,2026,2026-07-09 France-Morocco,Morocco,Azzedine Ounahi,8,AM,26-081,90,0,0,0,0,1,1,0,0,1,1,0,1,0,0,0,,,c069f408
INT-World Cup,2026,2026-07-09 France-Morocco,Morocco,Bilal El Khannouss,23,FW,22-060,61,0,0,0,0,0,0,0,0,0,1,0,0,1,0,0,,,c069f408
INT-World Cup,2026,2026-07-09 France-Morocco,Morocco,Brahim Díaz,10,AM,26-340,73,0,0,0,0,1,0,0,0,0,2,0,2,0,2,0,,,c069f408
INT-World Cup,2026,2026-07-09 France-Morocco,Morocco,Chemsdine Talbi,7,AM,21-061,84,0,0,0,0,0,0,0,0,0,0,0,2,0,1,0,,,c069f408
INT-World Cup,2026,2026-07-09 France-Morocco,Morocco,Gessime Yassine,16,MF,20-229,17,0,0,0,0,1,0,0,0,1,1,0,1,0,0,0,,,c069f408
INT-World Cup,2026,2026-07-09 France-Morocco,Morocco,Issa Diop,14,CB,29-181,90,0,0,0,0,0,0,1,0,1,0,0,0,1,2,0,,,c069f408
INT-World Cup,2026,2026-07-09 France-Morocco,Morocco,Neil El Aynaoui,24,DM,25-007,90,0,0,0,0,1,0,0,0,4,0,0,0,1,0,0,,,c069f408
INT-World Cup,2026,2026-07-09 France-Morocco,Morocco,Noussair Mazraoui,3,CB,28-237,90,0,0,0,0,0,0,0,0,1,0,0,0,0,1,0,,,c069f408
INT-World Cup,2026,2026-07-09 France-Morocco,Morocco,Sofyan Amrabat,4,"DF,MF",29-322,29,0,0,0,0,0,0,0,0,0,0,0,0,0,0,0,,,c069f408
INT-World Cup,2026,2026-07-09 France-Morocco,Morocco,Soufiane Rahimi,9,FW,30-037,29,0,0,0,0,0,0,0,0,0,0,0,0,0,0,0,,,c069f408
INT-World Cup,2026,2026-07-09 France-Morocco,Morocco,Yassine Bounou,1,GK,35-095,90,0,0,0,0,0,0,0,0,0,0,0,0,0,0,0,,,c069f408
INT-World Cup,2026,2026-07-09 France-Morocco,Morocco,Zakaria El Ouahdi,13,"DF,MF",24-190,17,0,0,0,0,0,0,0,0,1,1,0,0,0,0,0,,,c069f408
INT-World Cup,2026,2026-07-10 Spain-Belgium,Belgium,Alexis Saelemaekers,22,MF,27-013,5,0,0,0,0,0,0,0,0,0,0,0,0,0,0,0,,,ed14068b
INT-World Cup,2026,2026-07-10 Spain-Belgium,Belgium,Axel Witsel,6,"DF,MF",37-179,31,0,0,0,0,0,0,1,0,2,1,0,0,0,0,0,,,ed14068b
INT-World Cup,2026,2026-07-10 Spain-Belgium,Belgium,Brandon Mechele,4,CB,33-163,90,0,0,0,0,0,0,0,0,1,1,0,0,0,2,0,,,ed14068b
INT-World Cup,2026,2026-07-10 Spain-Belgium,Belgium,Charles De Ketelaere,17,FW,25-122,90,1,0,0,0,2,1,0,0,0,0,1,0,0,0,0,,,ed14068b
INT-World Cup,2026,2026-07-10 Spain-Belgium,Belgium,Hans Vanaken,20,DM,33-320,59,0,0,0,0,0,0,0,0,0,0,0,0,0,1,0,,,ed14068b
INT-World Cup,2026,2026-07-10 Spain-Belgium,Belgium,Jeremy Doku,11,AM,24-044,90,0,0,0,0,0,0,0,0,3,5,0,2,1,2,0,,,ed14068b
INT-World Cup,2026,2026-07-10 Spain-Belgium,Belgium,Joaquin Seys,18,DF,21-104,30,0,0,0,0,0,0,0,0,0,0,0,0,1,0,0,,,ed14068b
INT-World Cup,2026,2026-07-10 Spain-Belgium,Belgium,Kevin De Bruyne,7,AM,35-012,85,0,0,0,0,2,1,1,0,2,1,0,1,1,0,0,,,ed14068b
INT-World Cup,2026,2026-07-10 Spain-Belgium,Belgium,Leandro Trossard,10,AM,31-218,59,0,0,0,0,0,0,0,0,1,1,0,0,0,0,0,,,ed14068b
INT-World Cup,2026,2026-07-10 Spain-Belgium,Belgium,Maxim De Cuyper,5,LB,25-200,60,0,0,0,0,1,0,0,0,2,0,0,1,0,1,0,,,ed14068b
INT-World Cup,2026,2026-07-10 Spain-Belgium,Belgium,Nathan Ngoy,25,CB,23-030,90,0,0,0,0,0,0,0,0,1,0,0,0,1,2,0,,,ed14068b
INT-World Cup,2026,2026-07-10 Spain-Belgium,Belgium,Nicolas Raskin,23,DM,25-137,90,0,0,0,0,0,0,0,0,5,2,0,3,1,2,0,,,ed14068b
INT-World Cup,2026,2026-07-10 Spain-Belgium,Belgium,Romelu Lukaku,9,FW,33-058,31,0,0,0,0,0,0,0,0,1,0,0,0,0,0,0,,,ed14068b
INT-World Cup,2026,2026-07-10 Spain-Belgium,Belgium,Senne Lammens,12,GK,24-003,20,0,0,0,0,0,0,0,0,0,0,0,0,0,0,0,,,ed14068b
INT-World Cup,2026,2026-07-10 Spain-Belgium,Belgium,Thibaut Courtois,1,GK,34-060,70,0,0,0,0,0,0,0,0,0,0,0,0,0,0,0,,,ed14068b
INT-World Cup,2026,2026-07-10 Spain-Belgium,Belgium,Timothy Castagne,21,RB,30-217,90,0,1,0,0,0,0,0,0,0,1,0,3,1,0,0,,,ed14068b
INT-World Cup,2026,2026-07-10 Spain-Belgium,Spain,Aymeric Laporte,14,CB,32-044,90,0,0,0,0,0,0,1,0,1,0,0,0,1,1,0,,,ed14068b
INT-World Cup,2026,2026-07-10 Spain-Belgium,Spain,Dani Olmo,10,AM,28-064,85,0,0,0,0,2,1,0,0,0,2,0,0,0,0,0,,,ed14068b
INT-World Cup,2026,2026-07-10 Spain-Belgium,Spain,Fabián Ruiz Peña,8,DM,30-098,54,1,0,0,0,2,1,0,0,0,1,0,2,0,0,0,,,ed14068b
INT-World Cup,2026,2026-07-10 Spain-Belgium,Spain,Ferran Torres,7,"FW,MF",26-131,36,0,0,0,0,0,0,0,0,0,1,0,0,0,0,0,,,ed14068b
INT-World Cup,2026,2026-07-10 Spain-Belgium,Spain,Lamine Yamal,19,AM,18-362,90,0,0,0,0,6,2,0,0,2,4,1,6,0,0,0,,,ed14068b
INT-World Cup,2026,2026-07-10 Spain-Belgium,Spain,Marc Cucurella,24,LB,27-353,90,0,0,0,0,1,1,0,0,1,0,2,1,0,0,0,,,ed14068b
INT-World Cup,2026,2026-07-10 Spain-Belgium,Spain,Mikel Merino,6,MF,30-018,5,1,0,0,0,1,1,0,0,1,1,0,0,0,0,0,,,ed14068b
INT-World Cup,2026,2026-07-10 Spain-Belgium,Spain,Mikel Oyarzabal,21,FW,29-080,78,0,0,0,0,1,1,0,0,1,1,0,0,1,1,0,,,ed14068b
INT-World Cup,2026,2026-07-10 Spain-Belgium,Spain,Nico Williams,17,MF,23-363,12,0,0,0,0,0,0,0,0,0,0,0,2,0,0,0,,,ed14068b
INT-World Cup,2026,2026-07-10 Spain-Belgium,Spain,Pau Cubarsí,22,CB,19-169,90,0,0,0,0,1,1,1,0,1,1,0,0,0,1,0,,,ed14068b
INT-World Cup,2026,2026-07-10 Spain-Belgium,Spain,Pedri,20,MF,23-227,36,0,0,0,0,0,0,0,0,0,1,0,0,0,0,0,,,ed14068b
INT-World Cup,2026,2026-07-10 Spain-Belgium,Spain,Pedro Porro,12,RB,26-300,90,0,0,0,0,1,0,0,0,4,2,0,3,2,1,0,,,ed14068b
INT-World Cup,2026,2026-07-10 Spain-Belgium,Spain,Rodri,16,DM,30-018,90,0,0,0,0,1,0,0,0,0,1,0,1,1,0,0,,,ed14068b
INT-World Cup,2026,2026-07-10 Spain-Belgium,Spain,Unai Simón,23,GK,29-029,90,0,0,0,0,0,0,0,0,0,1,0,0,0,0,0,,,ed14068b
INT-World Cup,2026,2026-07-10 Spain-Belgium,Spain,Álex Baena,15,AM,24-355,54,0,0,0,0,1,0,0,0,2,1,0,4,0,0,0,,,ed14068b
INT-World Cup,2026,2026-07-11 Argentina-Switzerland,Argentina,Alexis Mac Allister,20,AM,27-199,120,1,0,0,0,4,1,0,0,1,2,0,1,1,2,0,,,3ae43552
INT-World Cup,2026,2026-07-11 Argentina-Switzerland,Argentina,Cristian Romero,13,CB,28-075,105,0,0,0,0,1,0,0,0,1,0,0,0,2,2,0,,,3ae43552
INT-World Cup,2026,2026-07-11 Argentina-Switzerland,Argentina,Emiliano Martínez,23,GK,33-312,120,0,0,0,0,0,0,0,0,0,0,0,0,0,0,0,,,3ae43552
INT-World Cup,2026,2026-07-11 Argentina-Switzerland,Argentina,Enzo Fernández,24,AM,25-175,90,0,0,0,0,0,0,0,0,0,0,0,3,0,0,0,,,3ae43552
INT-World Cup,2026,2026-07-11 Argentina-Switzerland,Argentina,Flaco López,21,FW,25-217,11,0,1,0,0,0,0,1,0,1,0,0,0,0,0,0,,,3ae43552
INT-World Cup,2026,2026-07-11 Argentina-Switzerland,Argentina,Gonzalo Montiel,4,DF,29-191,36,0,0,0,0,0,0,0,0,1,0,0,1,0,0,0,,,3ae43552
INT-World Cup,2026,2026-07-11 Argentina-Switzerland,Argentina,Julián Álvarez,9,FW,26-161,120,1,0,0,0,3,1,0,0,3,0,1,1,2,0,0,,,3ae43552
INT-World Cup,2026,2026-07-11 Argentina-Switzerland,Argentina,Lautaro Martínez,22,FW,28-323,36,1,0,0,0,2,1,1,0,1,1,0,0,0,1,0,,,3ae43552
INT-World Cup,2026,2026-07-11 Argentina-Switzerland,Argentina,Leandro Paredes,5,DM,32-012,109,0,0,0,0,0,0,0,0,2,1,0,0,0,1,0,,,3ae43552
INT-World Cup,2026,2026-07-11 Argentina-Switzerland,Argentina,Lionel Messi,10,FW,39-017,120,0,1,0,0,4,1,0,0,0,1,2,11,2,0,0,,,3ae43552
INT-World Cup,2026,2026-07-11 Argentina-Switzerland,Argentina,Lisandro Martínez,6,CB,28-174,120,0,0,0,0,2,1,0,0,2,2,0,0,1,1,0,,,3ae43552
INT-World Cup,2026,2026-07-11 Argentina-Switzerland,Argentina,Nahuel Molina,26,RB,28-096,84,0,0,0,0,1,0,0,0,0,0,0,1,0,2,0,,,3ae43552
INT-World Cup,2026,2026-07-11 Argentina-Switzerland,Argentina,Nicolás González,15,"FW,MF",28-096,43,0,0,0,0,2,0,0,0,0,0,0,2,0,0,0,,,3ae43552
INT-World Cup,2026,2026-07-11 Argentina-Switzerland,Argentina,Nicolás Otamendi,19,DF,38-149,15,0,0,0,0,0,0,0,0,0,0,0,0,0,0,0,,,3ae43552
INT-World Cup,2026,2026-07-11 Argentina-Switzerland,Argentina,Nicolás Tagliafico,3,LB,33-314,77,0,0,0,0,0,0,0,0,1,4,1,0,0,1,0,,,3ae43552
INT-World Cup,2026,2026-07-11 Argentina-Switzerland,Argentina,Rodrigo De Paul,7,AM,32-048,84,0,0,0,0,0,0,0,0,0,3,0,1,0,2,0,,,3ae43552
INT-World Cup,2026,2026-07-11 Argentina-Switzerland,Argentina,Thiago Almada,16,"FW,MF",25-076,30,0,0,0,0,3,2,1,0,1,0,0,1,0,0,0,,,3ae43552
INT-World Cup,2026,2026-07-11 Argentina-Switzerland,Switzerland,Ardon Jashari,14,MF,23-346,25,0,0,0,0,1,0,0,0,0,1,0,1,0,0,0,,,3ae43552
INT-World Cup,2026,2026-07-11 Argentina-Switzerland,Switzerland,Breel Embolo,7,FW,29-147,71,0,0,0,0,1,1,2,1,2,3,1,0,0,0,0,,,3ae43552
INT-World Cup,2026,2026-07-11 Argentina-Switzerland,Switzerland,Dan Ndoye,11,AM,25-259,85,1,0,0,0,3,2,0,0,1,0,1,2,0,0,0,,,3ae43552
INT-World Cup,2026,2026-07-11 Argentina-Switzerland,Switzerland,Denis Zakaria,6,RB,29-233,95,0,0,0,0,1,0,0,0,2,0,0,1,0,2,0,,,3ae43552
INT-World Cup,2026,2026-07-11 Argentina-Switzerland,Switzerland,Djibril Sow,15,AM,29-155,85,0,0,0,0,1,1,0,0,4,2,0,2,0,1,0,,,3ae43552
INT-World Cup,2026,2026-07-11 Argentina-Switzerland,Switzerland,Eray Cömert,18,DF,28-157,31,0,0,0,0,0,0,0,0,0,0,0,0,0,0,0,,,3ae43552
INT-World Cup,2026,2026-07-11 Argentina-Switzerland,Switzerland,Fabian Rieder,22,AM,24-145,85,0,0,0,0,1,0,0,0,1,2,0,5,1,0,0,,,3ae43552
INT-World Cup,2026,2026-07-11 Argentina-Switzerland,Switzerland,Granit Xhaka,10,DM,33-287,120,0,0,0,0,3,1,0,0,2,0,0,3,0,0,0,,,3ae43552
INT-World Cup,2026,2026-07-11 Argentina-Switzerland,Switzerland,Gregor Kobel,1,GK,28-217,120,0,0,0,0,0,0,0,0,0,0,0,0,0,0,0,,,3ae43552
INT-World Cup,2026,2026-07-11 Argentina-Switzerland,Switzerland,Manuel Akanji,5,CB,30-357,120,0,0,0,0,0,0,0,0,2,1,0,0,1,0,0,,,3ae43552
INT-World Cup,2026,2026-07-11 Argentina-Switzerland,Switzerland,Miro Muheim,2,"DF,MF",28-109,35,0,0,0,0,0,0,0,0,0,2,0,2,0,0,0,,,3ae43552
INT-World Cup,2026,2026-07-11 Argentina-Switzerland,Switzerland,Nico Elvedi,4,CB,29-284,120,0,0,0,0,0,0,0,0,0,1,0,0,1,1,0,,,3ae43552
INT-World Cup,2026,2026-07-11 Argentina-Switzerland,Switzerland,Remo Freuler,8,DM,34-087,114,0,0,0,0,0,0,0,0,1,1,0,1,1,2,0,,,3ae43552
INT-World Cup,2026,2026-07-11 Argentina-Switzerland,Switzerland,Ricardo Rodríguez,13,LB,33-320,89,0,1,0,0,0,0,0,0,2,1,0,2,0,0,0,,,3ae43552
INT-World Cup,2026,2026-07-11 Argentina-Switzerland,Switzerland,Ruben Vargas,17,"FW,MF",27-340,6,0,0,0,0,0,0,0,0,0,0,1,0,0,0,0,,,3ae43552
INT-World Cup,2026,2026-07-11 Argentina-Switzerland,Switzerland,Silvan Widmer,3,"DF,MF",33-128,35,0,0,0,0,0,0,0,0,0,0,0,0,1,0,0,,,3ae43552
INT-World Cup,2026,2026-07-11 Argentina-Switzerland,Switzerland,Zeki Amdouni,23,"FW,MF",25-219,35,0,0,0,0,0,0,0,0,1,0,0,0,0,0,0,,,3ae43552
INT-World Cup,2026,2026-07-11 Norway-England,England,Anthony Gordon,18,AM,25-137,70,0,1,0,0,0,0,0,0,1,2,0,2,1,0,0,,,4a03a810
INT-World Cup,2026,2026-07-11 Norway-England,England,Bukayo Saka,7,"FW,MF",24-309,75,0,0,0,0,3,2,0,0,1,1,1,5,3,1,0,,,4a03a810
INT-World Cup,2026,2026-07-11 Norway-England,England,Dan Burn,15,DF,34-063,10,0,0,0,0,0,0,0,0,0,0,0,0,0,0,0,,,4a03a810
INT-World Cup,2026,2026-07-11 Norway-England,England,Declan Rice,4,DM,27-178,45,0,0,0,0,0,0,0,0,0,0,1,3,0,0,0,,,4a03a810
INT-World Cup,2026,2026-07-11 Norway-England,England,Djed Spence,25,"DF,MF",25-336,35,0,0,0,0,1,1,0,0,0,0,0,0,1,1,0,,,4a03a810
INT-World Cup,2026,2026-07-11 Norway-England,England,Eberechi Eze,21,"FW,MF",28-012,75,0,0,0,0,1,0,0,0,1,1,1,2,0,0,0,,,4a03a810
INT-World Cup,2026,2026-07-11 Norway-England,England,Elliot Anderson,8,DM,23-247,120,0,0,0,0,0,0,0,0,1,0,0,1,2,0,0,,,4a03a810
INT-World Cup,2026,2026-07-11 Norway-England,England,Ezri Konsa,2,RB,28-261,88,0,0,0,0,0,0,0,0,0,0,0,1,1,2,0,,,4a03a810
INT-World Cup,2026,2026-07-11 Norway-England,England,Harry Kane,9,FW,32-348,120,0,0,0,0,3,2,0,0,1,1,1,0,1,0,0,,,4a03a810
INT-World Cup,2026,2026-07-11 Norway-England,England,John Stones,5,CB,32-044,120,0,0,0,0,0,0,0,0,0,0,0,1,0,0,0,,,4a03a810
INT-World Cup,2026,2026-07-11 Norway-England,England,Jordan Pickford,1,GK,32-126,120,0,0,0,0,0,0,0,0,0,0,0,0,0,0,0,,,4a03a810
INT-World Cup,2026,2026-07-11 Norway-England,England,Jude Bellingham,10,AM,23-012,110,2,0,0,0,5,2,0,0,1,4,0,0,0,1,0,,,4a03a810
INT-World Cup,2026,2026-07-11 Norway-England,England,Marc Guéhi,6,CB,25-363,120,0,0,0,0,0,0,0,0,0,0,0,0,0,0,0,,,4a03a810
INT-World Cup,2026,2026-07-11 Norway-England,England,Morgan Rogers,17,"FW,MF",23-350,32,0,0,0,0,1,1,0,0,0,0,0,0,0,0,0,,,4a03a810
INT-World Cup,2026,2026-07-11 Norway-England,England,Nico O'Reilly,3,LB,21-112,85,0,0,0,0,0,0,0,0,0,1,0,1,0,2,0,,,4a03a810
INT-World Cup,2026,2026-07-11 Norway-England,England,Noni Madueke,20,AM,24-123,45,0,0,0,0,0,0,0,0,1,0,1,3,1,0,0,,,4a03a810
INT-World Cup,2026,2026-07-11 Norway-England,England,Reece James,24,"DF,MF",26-215,50,0,0,0,0,0,0,0,0,1,0,0,2,1,0,0,,,4a03a810
INT-World Cup,2026,2026-07-11 Norway-England,Norway,Alexander Sørloth,7,FW,30-218,67,0,0,0,0,2,0,0,0,1,0,0,1,0,0,0,,,4a03a810
INT-World Cup,2026,2026-07-11 Norway-England,Norway,Andreas Schjelderup,21,FW,22-040,67,1,0,0,0,1,1,0,0,0,0,0,0,1,1,0,,,4a03a810
INT-World Cup,2026,2026-07-11 Norway-England,Norway,Antonio Nusa,20,"FW,MF",21-085,53,0,0,0,0,3,1,0,0,0,1,1,3,1,1,0,,,4a03a810
INT-World Cup,2026,2026-07-11 Norway-England,Norway,David Møller Wolfe,5,LB,24-079,89,0,0,0,0,0,0,0,0,0,0,0,0,0,0,0,,,4a03a810
INT-World Cup,2026,2026-07-11 Norway-England,Norway,Erling Haaland,9,FW,25-355,105,0,0,0,0,2,1,0,0,0,0,0,1,0,0,0,,,4a03a810
INT-World Cup,2026,2026-07-11 Norway-England,Norway,Fredrik Aursnes,14,"DF,MF",30-213,61,0,0,0,0,1,0,0,0,0,2,0,2,0,1,0,,,4a03a810
INT-World Cup,2026,2026-07-11 Norway-England,Norway,Julian Ryerson,26,RB,28-236,59,0,0,0,0,0,0,0,0,2,1,0,3,3,0,0,,,4a03a810
INT-World Cup,2026,2026-07-11 Norway-England,Norway,Jørgen Strand Larsen,11,FW,26-155,15,0,0,0,0,0,0,0,0,0,0,0,0,0,0,0,,,4a03a810
INT-World Cup,2026,2026-07-11 Norway-England,Norway,Kristoffer Ajer,3,CB,28-085,120,0,0,0,0,1,0,1,0,1,0,0,0,2,1,0,,,4a03a810
INT-World Cup,2026,2026-07-11 Norway-England,Norway,Leo Østigård,4,"DF,FW",26-225,30,0,0,0,0,0,0,0,0,0,1,0,0,0,0,0,,,4a03a810
INT-World Cup,2026,2026-07-11 Norway-England,Norway,Marcus Pedersen,16,"DF,MF",25-360,31,0,0,0,0,0,0,0,0,1,0,0,1,1,0,0,,,4a03a810
INT-World Cup,2026,2026-07-11 Norway-England,Norway,Martin Ødegaard,10,CM,27-206,120,0,1,0,0,1,1,0,0,0,0,0,4,0,1,0,,,4a03a810
INT-World Cup,2026,2026-07-11 Norway-England,Norway,Oscar Bobb,22,"FW,MF",22-364,53,0,0,0,0,1,0,0,0,0,0,0,1,1,1,0,,,4a03a810
INT-World Cup,2026,2026-07-11 Norway-England,Norway,Patrick Berg,6,CM,28-229,120,0,0,0,0,1,0,0,0,1,1,0,3,2,0,0,,,4a03a810
INT-World Cup,2026,2026-07-11 Norway-England,Norway,Sander Berge,8,DM,28-147,120,0,0,0,0,0,0,0,0,4,0,0,0,0,1,0,,,4a03a810
INT-World Cup,2026,2026-07-11 Norway-England,Norway,Torbjørn Heggem,17,CB,27-180,90,0,0,0,0,0,0,0,0,0,0,0,0,1,1,0,,,4a03a810
INT-World Cup,2026,2026-07-11 Norway-England,Norway,Ørjan Nyland,1,GK,35-304,120,0,0,0,0,0,0,0,0,0,0,0,0,0,0,0,,,4a03a810
INT-World Cup,2026,2026-07-14 France-Spain,France,Adrien Rabiot,14,DM,31-102,45,0,0,0,0,1,0,1,0,2,0,1,0,2,3,0,,,9575513b
INT-World Cup,2026,2026-07-14 France-Spain,France,Aurélien Tchouaméni,8,DM,26-168,90,0,0,0,0,1,0,0,0,0,1,0,1,2,1,0,,,9575513b
INT-World Cup,2026,2026-07-14 France-Spain,France,Bradley Barcola,12,AM,23-315,56,0,0,0,0,1,0,0,0,0,0,0,1,0,0,0,,,9575513b
INT-World Cup,2026,2026-07-14 France-Spain,France,Dayot Upamecano,4,CB,27-260,90,0,0,0,0,0,0,0,0,0,1,0,0,0,1,0,,,9575513b
INT-World Cup,2026,2026-07-14 France-Spain,France,Désiré Doué,20,"FW,MF",21-041,34,0,0,0,0,2,1,0,0,0,1,0,1,2,0,0,,,9575513b
INT-World Cup,2026,2026-07-14 France-Spain,France,Jules Koundé,5,RB,27-244,90,0,0,0,0,0,0,0,0,2,1,0,3,1,1,0,,,9575513b
INT-World Cup,2026,2026-07-14 France-Spain,France,Kylian Mbappé,10,FW,27-206,90,0,0,0,0,3,0,1,0,1,1,3,1,0,0,0,,,9575513b
INT-World Cup,2026,2026-07-14 France-Spain,France,Lucas Digne,3,LB,32-359,71,0,0,0,0,0,0,0,0,1,1,0,2,0,0,0,,,9575513b
INT-World Cup,2026,2026-07-14 France-Spain,France,Manu Koné,6,MF,25-058,45,0,0,0,0,0,0,0,0,2,1,0,1,0,0,0,,,9575513b
INT-World Cup,2026,2026-07-14 France-Spain,France,Maxence Lacroix,26,DF,26-099,61,0,0,0,0,0,0,0,0,2,0,0,0,0,1,0,,,9575513b
INT-World Cup,2026,2026-07-14 France-Spain,France,Michael Olise,11,AM,24-214,71,0,0,0,0,0,0,0,0,1,3,0,4,1,0,0,,,9575513b
INT-World Cup,2026,2026-07-14 France-Spain,France,Mike Maignan,16,GK,31-011,90,0,0,0,0,0,0,0,0,0,0,0,0,0,0,0,,,9575513b
INT-World Cup,2026,2026-07-14 France-Spain,France,Ousmane Dembélé,7,AM,29-060,90,0,0,0,0,2,2,0,0,0,1,0,5,0,0,0,,,9575513b
INT-World Cup,2026,2026-07-14 France-Spain,France,Rayan Cherki,24,"FW,MF",22-331,19,0,0,0,0,0,0,0,0,0,0,0,0,0,0,0,,,9575513b
INT-World Cup,2026,2026-07-14 France-Spain,France,Theo Hernández,19,"DF,MF",28-281,19,0,0,0,0,0,0,0,0,0,1,0,1,0,1,0,,,9575513b
INT-World Cup,2026,2026-07-14 France-Spain,France,William Saliba,17,CB,25-112,29,0,0,0,0,0,0,0,0,0,0,0,0,0,0,0,,,9575513b
INT-World Cup,2026,2026-07-14 France-Spain,Spain,Aymeric Laporte,14,CB,32-048,90,0,0,0,0,0,0,0,0,0,0,0,0,0,2,0,,,9575513b
INT-World Cup,2026,2026-07-14 France-Spain,Spain,Dani Olmo,10,AM,28-068,77,0,1,0,0,1,0,0,0,1,2,0,0,0,0,0,,,9575513b
INT-World Cup,2026,2026-07-14 France-Spain,Spain,Fabián Ruiz Peña,8,DM,30-102,77,0,0,0,0,1,0,0,0,1,1,0,3,2,2,0,,,9575513b
INT-World Cup,2026,2026-07-14 France-Spain,Spain,Ferran Torres,7,"FW,MF",26-135,17,0,0,0,0,1,0,0,0,1,0,1,0,0,0,0,,,9575513b
INT-World Cup,2026,2026-07-14 France-Spain,Spain,Lamine Yamal,19,AM,19-001,90,0,0,0,0,0,0,0,0,3,1,2,1,0,0,0,,,9575513b
INT-World Cup,2026,2026-07-14 France-Spain,Spain,Marc Cucurella,24,LB,27-357,90,0,0,0,0,0,0,1,0,1,0,0,1,3,1,0,,,9575513b
INT-World Cup,2026,2026-07-14 France-Spain,Spain,Marcos Llorente,5,"DF,MF",31-165,7,0,0,0,0,0,0,0,0,0,0,0,0,1,0,0,,,9575513b
INT-World Cup,2026,2026-07-14 France-Spain,Spain,Mikel Merino,6,MF,30-022,13,0,0,0,0,0,0,0,0,0,0,0,0,1,0,0,,,9575513b
INT-World Cup,2026,2026-07-14 France-Spain,Spain,Mikel Oyarzabal,21,FW,29-084,73,1,0,1,1,2,1,0,0,0,1,0,0,0,0,0,,,9575513b
INT-World Cup,2026,2026-07-14 France-Spain,Spain,Nico Williams,17,MF,24-002,7,0,0,0,0,1,0,0,0,0,0,0,0,1,0,0,,,9575513b
INT-World Cup,2026,2026-07-14 France-Spain,Spain,Pau Cubarsí,22,CB,19-173,90,0,0,0,0,0,0,0,0,0,0,0,0,2,0,0,,,9575513b
INT-World Cup,2026,2026-07-14 France-Spain,Spain,Pedri,20,MF,23-231,13,0,0,0,0,0,0,0,0,0,0,0,0,1,1,0,,,9575513b
INT-World Cup,2026,2026-07-14 France-Spain,Spain,Pedro Porro,12,RB,26-304,83,1,0,0,0,2,1,0,0,0,0,0,0,1,1,0,,,9575513b
INT-World Cup,2026,2026-07-14 France-Spain,Spain,Rodri,16,DM,30-022,90,0,0,0,0,0,0,0,0,4,3,0,0,1,0,0,,,9575513b
INT-World Cup,2026,2026-07-14 France-Spain,Spain,Unai Simón,23,GK,29-033,90,0,0,0,0,0,0,0,0,0,1,0,0,0,0,0,,,9575513b
INT-World Cup,2026,2026-07-14 France-Spain,Spain,Álex Baena,15,AM,24-359,83,0,0,0,0,2,0,0,0,1,2,2,3,1,0,0,,,9575513b
INT-World Cup,2026,2026-07-15 England-Argentina,Argentina,Alexis Mac Allister,20,CM,27-203,90,0,0,0,0,3,1,0,0,0,1,0,0,0,1,0,,,47dbfe60
INT-World Cup,2026,2026-07-15 England-Argentina,Argentina,Cristian Romero,13,CB,28-079,90,0,0,0,0,0,0,1,0,2,1,0,0,3,2,0,,,47dbfe60
INT-World Cup,2026,2026-07-15 England-Argentina,Argentina,Emiliano Martínez,23,GK,33-316,90,0,0,0,0,0,0,0,0,0,1,0,0,0,0,0,,,47dbfe60
INT-World Cup,2026,2026-07-15 England-Argentina,Argentina,Enzo Fernández,24,CM,25-179,90,1,0,0,0,4,1,0,0,3,1,0,1,1,0,0,,,47dbfe60
INT-World Cup,2026,2026-07-15 England-Argentina,Argentina,Giuliano Simeone,17,FW,23-209,71,0,0,0,0,0,0,0,0,5,1,1,2,1,1,0,,,47dbfe60
INT-World Cup,2026,2026-07-15 England-Argentina,Argentina,Gonzalo Montiel,4,DF,29-195,19,0,0,0,0,0,0,0,0,0,0,0,2,0,0,0,,,47dbfe60
INT-World Cup,2026,2026-07-15 England-Argentina,Argentina,Julián Álvarez,9,FW,26-165,90,0,0,0,0,3,1,0,0,0,1,0,1,0,0,0,,,47dbfe60
INT-World Cup,2026,2026-07-15 England-Argentina,Argentina,Lautaro Martínez,22,FW,28-327,10,1,0,0,0,1,1,0,0,0,0,0,0,0,0,0,,,47dbfe60
INT-World Cup,2026,2026-07-15 England-Argentina,Argentina,Leandro Paredes,5,DM,32-016,63,0,0,0,0,1,0,0,0,2,0,0,0,2,0,0,,,47dbfe60
INT-World Cup,2026,2026-07-15 England-Argentina,Argentina,Lionel Messi,10,FW,39-021,90,0,2,0,0,1,0,0,0,0,2,1,9,1,0,0,,,47dbfe60
INT-World Cup,2026,2026-07-15 England-Argentina,Argentina,Lisandro Martínez,6,CB,28-178,71,0,0,0,0,0,0,1,0,1,0,0,0,0,0,0,,,47dbfe60
INT-World Cup,2026,2026-07-15 England-Argentina,Argentina,Nahuel Molina,26,RB,28-100,71,0,0,0,0,0,0,0,0,1,0,0,1,0,1,0,,,47dbfe60
INT-World Cup,2026,2026-07-15 England-Argentina,Argentina,Nicolás González,15,"FW,MF",28-100,27,0,0,0,0,1,1,0,0,1,0,1,0,1,0,0,,,47dbfe60
INT-World Cup,2026,2026-07-15 England-Argentina,Argentina,Nicolás Otamendi,19,DF,38-153,19,0,0,0,0,0,0,0,0,0,0,0,0,0,0,0,,,47dbfe60
INT-World Cup,2026,2026-07-15 England-Argentina,Argentina,Nicolás Tagliafico,3,LB,33-318,80,0,0,0,0,0,0,0,0,0,3,0,1,1,1,0,,,47dbfe60
INT-World Cup,2026,2026-07-15 England-Argentina,Argentina,Rodrigo De Paul,7,"FW,MF",32-052,19,0,0,0,0,1,0,1,0,0,0,0,2,0,0,0,,,47dbfe60
INT-World Cup,2026,2026-07-15 England-Argentina,England,Anthony Gordon,18,AM,25-141,71,1,0,0,0,1,1,0,0,1,1,0,2,0,0,0,,,47dbfe60
INT-World Cup,2026,2026-07-15 England-Argentina,England,Dan Burn,15,DF,34-067,9,0,0,0,0,0,0,0,0,1,0,0,0,0,0,0,,,47dbfe60
INT-World Cup,2026,2026-07-15 England-Argentina,England,Declan Rice,4,DM,27-182,82,0,0,0,0,1,1,0,0,0,0,0,2,0,2,0,,,47dbfe60
INT-World Cup,2026,2026-07-15 England-Argentina,England,Djed Spence,25,LB,25-340,89,0,0,0,0,0,0,0,0,0,1,0,1,4,2,0,,,47dbfe60
INT-World Cup,2026,2026-07-15 England-Argentina,England,Elliot Anderson,8,DM,23-251,90,0,0,0,0,0,0,1,0,2,4,0,0,2,1,0,,,47dbfe60
INT-World Cup,2026,2026-07-15 England-Argentina,England,Ezri Konsa,2,"DF,FW",28-265,19,0,0,0,0,0,0,0,0,0,0,0,2,0,1,0,,,47dbfe60
INT-World Cup,2026,2026-07-15 England-Argentina,England,Harry Kane,9,FW,32-352,90,0,0,0,0,1,0,0,0,0,1,0,1,0,0,0,,,47dbfe60
INT-World Cup,2026,2026-07-15 England-Argentina,England,Ivan Toney,22,FW,30-121,1,0,0,0,0,0,0,0,0,0,0,0,0,0,0,0,,,47dbfe60
INT-World Cup,2026,2026-07-15 England-Argentina,England,John Stones,5,CB,32-048,89,0,0,0,0,1,0,0,0,0,0,0,0,0,0,0,,,47dbfe60
INT-World Cup,2026,2026-07-15 England-Argentina,England,Jordan Pickford,1,GK,32-130,90,0,0,0,0,0,0,0,0,0,1,0,0,0,0,0,,,47dbfe60
INT-World Cup,2026,2026-07-15 England-Argentina,England,Jude Bellingham,10,AM,23-016,90,0,0,0,0,0,0,0,0,3,4,0,0,1,1,0,,,47dbfe60
INT-World Cup,2026,2026-07-15 England-Argentina,England,Marc Guéhi,6,CB,26-002,90,0,0,0,0,0,0,0,0,1,1,0,0,0,1,0,,,47dbfe60
INT-World Cup,2026,2026-07-15 England-Argentina,England,Marcus Rashford,11,"FW,MF",28-257,1,0,0,0,0,0,0,0,0,0,0,0,1,0,0,0,,,47dbfe60
INT-World Cup,2026,2026-07-15 England-Argentina,England,Morgan Rogers,17,AM,23-354,90,0,1,0,0,1,0,0,0,2,1,1,4,0,0,0,,,47dbfe60
INT-World Cup,2026,2026-07-15 England-Argentina,England,Nico O'Reilly,3,"DF,MF",21-116,8,0,0,0,0,0,0,0,0,0,0,0,0,0,0,0,,,47dbfe60
INT-World Cup,2026,2026-07-15 England-Argentina,England,Reece James,24,RB,26-219,81,0,0,0,0,0,0,0,0,1,1,0,2,1,1,0,,,47dbfe60
INT-World Cup,2026,2026-07-18 France-England,England,Bukayo Saka,7,RW,24-316,90,3,0,1,1,5,4,0,0,0,2,1,4,1,0,0,,,aba06a2a
INT-World Cup,2026,2026-07-18 France-England,England,Dean Henderson,13,GK,29-128,90,0,0,0,0,0,0,0,0,0,0,0,0,0,1,0,,,aba06a2a
INT-World Cup,2026,2026-07-18 France-England,England,Declan Rice,4,DM,27-185,90,1,1,0,0,1,1,0,0,1,0,0,5,2,3,0,,,aba06a2a
INT-World Cup,2026,2026-07-18 France-England,England,Djed Spence,25,LB,25-343,90,0,0,0,0,0,0,0,0,2,2,0,0,2,1,0,,,aba06a2a
INT-World Cup,2026,2026-07-18 France-England,England,Eberechi Eze,21,AM,28-019,78,0,1,0,0,3,0,0,0,1,1,0,0,0,0,0,,,aba06a2a
INT-World Cup,2026,2026-07-18 France-England,England,Elliot Anderson,8,MF,23-254,12,0,0,0,0,0,0,0,0,0,0,0,0,1,0,0,,,aba06a2a
INT-World Cup,2026,2026-07-18 France-England,England,Ezri Konsa,2,CB,28-268,90,1,0,0,0,1,1,0,0,1,0,0,0,2,4,0,,,aba06a2a
INT-World Cup,2026,2026-07-18 France-England,England,Ivan Toney,22,FW,30-124,78,0,0,0,0,2,1,0,0,0,3,2,0,0,0,0,,,aba06a2a
INT-World Cup,2026,2026-07-18 France-England,England,Jarell Quansah,26,RB,23-170,82,0,0,0,0,0,0,0,0,1,2,0,0,0,0,0,,,aba06a2a
INT-World Cup,2026,2026-07-18 France-England,England,Jude Bellingham,10,MF,23-019,12,1,0,0,0,2,2,0,0,0,1,0,0,0,0,0,,,aba06a2a
INT-World Cup,2026,2026-07-18 France-England,England,Marc Guéhi,6,CB,26-005,89,0,0,0,0,0,0,0,0,1,1,0,0,1,2,0,,,aba06a2a
INT-World Cup,2026,2026-07-18 France-England,England,Marcus Rashford,11,LW,28-260,45,0,1,0,0,3,2,0,0,0,0,0,2,0,0,0,,,aba06a2a
INT-World Cup,2026,2026-07-18 France-England,England,Morgan Rogers,17,AM,23-357,90,0,0,0,0,1,0,0,0,0,2,0,0,0,0,0,,,aba06a2a
INT-World Cup,2026,2026-07-18 France-England,England,Ollie Watkins,19,"FW,MF",30-200,45,0,0,0,0,1,0,0,0,1,0,0,1,1,0,0,,,aba06a2a
INT-World Cup,2026,2026-07-18 France-England,England,Reece James,24,"DF,MF",26-222,8,0,0,0,0,0,0,0,0,0,0,0,0,1,0,0,,,aba06a2a
INT-World Cup,2026,2026-07-18 France-England,England,Trevoh Chalobah,12,"DF,MF",27-013,1,0,0,0,0,0,0,0,0,0,0,0,0,0,0,0,,,aba06a2a
INT-World Cup,2026,2026-07-18 France-England,France,Adrien Rabiot,14,DM,31-106,90,0,0,0,0,1,0,0,0,2,1,0,0,2,2,0,,,aba06a2a
INT-World Cup,2026,2026-07-18 France-England,France,Bradley Barcola,12,"FW,MF",23-319,45,1,0,0,0,2,1,0,0,2,0,0,0,1,0,0,,,aba06a2a
INT-World Cup,2026,2026-07-18 France-England,France,Dayot Upamecano,4,DF,27-264,45,0,1,0,0,1,1,0,0,1,0,0,0,1,2,0,,,aba06a2a
INT-World Cup,2026,2026-07-18 France-England,France,Désiré Doué,20,AM,21-045,45,0,0,0,0,0,0,0,0,1,2,0,0,0,0,0,,,aba06a2a
INT-World Cup,2026,2026-07-18 France-England,France,Ibrahima Konaté,15,CB,27-054,45,0,0,0,0,0,0,0,0,2,1,0,0,0,0,0,,,aba06a2a
INT-World Cup,2026,2026-07-18 France-England,France,Jules Koundé,5,DF,27-248,1,0,0,0,0,0,0,0,0,0,0,0,0,0,0,0,,,aba06a2a
INT-World Cup,2026,2026-07-18 France-England,France,Kylian Mbappé,10,FW,27-210,90,2,1,0,0,8,4,0,0,0,0,2,0,0,0,0,,,aba06a2a
INT-World Cup,2026,2026-07-18 France-England,France,Lucas Digne,3,"DF,MF",32-363,45,0,0,0,0,0,0,0,0,2,0,0,1,0,1,0,,,aba06a2a
INT-World Cup,2026,2026-07-18 France-England,France,Malo Gusto,2,RB,23-060,89,0,0,0,0,0,0,0,0,2,2,0,2,3,1,0,,,aba06a2a
INT-World Cup,2026,2026-07-18 France-England,France,Maxence Lacroix,26,CB,26-103,90,0,0,0,0,0,0,0,0,1,0,0,0,1,1,0,,,aba06a2a
INT-World Cup,2026,2026-07-18 France-England,France,Michael Olise,11,AM,24-218,90,0,2,0,0,3,0,0,0,1,0,0,0,2,0,0,,,aba06a2a
INT-World Cup,2026,2026-07-18 France-England,France,Mike Maignan,16,GK,31-015,90,0,0,0,0,0,0,0,0,0,0,0,0,0,0,0,,,aba06a2a
INT-World Cup,2026,2026-07-18 France-England,France,Ousmane Dembélé,7,"FW,MF",29-064,45,1,0,0,0,2,2,0,0,0,1,1,2,0,0,0,,,aba06a2a
INT-World Cup,2026,2026-07-18 France-England,France,Rayan Cherki,24,AM,22-335,45,0,0,0,0,1,1,0,0,0,1,0,0,0,0,0,,,aba06a2a
INT-World Cup,2026,2026-07-18 France-England,France,Theo Hernández,19,LB,28-285,45,0,0,0,0,0,0,0,0,0,0,0,1,0,1,0,,,aba06a2a
INT-World Cup,2026,2026-07-18 France-England,France,Warren Zaïre-Emery,18,DM,20-132,90,0,0,0,0,1,0,0,0,0,0,0,0,0,0,0,,,aba06a2a
INT-World Cup,2026,2026-07-19 Spain-Argentina,Argentina,Alexis Mac Allister,20,CM,27-207,120,0,0,0,0,0,0,1,0,3,2,0,0,2,1,0,,,bedbfe84
INT-World Cup,2026,2026-07-19 Spain-Argentina,Argentina,Cristian Romero,13,CB,28-083,69,0,0,0,0,0,0,1,0,0,0,0,0,0,0,0,,,bedbfe84
INT-World Cup,2026,2026-07-19 Spain-Argentina,Argentina,Emiliano Martínez,23,GK,33-320,120,0,0,0,0,0,0,0,0,0,0,0,0,0,0,0,,,bedbfe84
INT-World Cup,2026,2026-07-19 Spain-Argentina,Argentina,Enzo Fernández,24,CM,25-183,89,0,0,0,0,0,0,2,1,3,1,0,0,1,2,0,,,bedbfe84
INT-World Cup,2026,2026-07-19 Spain-Argentina,Argentina,Facundo Medina,25,DF,27-052,51,0,0,0,0,0,0,0,0,0,0,0,1,1,1,0,,,bedbfe84
INT-World Cup,2026,2026-07-19 Spain-Argentina,Argentina,Giuliano Simeone,17,"FW,MF",23-213,51,0,0,0,0,1,0,0,0,3,0,0,0,2,0,0,,,bedbfe84
INT-World Cup,2026,2026-07-19 Spain-Argentina,Argentina,Gonzalo Montiel,4,RB,29-199,57,0,0,0,0,0,0,0,0,1,2,0,0,1,2,0,,,bedbfe84
INT-World Cup,2026,2026-07-19 Spain-Argentina,Argentina,Julián Álvarez,9,FW,26-169,101,0,0,0,0,0,0,0,0,3,1,0,0,1,1,0,,,bedbfe84
INT-World Cup,2026,2026-07-19 Spain-Argentina,Argentina,Leandro Paredes,5,MF,32-020,75,0,0,0,0,0,0,1,0,4,1,0,1,1,2,0,,,bedbfe84
INT-World Cup,2026,2026-07-19 Spain-Argentina,Argentina,Lionel Messi,10,FW,39-025,120,0,0,0,0,1,0,0,0,1,4,0,5,1,0,0,,,bedbfe84
INT-World Cup,2026,2026-07-19 Spain-Argentina,Argentina,Lisandro Martínez,6,CB,28-182,43,0,0,0,0,0,0,1,0,1,0,0,0,1,1,0,,,bedbfe84
INT-World Cup,2026,2026-07-19 Spain-Argentina,Argentina,Marcos Senesi,2,DF,29-070,19,0,0,0,0,0,0,0,0,0,1,0,0,0,0,0,,,bedbfe84
INT-World Cup,2026,2026-07-19 Spain-Argentina,Argentina,Nahuel Molina,26,"DF,MF",28-104,63,0,0,0,0,0,0,0,0,0,0,0,0,1,2,0,,,bedbfe84
INT-World Cup,2026,2026-07-19 Spain-Argentina,Argentina,Nicolás González,15,LW,28-104,45,0,0,0,0,0,0,0,0,0,1,1,0,0,0,0,,,bedbfe84
INT-World Cup,2026,2026-07-19 Spain-Argentina,Argentina,Nicolás Otamendi,19,DF,38-157,77,0,0,0,0,0,0,0,0,1,4,0,0,0,1,0,,,bedbfe84
INT-World Cup,2026,2026-07-19 Spain-Argentina,Argentina,Nicolás Tagliafico,3,LB,33-322,120,0,0,0,0,0,0,0,0,5,3,0,0,2,3,0,,,bedbfe84
INT-World Cup,2026,2026-07-19 Spain-Argentina,Argentina,Rodrigo De Paul,7,RW,32-056,69,0,0,0,0,0,0,0,0,0,1,0,1,0,0,0,,,bedbfe84
INT-World Cup,2026,2026-07-19 Spain-Argentina,Spain,Aymeric Laporte,14,CB,32-053,98,0,0,0,0,1,1,0,0,1,2,0,0,0,2,0,,,bedbfe84
INT-World Cup,2026,2026-07-19 Spain-Argentina,Spain,Dani Olmo,10,AM,28-073,74,0,0,0,0,2,1,0,0,1,2,0,1,0,0,0,,,bedbfe84
INT-World Cup,2026,2026-07-19 Spain-Argentina,Spain,Eric García,4,"DF,MF",25-191,22,0,0,0,0,0,0,0,0,1,0,0,0,0,1,0,,,bedbfe84
INT-World Cup,2026,2026-07-19 Spain-Argentina,Spain,Fabián Ruiz Peña,8,DM,30-107,61,0,0,0,0,0,0,0,0,0,0,0,1,0,1,0,,,bedbfe84
INT-World Cup,2026,2026-07-19 Spain-Argentina,Spain,Ferran Torres,7,"FW,MF",26-140,59,1,0,0,0,3,2,0,0,1,2,1,0,0,0,0,,,bedbfe84
INT-World Cup,2026,2026-07-19 Spain-Argentina,Spain,Lamine Yamal,19,AM,19-006,120,0,0,0,0,4,2,0,0,2,1,0,5,3,0,0,,,bedbfe84
INT-World Cup,2026,2026-07-19 Spain-Argentina,Spain,Marc Cucurella,24,LB,27-362,120,0,0,0,0,1,0,0,0,1,2,1,2,0,2,0,,,bedbfe84
INT-World Cup,2026,2026-07-19 Spain-Argentina,Spain,Martín Zubimendi,18,MF,27-167,22,0,0,0,0,0,0,0,0,0,0,0,0,0,1,0,,,bedbfe84
INT-World Cup,2026,2026-07-19 Spain-Argentina,Spain,Mikel Merino,6,MF,30-027,46,0,0,0,0,1,0,0,0,1,3,0,0,0,0,0,,,bedbfe84
INT-World Cup,2026,2026-07-19 Spain-Argentina,Spain,Mikel Oyarzabal,21,FW,29-089,61,0,0,0,0,1,1,0,0,1,1,1,0,1,0,0,,,bedbfe84
INT-World Cup,2026,2026-07-19 Spain-Argentina,Spain,Nico Williams,17,MF,24-007,46,0,1,0,0,3,2,0,0,2,0,1,5,0,1,0,,,bedbfe84
INT-World Cup,2026,2026-07-19 Spain-Argentina,Spain,Pau Cubarsí,22,CB,19-178,120,0,0,0,0,1,1,0,0,0,3,0,0,1,0,0,,,bedbfe84
INT-World Cup,2026,2026-07-19 Spain-Argentina,Spain,Pedri,20,MF,23-236,59,0,0,0,0,1,1,0,0,1,0,0,0,1,1,0,,,bedbfe84
INT-World Cup,2026,2026-07-19 Spain-Argentina,Spain,Pedro Porro,12,RB,26-309,120,0,0,0,0,0,0,0,0,3,3,0,6,2,2,0,,,bedbfe84
INT-World Cup,2026,2026-07-19 Spain-Argentina,Spain,Rodri,16,DM,30-027,98,0,0,0,0,1,0,0,0,2,3,0,0,3,0,0,,,bedbfe84
INT-World Cup,2026,2026-07-19 Spain-Argentina,Spain,Unai Simón,23,GK,29-038,120,0,0,0,0,0,0,0,0,0,0,0,0,0,0,0,,,bedbfe84
INT-World Cup,2026,2026-07-19 Spain-Argentina,Spain,Álex Baena,15,AM,24-364,74,0,0,0,0,1,1,0,0,4,1,0,7,0,0,0,,,bedbfe84
